Keyword,Avg. monthly search,Jul 2025,Aug 2025,Sep 2025,Okt 2025,Nov 2025,Dec 2025,Jan 2026,Feb 2026,Mrt 2026,Apr 2026,Mei 2026,Jun 2026
wedding guest dresses,246000,368000,301000,201000,135000,74000,60500,201000,246000,301000,301000,368000,301000
dresses,165000,201000,165000,165000,135000,165000,165000,201000,165000,201000,165000,201000,201000
cardigan,74000,74000,110000,135000,90500,90500,90500,74000,60500,74000,74000,74000,60500
cardigan clothes,74000,74000,110000,135000,90500,90500,90500,74000,60500,74000,74000,74000,60500
cardigans clothing,74000,74000,110000,135000,90500,90500,90500,74000,60500,74000,74000,74000,60500
hoodies,110000,60500,90500,135000,135000,201000,165000,90500,74000,90500,74000,60500,49500
womens trainers,110000,74000,90500,110000,90500,165000,165000,90500,90500,110000,90500,90500,74000
jeans,90500,60500,74000,135000,90500,110000,110000,90500,74000,90500,74000,60500,49500
shorts,90500,110000,74000,60500,60500,60500,74000,74000,74000,90500,110000,135000,135000
maxi dresses,74000,110000,74000,60500,49500,60500,49500,60500,60500,90500,90500,110000,110000
festival outfits,40500,110000,74000,14800,5400,6600,8100,12100,12100,22200,40500,74000,74000
trench coat,74000,33100,60500,110000,110000,110000,74000,60500,60500,74000,60500,40500,27100
trench jacket,74000,33100,60500,110000,110000,110000,74000,60500,60500,74000,60500,40500,27100
trench trench coat,74000,33100,60500,110000,110000,110000,74000,60500,60500,74000,60500,40500,27100
black dress,74000,74000,60500,74000,90500,90500,74000,74000,60500,74000,60500,60500,60500
tracksuit,74000,49500,60500,90500,110000,135000,135000,74000,60500,74000,49500,49500,40500
coat,74000,33100,60500,135000,135000,201000,110000,90500,60500,49500,33100,27100,27100
white dress,60500,90500,60500,49500,49500,33100,33100,49500,49500,60500,60500,74000,74000
denim dress,49500,74000,60500,49500,33100,22200,14800,27100,40500,60500,60500,60500,60500
mens tracksuits,74000,33100,49500,90500,110000,165000,165000,74000,60500,60500,49500,40500,33100
leather jackets,60500,40500,49500,74000,90500,74000,74000,60500,60500,74000,74000,60500,33100
jackets leather,60500,40500,49500,74000,90500,74000,74000,60500,60500,74000,74000,60500,33100
jacket leder,60500,40500,49500,74000,90500,74000,74000,60500,60500,74000,74000,60500,33100
women clothing,60500,49500,49500,49500,60500,60500,74000,49500,49500,60500,60500,49500,49500
leather jacket,60500,40500,49500,74000,90500,74000,74000,60500,60500,74000,74000,60500,33100
jacket,60500,33100,49500,90500,90500,110000,90500,60500,60500,74000,60500,40500,33100
mother of the bride dresses,49500,60500,49500,40500,40500,27100,22200,90500,74000,60500,60500,49500,40500
mens shorts,49500,90500,49500,27100,18100,18100,18100,18100,22200,40500,60500,90500,90500
baby clothes,49500,49500,49500,60500,49500,60500,60500,60500,49500,49500,40500,40500,40500
midi dress,49500,60500,49500,40500,33100,33100,27100,33100,33100,49500,60500,60500,60500
jumpsuits,49500,60500,49500,49500,49500,60500,49500,49500,49500,49500,49500,60500,49500
skirts,49500,60500,49500,49500,49500,49500,49500,40500,40500,49500,40500,49500,49500
apricot clothing,49500,60500,49500,40500,40500,49500,49500,49500,40500,49500,60500,74000,60500
sainsbury's clothing,49500,49500,49500,49500,60500,60500,60500,33100,33100,40500,40500,49500,40500
swimsuits,40500,49500,49500,33100,27100,27100,27100,40500,33100,40500,40500,49500,49500
windbreakers,40500,49500,49500,49500,40500,33100,27100,27100,33100,49500,49500,49500,40500
white womens trainers,40500,49500,49500,40500,27100,33100,33100,33100,33100,49500,60500,60500,49500
girls coats,27100,14800,49500,60500,40500,49500,33100,33100,18100,12100,8100,5400,5400
knee high boots,60500,27100,40500,110000,135000,135000,110000,60500,40500,33100,22200,18100,14800
womens coats,60500,14800,40500,110000,135000,165000,135000,90500,49500,33100,14800,12100,8100
bomber jacket,49500,27100,40500,60500,60500,74000,49500,49500,40500,49500,49500,40500,27100
waterproof jacket,49500,40500,40500,90500,60500,60500,40500,40500,40500,27100,22200,27100,40500
mini dress,49500,49500,40500,40500,40500,49500,49500,40500,40500,49500,49500,60500,60500
arne clothing,49500,27100,40500,49500,49500,90500,90500,60500,40500,40500,40500,40500,40500
weatherproof jacket,49500,40500,40500,90500,60500,60500,40500,40500,40500,27100,22200,27100,40500
maternity clothes,40500,33100,40500,40500,33100,33100,40500,40500,40500,40500,40500,33100,27100
polo shirts,40500,49500,40500,33100,27100,33100,33100,22200,22200,33100,33100,49500,49500
pink dress,40500,49500,40500,33100,33100,22200,18100,40500,40500,49500,49500,49500,49500
mens t shirts,40500,49500,40500,33100,27100,49500,60500,22200,27100,33100,40500,60500,49500
linen trousers,40500,60500,40500,18100,12100,12100,12100,18100,22200,40500,49500,74000,74000
tank top,40500,49500,40500,33100,33100,33100,33100,33100,33100,40500,40500,49500,49500
women dresses,40500,49500,40500,33100,33100,40500,40500,33100,33100,40500,40500,49500,49500
baby clothes for boys,40500,33100,40500,40500,40500,40500,40500,40500,40500,40500,40500,33100,33100
polka dot dress,40500,49500,40500,22200,18100,12100,9900,18100,27100,49500,74000,74000,60500
denim shorts,33100,60500,40500,14800,12100,8100,8100,14800,18100,27100,40500,74000,60500
mens swimming shorts,33100,49500,40500,33100,22200,22200,22200,27100,27100,27100,33100,49500,49500
denim skirts,33100,60500,40500,33100,27100,22200,18100,22200,22200,33100,40500,49500,40500
dresses for occasions,33100,49500,40500,33100,27100,18100,12100,27100,33100,40500,40500,49500,40500
chino's,33100,40500,40500,33100,33100,33100,33100,27100,27100,33100,33100,33100,33100
mens hoodies,60500,22200,33100,74000,74000,135000,165000,49500,40500,40500,33100,27100,22200
puffer jacket,49500,14800,33100,74000,74000,110000,74000,60500,33100,22200,14800,12100,9900
going out tops,49500,27100,33100,49500,49500,60500,60500,60500,74000,74000,49500,40500,33100
pyjamas,49500,33100,33100,49500,60500,90500,110000,49500,40500,40500,27100,33100,27100
womens tracksuits,49500,18100,33100,60500,60500,90500,90500,49500,40500,40500,27100,22200,18100
chelsea boots boots,40500,22200,33100,60500,60500,74000,74000,49500,33100,33100,22200,22200,18100
mens jeans,40500,27100,33100,49500,60500,74000,90500,40500,40500,40500,33100,27100,22200
red dress,40500,40500,33100,33100,40500,49500,60500,40500,49500,33100,33100,33100,33100
black tie dresses,40500,27100,33100,49500,60500,74000,33100,49500,40500,40500,40500,40500,33100
party dresses,40500,33100,33100,40500,60500,110000,74000,40500,33100,33100,27100,27100,27100
monsoon dresses,40500,49500,33100,27100,27100,27100,22200,33100,27100,33100,40500,60500,60500
pea coat,40500,18100,33100,49500,90500,60500,49500,40500,27100,22200,14800,12100,9900
men's jeans,40500,27100,33100,49500,60500,74000,90500,40500,40500,40500,33100,27100,22200
baggy jeans,33100,33100,33100,40500,40500,49500,49500,33100,27100,33100,27100,22200,22200
baby girl clothes,33100,33100,33100,33100,33100,40500,40500,40500,33100,33100,33100,33100,27100
shirts,33100,33100,33100,33100,27100,33100,27100,27100,27100,33100,33100,33100,33100
work trousers,33100,27100,33100,49500,40500,40500,27100,40500,33100,33100,27100,27100,27100
trousers,33100,33100,33100,49500,40500,40500,40500,33100,33100,40500,33100,33100,27100
blouses,33100,33100,33100,33100,27100,27100,27100,33100,33100,40500,33100,40500,33100
smart casual,33100,40500,33100,40500,40500,40500,27100,27100,27100,33100,33100,33100,40500
nutmeg clothing,33100,33100,33100,40500,49500,40500,40500,27100,27100,33100,33100,40500,33100
shirt dress,27100,49500,33100,27100,22200,18100,18100,18100,22200,27100,33100,40500,40500
dress shirt dress,27100,49500,33100,27100,22200,18100,18100,18100,22200,27100,33100,40500,40500
dress with shirt,27100,49500,33100,27100,22200,18100,18100,18100,22200,27100,33100,40500,40500
dress and shirt,27100,49500,33100,27100,22200,18100,18100,18100,22200,27100,33100,40500,40500
shirt and dress,27100,49500,33100,27100,22200,18100,18100,18100,22200,27100,33100,40500,40500
mens polo shirts,27100,33100,33100,22200,18100,33100,33100,14800,18100,22200,27100,33100,33100
winter coats,27100,12100,33100,74000,60500,74000,33100,27100,9900,5400,3600,3600,3600
holiday dresses,27100,40500,33100,22200,12100,8100,8100,18100,22200,27100,33100,49500,40500
suedette jacket,22200,8100,33100,49500,33100,22200,18100,18100,18100,27100,22200,14800,8100
suede jacket,22200,8100,33100,49500,33100,22200,18100,18100,18100,27100,22200,14800,8100
airport outfits,18100,33100,33100,22200,12100,6600,5400,8100,8100,12100,18100,27100,33100
mens jackets,49500,18100,27100,60500,74000,110000,110000,60500,49500,49500,33100,27100,18100
anna wintour,49500,60500,27100,49500,74000,27100,40500,22200,22200,33100,60500,135000,18100
boots docmart,40500,18100,27100,49500,60500,90500,74000,49500,27100,22200,18100,14800,12100
black boots,33100,22200,27100,49500,74000,74000,60500,40500,27100,22200,18100,14800,14800
leggings,33100,22200,27100,33100,33100,40500,40500,33100,27100,27100,27100,22200,18100
mens cargo trousers,33100,27100,27100,40500,40500,49500,49500,33100,27100,33100,27100,27100,22200
maternity dresses,27100,33100,27100,27100,22200,22200,22200,27100,27100,33100,33100,33100,27100
gym clothes,27100,27100,27100,27100,27100,33100,33100,40500,27100,27100,27100,22200,22200
denim jacket,27100,27100,27100,27100,22200,18100,18100,18100,22200,40500,49500,40500,27100
sweatshirt,27100,18100,27100,40500,33100,40500,33100,27100,22200,27100,22200,18100,14800
flare jeans,27100,22200,27100,33100,33100,33100,33100,33100,27100,27100,22200,18100,14800
running shorts,27100,33100,27100,22200,14800,18100,18100,22200,22200,33100,40500,40500,33100
birthday dress,27100,27100,27100,33100,33100,27100,22200,40500,27100,27100,27100,27100,22200
black dresses for women,27100,27100,27100,33100,33100,33100,27100,27100,27100,27100,22200,22200,22200
maxi skirts,27100,40500,27100,18100,14800,14800,14800,18100,18100,27100,33100,40500,40500
disturbia clothing,27100,18100,27100,27100,27100,27100,27100,27100,27100,22200,22200,33100,33100
polo tracksuit,27100,22200,27100,40500,40500,60500,49500,27100,22200,22200,18100,14800,12100
ax paris dresses,27100,33100,27100,18100,18100,22200,14800,18100,22200,33100,40500,40500,40500
smart casual men,27100,33100,27100,33100,33100,33100,27100,22200,22200,27100,27100,27100,27100
summer dress for women,27100,49500,27100,12100,8100,8100,9900,22200,22200,27100,40500,60500,60500
runway,27100,27100,27100,27100,27100,22200,27100,40500,33100,33100,33100,33100,33100
dungaree,27100,33100,27100,27100,33100,22200,22200,27100,27100,33100,33100,27100,27100
morrisons clothes,27100,22200,27100,27100,33100,33100,33100,18100,18100,22200,22200,27100,22200
smart casual attire men,27100,33100,27100,33100,33100,33100,27100,22200,22200,27100,27100,27100,27100
wide leg trousers,22200,27100,27100,33100,27100,22200,18100,22200,18100,22200,22200,22200,18100
wide leg dress trousers,22200,27100,27100,33100,27100,22200,18100,22200,18100,22200,22200,22200,18100
yellow dress,22200,49500,27100,14800,14800,6600,6600,12100,14800,27100,33100,40500,40500
white dress for women,22200,33100,27100,18100,18100,12100,12100,18100,18100,22200,27100,27100,33100
wedding guest outfit,22200,33100,27100,22200,12100,8100,5400,22200,22200,33100,33100,27100,22200
halter neck dress,22200,40500,27100,14800,14800,14800,12100,14800,18100,22200,27100,40500,40500
swimming shorts,22200,40500,27100,22200,14800,12100,12100,18100,18100,22200,22200,33100,33100
tunics,22200,27100,27100,27100,27100,22200,18100,27100,22200,22200,22200,22200,22200
tunic clothing,22200,27100,27100,27100,27100,22200,18100,27100,22200,22200,22200,22200,22200
nutmeg morrisons,22200,22200,27100,27100,27100,22200,27100,22200,22200,22200,22200,27100,22200
cargo shorts,18100,40500,27100,12100,8100,6600,5400,6600,8100,14800,22200,40500,40500
mens cargo shorts,18100,40500,27100,12100,6600,5400,4400,6600,8100,14800,22200,40500,33100
womens shorts,18100,40500,27100,9900,6600,5400,5400,9900,9900,14800,22200,40500,40500
boys coats,18100,9900,27100,40500,27100,40500,27100,22200,12100,8100,4400,3600,3600
men's cargo shorts,18100,40500,27100,12100,6600,5400,4400,6600,8100,14800,22200,40500,33100
girls raincoat,12100,14800,27100,33100,5400,3600,1900,2900,5400,9900,12100,12100,22200
mens coats,49500,9900,22200,74000,90500,165000,110000,60500,33100,22200,12100,8100,6600
fur coat,40500,9900,22200,40500,60500,110000,110000,60500,33100,14800,9900,6600,5400
arcteryx jacket,33100,14800,22200,49500,49500,60500,49500,40500,33100,22200,18100,14800,14800
sequin dresses,33100,27100,22200,27100,33100,60500,60500,22200,14800,18100,22200,27100,27100
formal dresses,27100,22200,22200,33100,27100,33100,18100,33100,27100,33100,27100,27100,22200
pajamas,27100,18100,22200,27100,33100,60500,49500,33100,22200,22200,18100,18100,14800
harrington jacket,27100,18100,22200,27100,27100,33100,27100,27100,22200,33100,33100,27100,18100
terraces menswear,27100,22200,22200,27100,33100,49500,40500,27100,22200,27100,27100,27100,27100
corset dresses,27100,27100,22200,22200,27100,27100,22200,27100,27100,27100,27100,33100,27100
harriton jacket,27100,18100,22200,27100,27100,33100,27100,27100,22200,33100,33100,27100,18100
wide leg jeans,22200,14800,22200,27100,27100,22200,22200,22200,18100,22200,18100,14800,9900
black jeans,22200,14800,22200,27100,33100,40500,33100,27100,22200,22200,18100,14800,12100
green dress,22200,27100,22200,18100,22200,18100,14800,14800,18100,22200,22200,22200,22200
vintage clothing,22200,22200,22200,27100,22200,22200,18100,18100,18100,18100,18100,18100,14800
petite dresses,22200,33100,22200,18100,14800,14800,12100,14800,18100,22200,27100,33100,33100
mini skirt,22200,27100,22200,22200,27100,27100,27100,22200,18100,22200,18100,22200,22200
holiday clothes,22200,22200,22200,18100,9900,8100,8100,22200,22200,27100,33100,33100,27100
gym clothes for women,22200,22200,22200,22200,22200,27100,33100,33100,22200,22200,22200,18100,18100
womens gym wear,22200,22200,22200,22200,22200,27100,33100,33100,22200,22200,22200,18100,18100
midi skirts,22200,27100,22200,18100,14800,14800,14800,18100,18100,27100,33100,40500,40500
mens designer t shirts,22200,27100,22200,18100,18100,27100,27100,12100,14800,18100,18100,27100,22200
races dresses,22200,33100,22200,9900,2900,2900,2900,14800,22200,49500,40500,33100,40500
brown dresses,22200,18100,22200,33100,33100,33100,22200,22200,18100,22200,18100,22200,22200
toast clothes,22200,22200,22200,22200,22200,22200,27100,27100,18100,22200,22200,27100,27100
ladies gym clothes,22200,22200,22200,22200,22200,27100,33100,33100,22200,22200,22200,18100,18100
cropped trench coat,18100,8100,22200,33100,22200,14800,12100,9900,12100,27100,22200,14800,8100
cropped trench jacket,18100,8100,22200,33100,22200,14800,12100,9900,12100,27100,22200,14800,8100
trenchcoat cropped,18100,8100,22200,33100,22200,14800,12100,9900,12100,27100,22200,14800,8100
cargo pants,18100,22200,22200,22200,22200,22200,22200,18100,14800,18100,18100,18100,14800
low rise jeans,18100,18100,22200,22200,22200,22200,22200,18100,18100,22200,18100,14800,12100
rave outfits,18100,27100,22200,18100,18100,18100,12100,18100,18100,18100,18100,18100,14800
linen shirt,18100,40500,22200,12100,8100,6600,6600,9900,9900,14800,22200,40500,49500
plus size wedding guest dresses,18100,27100,22200,18100,9900,6600,4400,12100,14800,18100,22200,27100,22200
halter neck top,18100,27100,22200,14800,12100,12100,14800,14800,14800,18100,22200,33100,33100
smart casual women,18100,22200,22200,22200,22200,22200,14800,18100,18100,22200,18100,18100,22200
plus size wedding guest outfits,18100,27100,22200,18100,9900,6600,4400,12100,14800,18100,22200,27100,22200
preppy,18100,27100,22200,22200,22200,18100,18100,18100,14800,18100,14800,14800,12100
smart casual attire women,18100,22200,22200,22200,22200,22200,14800,18100,18100,22200,18100,18100,22200
beach dresses,14800,27100,22200,9900,6600,5400,5400,12100,12100,12100,14800,27100,27100
vest tops women,14800,27100,22200,14800,9900,8100,8100,9900,9900,12100,18100,27100,27100
ladies vest tops,14800,27100,22200,14800,9900,8100,8100,9900,9900,12100,18100,27100,27100
autumn wedding guest dresses,9900,9900,22200,40500,22200,5400,1600,3600,3600,2900,3600,4400,5400
womens jumpers,33100,8100,18100,49500,60500,74000,90500,40500,22200,18100,12100,8100,5400
puffer jacket women,33100,8100,18100,49500,60500,74000,49500,49500,22200,18100,9900,8100,5400
ladies dressing gowns,33100,12100,18100,40500,40500,90500,90500,33100,22200,22200,14800,14800,12100
ladies puffer jacket,33100,8100,18100,49500,60500,74000,49500,49500,22200,18100,9900,8100,5400
brown knee high boots,27100,8100,18100,49500,60500,60500,40500,22200,14800,12100,8100,6600,4400
brown knee boots,27100,8100,18100,49500,60500,60500,40500,22200,14800,12100,8100,6600,4400
brown high boots,27100,8100,18100,49500,60500,60500,40500,22200,14800,12100,8100,6600,4400
high knee boots brown,27100,8100,18100,49500,60500,60500,40500,22200,14800,12100,8100,6600,4400
long sleeve dress,27100,18100,18100,33100,40500,40500,33100,33100,27100,27100,22200,22200,18100
longsleeve dress,27100,18100,18100,33100,40500,40500,33100,33100,27100,27100,22200,22200,18100
large sleeve dress,27100,18100,18100,33100,40500,40500,33100,33100,27100,27100,22200,22200,18100
lounge wear,27100,14800,18100,27100,33100,49500,49500,27100,22200,22200,14800,14800,12100
party dresses for women,27100,18100,18100,27100,40500,60500,40500,22200,18100,18100,18100,18100,18100
waterproof trousers,27100,14800,18100,49500,40500,49500,33100,40500,33100,22200,14800,18100,22200
long sleeve tops,27100,12100,18100,33100,33100,33100,33100,27100,22200,27100,22200,22200,18100
party dresses for ladies,27100,18100,18100,27100,40500,60500,40500,22200,18100,18100,18100,18100,18100
trench coat women,22200,8100,18100,40500,33100,27100,27100,22200,22200,33100,27100,14800,9900
barrel jeans,22200,12100,18100,27100,27100,22200,18100,22200,27100,27100,22200,18100,14800
ankle boots,22200,9900,18100,40500,40500,49500,33100,27100,18100,14800,9900,8100,6600
female trench coat,22200,8100,18100,40500,33100,27100,27100,22200,22200,33100,27100,14800,9900
jeans barrel,22200,12100,18100,27100,27100,22200,18100,22200,27100,27100,22200,18100,14800
trench jacket ladies,22200,8100,18100,40500,33100,27100,27100,22200,22200,33100,27100,14800,9900
boot for ankle,22200,9900,18100,40500,40500,49500,33100,27100,18100,14800,9900,8100,6600
ladies trenchcoats,22200,8100,18100,40500,33100,27100,27100,22200,22200,33100,27100,14800,9900
waterproof rain coats men,22200,14800,18100,40500,27100,33100,27100,18100,18100,12100,8100,9900,12100
girls dresses,22200,27100,18100,18100,18100,22200,27100,18100,22200,33100,22200,27100,22200
girls clothes,22200,14800,18100,22200,22200,33100,33100,14800,18100,22200,18100,14800,14800
black mini dress,22200,18100,18100,22200,33100,33100,33100,22200,22200,22200,18100,14800,18100
puffer coat,22200,5400,18100,40500,40500,60500,33100,33100,14800,8100,4400,3600,2900
mens waterproof jacket,22200,14800,18100,40500,27100,33100,27100,18100,18100,12100,8100,9900,12100
capri pants,22200,22200,18100,9900,9900,9900,6600,8100,9900,27100,49500,60500,49500
golden dress,22200,18100,18100,22200,22200,27100,27100,22200,18100,18100,18100,18100,18100
brown pleather jacket,18100,8100,18100,33100,33100,27100,22200,18100,18100,18100,14800,9900,5400
brown leather coats,18100,8100,18100,33100,33100,27100,22200,18100,18100,18100,14800,9900,5400
leather coat brown,18100,8100,18100,33100,33100,27100,22200,18100,18100,18100,14800,9900,5400
browns leather jacket,18100,8100,18100,33100,33100,27100,22200,18100,18100,18100,14800,9900,5400
brown colour leather jacket,18100,8100,18100,33100,33100,27100,22200,18100,18100,18100,14800,9900,5400
long sleeve maxi dress,18100,22200,18100,18100,18100,18100,18100,18100,14800,18100,18100,22200,18100
long sleeve maxi gown,18100,22200,18100,18100,18100,18100,18100,18100,14800,18100,18100,22200,18100
long sleeve long maxi dress,18100,22200,18100,18100,18100,18100,18100,18100,14800,18100,18100,22200,18100
maxi long dress with sleeves,18100,22200,18100,18100,18100,18100,18100,18100,14800,18100,18100,22200,18100
brown leather coat,18100,8100,18100,33100,33100,27100,22200,18100,18100,18100,14800,9900,5400
brown leather overcoat,18100,8100,18100,33100,33100,27100,22200,18100,18100,18100,14800,9900,5400
plus size clothing,18100,18100,18100,18100,14800,14800,14800,14800,14800,18100,22200,22200,18100
kids clothes,18100,18100,18100,22200,22200,33100,27100,14800,14800,22200,18100,18100,12100
workwear,18100,18100,18100,27100,27100,22200,14800,22200,18100,18100,18100,14800,14800
flare leggings,18100,12100,18100,22200,27100,27100,22200,22200,18100,18100,14800,14800,12100
sweaters,18100,12100,18100,27100,27100,33100,33100,18100,18100,14800,12100,12100,12100
quilted jacket,18100,9900,18100,33100,33100,27100,18100,18100,18100,27100,22200,14800,6600
winter coats women,18100,6600,18100,49500,49500,49500,22200,22200,8100,4400,2400,1900,2400
pants,18100,27100,18100,18100,22200,22200,22200,18100,18100,18100,18100,18100,18100
boys clothes,18100,14800,18100,22200,22200,27100,27100,14800,14800,22200,18100,14800,12100
custom tee shirts,18100,18100,18100,14800,14800,18100,22200,12100,12100,14800,14800,18100,18100
women's suits,18100,18100,18100,22200,22200,18100,14800,22200,18100,22200,18100,18100,14800
brown leather jacket,18100,8100,18100,33100,33100,27100,22200,18100,18100,18100,14800,9900,5400
mens clothing sale,18100,18100,18100,18100,18100,27100,40500,22200,14800,18100,14800,14800,14800
baby clothes sale,18100,18100,18100,18100,18100,18100,27100,22200,14800,18100,14800,12100,14800
womens waterproof jacket,18100,14800,18100,49500,22200,22200,18100,14800,14800,12100,8100,12100,14800
linen trousers women,18100,33100,18100,9900,5400,4400,4400,9900,9900,18100,27100,40500,33100
holiday clothes women,18100,18100,18100,14800,9900,6600,8100,22200,22200,22200,27100,27100,22200
black trousers women,18100,14800,18100,22200,22200,22200,18100,22200,18100,18100,14800,14800,12100
white shirts,18100,22200,18100,18100,22200,18100,14800,14800,14800,18100,18100,18100,22200
quilted coat,18100,9900,18100,33100,33100,27100,18100,18100,18100,27100,22200,14800,6600
womens clothes sale,18100,18100,18100,14800,14800,14800,33100,22200,14800,14800,14800,12100,14800
black skirts,18100,18100,18100,22200,33100,27100,33100,18100,14800,14800,12100,12100,14800
holiday wear for women,18100,18100,18100,14800,9900,6600,8100,22200,22200,22200,27100,27100,22200
ladies holiday clothes,18100,18100,18100,14800,9900,6600,8100,22200,22200,22200,27100,27100,22200
plus size dress clothes,18100,18100,18100,18100,14800,14800,14800,14800,14800,18100,22200,22200,18100
ladies clothes sale,18100,18100,18100,14800,14800,14800,33100,22200,14800,14800,14800,12100,14800
black cardigan,14800,12100,18100,22200,18100,18100,14800,14800,12100,14800,14800,12100,8100
black cardigan sweater,14800,12100,18100,22200,18100,18100,14800,14800,12100,14800,14800,12100,8100
female loafers,14800,12100,18100,22200,18100,14800,14800,14800,14800,22200,18100,14800,9900
ladies slip on loafers,14800,12100,18100,22200,18100,14800,14800,14800,14800,22200,18100,14800,9900
women in loafers,14800,12100,18100,22200,18100,14800,14800,14800,14800,22200,18100,14800,9900
plus size dresses,14800,22200,18100,14800,12100,14800,12100,12100,14800,14800,18100,18100,18100
gym shorts,14800,27100,18100,12100,12100,12100,12100,14800,12100,14800,14800,22200,22200
wrap dress,14800,22200,18100,14800,12100,12100,12100,12100,12100,18100,18100,22200,18100
rain jacket,14800,18100,18100,40500,22200,18100,12100,12100,12100,9900,8100,12100,18100
rain jacket women,14800,18100,18100,33100,12100,8100,5400,6600,8100,9900,8100,12100,22200
winter wedding guest dresses,14800,9900,18100,27100,33100,33100,18100,18100,9900,5400,4400,5400,5400
wedding suits,14800,18100,18100,18100,12100,9900,8100,18100,14800,14800,14800,14800,12100
white linen trousers,14800,33100,18100,8100,4400,3600,3600,6600,8100,14800,22200,33100,33100
running shorts women,14800,22200,18100,12100,8100,6600,8100,9900,12100,22200,27100,27100,22200
camisole tops,14800,22200,18100,14800,12100,12100,12100,12100,12100,14800,18100,22200,18100
denim dress for women,14800,18100,18100,14800,9900,6600,4400,9900,14800,18100,18100,18100,18100
plus size swimwear,12100,22200,18100,12100,8100,4400,3600,9900,9900,12100,14800,18100,14800
cycling shorts,12100,22200,18100,9900,6600,5400,4400,5400,5400,9900,14800,22200,22200
mens chino shorts,12100,22200,18100,12100,5400,4400,3600,5400,6600,8100,12100,18100,18100
mens short sleeve shirts,12100,22200,18100,9900,6600,8100,8100,6600,6600,8100,9900,18100,22200
ibiza outfits,12100,22200,18100,9900,1900,1300,1300,8100,8100,12100,18100,22200,27100
vest tops,12100,22200,18100,12100,8100,8100,6600,8100,8100,12100,14800,22200,22200
bike shorts women,9900,22200,18100,6600,5400,3600,3600,4400,5400,8100,12100,18100,18100
cycling shorts women,9900,22200,18100,6600,5400,3600,3600,4400,5400,8100,12100,18100,18100
autumn clothes,5400,4400,18100,27100,9900,2400,590,390,480,590,320,320,590
fleece jacket,27100,8100,14800,40500,49500,49500,33100,33100,22200,22200,18100,12100,8100
boys tracksuits,27100,12100,14800,33100,40500,60500,49500,18100,22200,27100,14800,12100,8100
black knee high boots,22200,8100,14800,33100,49500,49500,40500,22200,14800,12100,6600,5400,4400
black knee boots,22200,8100,14800,33100,49500,49500,40500,22200,14800,12100,6600,5400,4400
black knee high,22200,8100,14800,33100,49500,49500,40500,22200,14800,12100,6600,5400,4400
black boots high knee,22200,8100,14800,33100,49500,49500,40500,22200,14800,12100,6600,5400,4400
zavetti canada coat,22200,6600,14800,33100,33100,60500,40500,40500,22200,12100,6600,5400,4400
womens fleece jacket,22200,6600,14800,40500,40500,40500,33100,27100,18100,22200,18100,14800,6600
waterproof coat,22200,9900,14800,49500,33100,40500,22200,27100,22200,12100,6600,8100,9900
juicy couture tracksuit,18100,12100,14800,18100,22200,33100,33100,18100,14800,14800,12100,9900,8100
self portrait dress,18100,22200,14800,12100,12100,12100,12100,14800,14800,18100,22200,22200,22200
maxi dresses for women,18100,22200,14800,12100,9900,9900,8100,12100,12100,18100,22200,27100,27100
gym wear,18100,14800,14800,18100,14800,18100,22200,27100,18100,18100,14800,14800,12100
bootcut jeans,18100,12100,14800,22200,22200,22200,22200,22200,18100,22200,18100,14800,12100
long dresses,18100,18100,14800,14800,18100,22200,18100,18100,14800,22200,18100,18100,18100
black coat,18100,5400,14800,27100,27100,40500,27100,22200,14800,9900,5400,3600,2900
going out outfits,18100,14800,14800,18100,18100,18100,14800,22200,22200,27100,22200,18100,14800
outfits,18100,14800,14800,18100,18100,18100,22200,18100,18100,22200,18100,18100,18100
leotards,18100,18100,14800,18100,18100,22200,18100,18100,18100,18100,18100,18100,14800
knitted jumper,18100,6600,14800,27100,27100,40500,33100,18100,12100,9900,6600,5400,3600
gym shark leggings,18100,12100,14800,18100,22200,40500,33100,22200,18100,18100,14800,14800,9900
windbreaker jackets,18100,12100,14800,22200,18100,18100,12100,14800,14800,22200,22200,18100,14800
overshirt men,18100,9900,14800,22200,22200,33100,33100,14800,14800,18100,18100,14800,9900
mensovershirt,18100,9900,14800,22200,22200,33100,33100,14800,14800,18100,18100,14800,9900
wide leg trousers women,14800,18100,14800,18100,18100,14800,14800,14800,12100,14800,18100,18100,14800
wide leg pants women,14800,18100,14800,18100,18100,14800,14800,14800,12100,14800,18100,18100,14800
short trench coat,14800,6600,14800,33100,22200,14800,12100,9900,12100,22200,22200,12100,5400
tshirt dress women,14800,22200,14800,12100,9900,9900,8100,12100,12100,14800,18100,22200,22200
ladies wide leg trousers,14800,18100,14800,18100,18100,14800,14800,14800,12100,14800,18100,18100,14800
ladies shirt dress,14800,22200,14800,12100,9900,9900,8100,12100,12100,14800,18100,22200,22200
tshirt dress for women,14800,22200,14800,12100,9900,9900,8100,12100,12100,14800,18100,22200,22200
ladies wide leg pants,14800,18100,14800,18100,18100,14800,14800,14800,12100,14800,18100,18100,14800
wide leg womens dress pants,14800,18100,14800,18100,18100,14800,14800,14800,12100,14800,18100,18100,14800
short trench jacket,14800,6600,14800,33100,22200,14800,12100,9900,12100,22200,22200,12100,5400
womens wide leg trouser pants,14800,18100,14800,18100,18100,14800,14800,14800,12100,14800,18100,18100,14800
women tshirt dress,14800,22200,14800,12100,9900,9900,8100,12100,12100,14800,18100,22200,22200
trench short coat,14800,6600,14800,33100,22200,14800,12100,9900,12100,22200,22200,12100,5400
trousers women wide leg,14800,18100,14800,18100,18100,14800,14800,14800,12100,14800,18100,18100,14800
wide leg trouser pants for women,14800,18100,14800,18100,18100,14800,14800,14800,12100,14800,18100,18100,14800
small trench coat,14800,6600,14800,33100,22200,14800,12100,9900,12100,22200,22200,12100,5400
mens rain coat,14800,14800,14800,40500,22200,18100,12100,9900,12100,8100,6600,8100,12100
mens rain coats,14800,14800,14800,40500,22200,18100,12100,9900,12100,8100,6600,8100,12100
varsity jacket,14800,12100,14800,18100,18100,22200,18100,18100,14800,18100,14800,12100,8100
reformation dresses,14800,18100,14800,9900,9900,12100,8100,12100,12100,18100,22200,22200,22200
linen dress,14800,33100,14800,5400,3600,3600,3600,8100,8100,12100,14800,33100,40500
white mini dress,14800,22200,14800,12100,14800,8100,8100,12100,12100,18100,18100,22200,27100
t shirts for men,14800,18100,14800,12100,9900,14800,14800,8100,8100,12100,14800,18100,18100
winter jacket,14800,6600,14800,33100,33100,40500,18100,14800,6600,3600,2400,2400,2400
floral dress,14800,22200,14800,8100,6600,5400,6600,8100,12100,18100,22200,22200,18100
cargo trousers,14800,12100,14800,18100,18100,18100,18100,14800,14800,18100,18100,18100,14800
going out dresses,14800,14800,14800,18100,14800,14800,12100,14800,14800,14800,14800,12100,12100
mens trousers,14800,14800,14800,18100,18100,22200,22200,14800,12100,14800,14800,14800,12100
red dresses for women,14800,14800,14800,14800,14800,22200,27100,18100,18100,12100,12100,14800,14800
rain jacket men,14800,14800,14800,40500,22200,18100,12100,9900,12100,8100,6600,8100,12100
mens running shorts,14800,14800,14800,12100,9900,12100,14800,12100,12100,14800,18100,18100,14800
black trousers,14800,14800,14800,18100,18100,18100,18100,18100,14800,14800,14800,14800,12100
80s fashion,14800,18100,14800,14800,14800,14800,12100,14800,12100,12100,9900,12100,9900
holiday outfits,14800,18100,14800,9900,6600,4400,4400,12100,12100,18100,22200,27100,27100
duffle coat,14800,9900,14800,22200,33100,33100,22200,22200,12100,9900,8100,6600,5400
90s fashion,14800,18100,14800,18100,14800,12100,8100,14800,12100,14800,14800,12100,12100
sahara clothing,14800,14800,14800,12100,14800,12100,9900,12100,12100,14800,18100,18100,18100
womens wedding guest dresses,14800,18100,14800,14800,9900,5400,5400,14800,18100,22200,22200,22200,18100
puddle suit,14800,9900,14800,33100,22200,18100,9900,14800,14800,9900,6600,4400,6600
black tops,14800,14800,14800,14800,18100,18100,18100,14800,14800,18100,14800,14800,14800
ed hardy jeans,14800,12100,14800,12100,14800,22200,22200,14800,12100,12100,9900,9900,9900
women's cardigans,14800,8100,14800,22200,22200,22200,22200,14800,12100,14800,14800,12100,8100
wedding guest outfits for women,14800,18100,14800,14800,9900,5400,5400,14800,18100,22200,22200,22200,18100
trouser pants for men,14800,14800,14800,18100,18100,22200,22200,14800,12100,14800,14800,14800,12100
men in chinos,14800,14800,14800,18100,14800,14800,14800,12100,9900,12100,14800,14800,12100
doc marten penny loafers,12100,12100,14800,14800,14800,14800,12100,12100,9900,9900,9900,8100,8100
suede brown coat,12100,3600,14800,27100,22200,12100,8100,8100,8100,12100,9900,6600,2900
brown suedette jacket,12100,3600,14800,27100,22200,12100,8100,8100,8100,12100,9900,6600,2900
womens swimsuits,12100,14800,14800,12100,8100,6600,6600,12100,12100,12100,12100,14800,14800
mom jeans,12100,12100,14800,14800,14800,12100,9900,12100,12100,14800,12100,9900,6600
maternity leggings,12100,9900,14800,18100,14800,14800,14800,14800,12100,12100,9900,8100,6600
work dresses,12100,14800,14800,14800,12100,9900,6600,12100,9900,12100,12100,14800,14800
white maxi dress,12100,22200,14800,9900,8100,8100,6600,9900,9900,12100,14800,18100,18100
rain coat,12100,14800,14800,33100,14800,12100,6600,8100,8100,6600,5400,8100,14800
ladies dresses,12100,18100,14800,12100,9900,9900,9900,9900,12100,12100,14800,14800,14800
black shorts,12100,18100,14800,9900,14800,9900,12100,8100,8100,12100,12100,18100,22200
mens linen trousers,12100,27100,14800,9900,5400,5400,4400,8100,8100,9900,14800,22200,27100
cargo trousers women,12100,12100,14800,14800,14800,12100,9900,12100,12100,14800,14800,12100,9900
stunning wedding guest dresses,12100,18100,14800,9900,6600,3600,2900,12100,14800,18100,14800,14800,12100
cargo jeans women,12100,12100,14800,14800,14800,12100,9900,12100,12100,14800,14800,12100,9900
mens holiday clothes,12100,18100,14800,12100,6600,5400,4400,9900,9900,14800,18100,22200,18100
apricot dresses,12100,22200,14800,9900,8100,9900,8100,8100,8100,9900,12100,18100,18100
brown suede jacket,12100,3600,14800,27100,22200,12100,8100,8100,8100,12100,9900,6600,2900
womens t shirt,12100,18100,14800,12100,8100,8100,9900,8100,8100,14800,18100,22200,18100
apple bottom jeans,12100,14800,14800,12100,12100,14800,12100,12100,9900,12100,9900,8100,8100
brown jacket suede,12100,3600,14800,27100,22200,12100,8100,8100,8100,12100,9900,6600,2900
suede jacket women,9900,4400,14800,22200,14800,8100,6600,8100,9900,14800,12100,6600,3600
jacket suede women's,9900,4400,14800,22200,14800,8100,6600,8100,9900,14800,12100,6600,3600
women jacket suede,9900,4400,14800,22200,14800,8100,6600,8100,9900,14800,12100,6600,3600
black linen pants,9900,22200,14800,6600,4400,2900,2900,4400,4400,8100,12100,18100,18100
gingham dress,9900,22200,14800,6600,4400,3600,3600,4400,5400,9900,14800,18100,18100
mens denim shorts,9900,22200,14800,6600,4400,2900,2400,3600,4400,8100,12100,18100,18100
womens denim shorts,9900,22200,14800,6600,3600,2400,2400,4400,5400,8100,12100,22200,18100
kids coats,8100,4400,14800,18100,14800,14800,9900,9900,5400,4400,2900,2400,2400
male puffer jacket,27100,5400,12100,33100,49500,74000,49500,33100,18100,12100,6600,4400,3600
puffer mens coat,27100,5400,12100,33100,49500,74000,49500,33100,18100,12100,6600,4400,3600
jackets for men puffer,27100,5400,12100,33100,49500,74000,49500,33100,18100,12100,6600,4400,3600
coat mens puffer,27100,5400,12100,33100,49500,74000,49500,33100,18100,12100,6600,4400,3600
jacket men puffer,27100,5400,12100,33100,49500,74000,49500,33100,18100,12100,6600,4400,3600
mens puffer jacket,27100,5400,12100,33100,49500,74000,49500,33100,18100,12100,6600,4400,3600
leather jacket women,18100,8100,12100,27100,27100,27100,18100,14800,14800,18100,14800,14800,8100
leather coat women,18100,8100,12100,27100,27100,27100,18100,14800,14800,18100,14800,14800,8100
female leather jacket,18100,8100,12100,27100,27100,27100,18100,14800,14800,18100,14800,14800,8100
women in leather jacket,18100,8100,12100,27100,27100,27100,18100,14800,14800,18100,14800,14800,8100
jackets for women,18100,6600,12100,27100,27100,33100,27100,22200,18100,22200,22200,14800,9900
quilted jacket womens,18100,8100,12100,27100,27100,18100,14800,14800,14800,27100,22200,14800,5400
lace dress,18100,12100,12100,14800,18100,18100,18100,18100,18100,18100,14800,14800,14800
loungewear set,18100,8100,12100,18100,22200,33100,40500,18100,14800,14800,9900,9900,8100
womens pajamas sets,18100,9900,12100,18100,22200,40500,49500,14800,12100,12100,8100,9900,8100
leopard print jeans,14800,8100,12100,22200,22200,18100,14800,18100,18100,18100,12100,8100,4400
jeans with leopard print,14800,8100,12100,22200,22200,18100,14800,18100,18100,18100,12100,8100,4400
man with leather jacket,14800,8100,12100,18100,27100,27100,27100,18100,14800,14800,12100,9900,6600
leather coats for men,14800,8100,12100,18100,27100,27100,27100,18100,14800,14800,12100,9900,6600
male leather jacket,14800,8100,12100,18100,27100,27100,27100,18100,14800,14800,12100,9900,6600
mens leather coats and jackets,14800,8100,12100,18100,27100,27100,27100,18100,14800,14800,12100,9900,6600
mens leather clothing,14800,8100,12100,18100,27100,27100,27100,18100,14800,14800,12100,9900,6600
guys leather jacket,14800,8100,12100,18100,27100,27100,27100,18100,14800,14800,12100,9900,6600
man in leather jacket,14800,8100,12100,18100,27100,27100,27100,18100,14800,14800,12100,9900,6600
black puffer jacket,14800,5400,12100,22200,22200,33100,22200,18100,9900,6600,3600,2900,1900
white jeans,14800,12100,12100,12100,12100,12100,12100,12100,12100,22200,22200,22200,14800
gym leggings,14800,12100,12100,18100,18100,18100,18100,22200,14800,18100,12100,9900,8100
straight leg jeans,14800,9900,12100,18100,18100,18100,18100,14800,14800,18100,14800,9900,8100
mens leather jackets,14800,8100,12100,18100,27100,27100,27100,18100,14800,14800,12100,9900,6600
bomber jacket women,14800,6600,12100,18100,18100,14800,12100,12100,12100,22200,18100,14800,8100
wide leg jeans women,14800,8100,12100,22200,18100,18100,18100,14800,12100,14800,12100,9900,6600
black jacket,14800,8100,12100,18100,22200,22200,18100,14800,14800,18100,14800,12100,8100
black lace dress,14800,9900,12100,14800,22200,22200,18100,18100,18100,14800,12100,12100,9900
joe brown dresses,14800,18100,12100,12100,12100,12100,9900,9900,12100,14800,18100,22200,22200
mng clothing,14800,14800,12100,12100,14800,14800,14800,14800,12100,14800,18100,18100,18100
maria b pk,14800,9900,12100,12100,14800,14800,14800,18100,18100,14800,18100,18100,12100
gym outfit men,14800,12100,12100,12100,14800,18100,22200,18100,14800,14800,12100,12100,9900
gym apparel for men,14800,12100,12100,12100,14800,18100,22200,18100,14800,14800,12100,12100,9900
gym dress for men,14800,12100,12100,12100,14800,18100,22200,18100,14800,14800,12100,12100,9900
claires accessories,14800,5400,12100,5400,6600,8100,5400,12100,22200,27100,40500,18100,12100
polo ralph puffer,12100,2400,12100,22200,22200,33100,22200,14800,6600,3600,2400,1900,1600
maternity jeans,12100,8100,12100,14800,14800,12100,14800,14800,14800,14800,9900,8100,6600
jeans for women,12100,8100,12100,18100,14800,14800,14800,12100,12100,14800,12100,9900,8100
purple dress,12100,14800,12100,12100,18100,9900,6600,9900,9900,12100,12100,12100,12100
satin dress,12100,14800,12100,12100,12100,12100,12100,12100,9900,12100,12100,14800,14800
sage green dress,12100,14800,12100,9900,6600,6600,4400,12100,9900,12100,14800,14800,14800
bermuda shorts,12100,22200,12100,6600,6600,4400,3600,5400,5400,9900,14800,27100,27100
boys winter coats,12100,5400,12100,33100,22200,27100,12100,12100,3600,1900,1000,1000,1600
petite jeans,12100,8100,12100,18100,14800,14800,14800,14800,12100,14800,12100,8100,5400
womens trousers,12100,9900,12100,14800,14800,12100,12100,12100,9900,12100,12100,12100,9900
maternity swimwear,12100,14800,12100,9900,8100,6600,6600,14800,14800,14800,14800,18100,12100
halter top,12100,14800,12100,8100,8100,6600,8100,12100,9900,12100,12100,14800,14800
kids clothes sale,12100,12100,12100,12100,12100,14800,27100,14800,9900,12100,12100,9900,9900
smocked dress,12100,18100,12100,9900,8100,8100,8100,8100,8100,9900,12100,14800,14800
baby swimwear,12100,12100,12100,12100,9900,8100,8100,14800,12100,9900,9900,12100,9900
boys winter jacket,12100,5400,12100,33100,22200,27100,12100,12100,3600,1900,1000,1000,1600
pink dress for women,12100,18100,12100,9900,8100,6600,5400,9900,9900,14800,14800,18100,14800
midi dress for women,12100,14800,12100,9900,8100,8100,6600,8100,9900,12100,14800,18100,18100
wallis dresses,12100,18100,12100,8100,9900,9900,6600,8100,9900,12100,12100,14800,14800
petite wedding guest dresses,12100,14800,12100,8100,6600,3600,2400,8100,9900,14800,18100,18100,14800
green wedding guest dress,12100,14800,12100,9900,6600,4400,3600,9900,9900,14800,14800,18100,14800
clothing sales,12100,12100,12100,12100,9900,12100,27100,14800,9900,9900,9900,9900,9900
black shirts,12100,12100,12100,12100,14800,12100,9900,9900,8100,9900,9900,9900,12100
wranglers jeans,12100,9900,12100,14800,14800,14800,14800,14800,12100,12100,12100,12100,9900
checkered shirt,12100,12100,12100,14800,14800,12100,12100,9900,9900,12100,9900,9900,9900
childrens clothes sale,12100,12100,12100,12100,12100,14800,27100,14800,9900,12100,12100,9900,9900
reserved clothing,12100,12100,12100,9900,12100,12100,12100,14800,9900,12100,9900,12100,9900
charizma pk,12100,6600,12100,9900,12100,14800,22200,14800,14800,12100,12100,9900,9900
shirt clothes for men,12100,14800,12100,12100,12100,14800,14800,9900,8100,12100,12100,14800,14800
brown suede bag,9900,5400,12100,22200,18100,14800,14800,9900,8100,8100,6600,5400,3600
brown suede purse,9900,5400,12100,22200,18100,14800,14800,9900,8100,8100,6600,5400,3600
brown suede handbag,9900,5400,12100,22200,18100,14800,14800,9900,8100,8100,6600,5400,3600
suede bag brown,9900,5400,12100,22200,18100,14800,14800,9900,8100,8100,6600,5400,3600
suede brown handbags,9900,5400,12100,22200,18100,14800,14800,9900,8100,8100,6600,5400,3600
satin skirt,9900,12100,12100,12100,12100,14800,14800,8100,6600,8100,9900,9900,9900
crochet cardigans,9900,12100,12100,8100,6600,5400,4400,6600,6600,9900,14800,14800,12100
crochet cardigan sweater,9900,12100,12100,8100,6600,5400,4400,6600,6600,9900,14800,14800,12100
flared trouser,9900,8100,12100,12100,9900,12100,9900,9900,8100,9900,8100,8100,6600
skirt satin,9900,12100,12100,12100,12100,14800,14800,8100,6600,8100,9900,9900,9900
linen shorts,9900,22200,12100,5400,2900,2900,2900,5400,5400,8100,9900,22200,27100
boho dresses,9900,18100,12100,6600,5400,3600,2900,5400,6600,8100,12100,14800,14800
baby shower dresses,9900,12100,12100,9900,9900,6600,4400,12100,9900,12100,12100,9900,9900
denim jacket women,9900,12100,12100,9900,6600,4400,3600,4400,6600,12100,18100,14800,9900
white shorts,9900,18100,12100,6600,8100,3600,3600,4400,5400,8100,12100,22200,22200
work shorts,9900,22200,12100,5400,3600,1900,1600,1900,3600,9900,14800,22200,27100
jean jacket women,9900,12100,12100,9900,6600,4400,3600,4400,6600,12100,18100,14800,9900
womens workwear,9900,9900,12100,12100,9900,6600,5400,12100,9900,9900,9900,8100,8100
tankini with shorts,9900,18100,12100,6600,4400,2900,2900,6600,8100,9900,12100,18100,18100
black and white dress,9900,14800,12100,9900,8100,8100,6600,8100,6600,8100,9900,9900,9900
short sleeve shirts,9900,18100,12100,8100,5400,5400,4400,4400,5400,8100,9900,14800,18100
y2k fashion,9900,9900,12100,12100,12100,12100,8100,8100,9900,12100,12100,12100,9900
wedding outfits for women,9900,12100,12100,9900,6600,4400,3600,12100,12100,12100,12100,12100,9900
pink wedding guest dress,9900,14800,12100,6600,3600,2900,2400,8100,9900,14800,18100,18100,14800
mens graphic t shirts,9900,14800,12100,9900,8100,12100,14800,5400,6600,8100,9900,12100,12100
flared trousers,9900,8100,12100,12100,9900,12100,9900,9900,8100,9900,8100,8100,6600
gym shark shorts,9900,18100,12100,8100,8100,9900,9900,6600,6600,9900,12100,14800,14800
mens black trousers,9900,8100,12100,9900,9900,9900,9900,8100,8100,8100,8100,6600,6600
jeans jacket women,9900,12100,12100,9900,6600,4400,3600,4400,6600,12100,18100,14800,9900
concert outfit,9900,14800,12100,9900,8100,9900,5400,8100,8100,8100,18100,12100,18100
nighty dress,9900,14800,12100,9900,9900,12100,12100,9900,8100,9900,8100,9900,9900
office wear for ladies,9900,9900,12100,12100,9900,6600,5400,12100,9900,9900,9900,8100,8100
suede bag,8100,6600,12100,14800,12100,12100,9900,8100,6600,6600,6600,5400,3600
suede handbags,8100,6600,12100,14800,12100,12100,9900,8100,6600,6600,6600,5400,3600
suede pocketbook,8100,6600,12100,14800,12100,12100,9900,8100,6600,6600,6600,5400,3600
bag suede,8100,6600,12100,14800,12100,12100,9900,8100,6600,6600,6600,5400,3600
purse suede,8100,6600,12100,14800,12100,12100,9900,8100,6600,6600,6600,5400,3600
t shirt dress,8100,18100,12100,6600,4400,3600,3600,4400,4400,6600,9900,14800,14800
dress tee shirts,8100,18100,12100,6600,4400,3600,3600,4400,4400,6600,9900,14800,14800
tight shirt dress,8100,18100,12100,6600,4400,3600,3600,4400,4400,6600,9900,14800,14800
chino shorts,8100,18100,12100,6600,3600,2900,2400,3600,3600,6600,9900,14800,18100
girls winter coats,8100,4400,12100,27100,18100,22200,8100,8100,2900,1600,1000,880,1300
oversized t shirt women,8100,14800,12100,8100,4400,3600,3600,3600,3600,5400,8100,9900,9900
festival outfits women,8100,22200,12100,2900,1300,1000,1600,3600,3600,5400,8100,14800,18100
crochet dress,6600,14800,12100,5400,2900,1900,2400,4400,4400,5400,8100,9900,12100
autumn dresses,6600,2400,12100,33100,18100,4400,590,590,590,590,590,590,720
rab jacket,18100,6600,9900,22200,27100,40500,33100,33100,22200,18100,12100,9900,8100
black coat women,18100,3600,9900,22200,27100,40500,33100,33100,18100,12100,6600,3600,2400
chelsea boots women,14800,4400,9900,27100,33100,33100,27100,18100,12100,8100,4400,3600,2900
chelsea boots ladies,14800,4400,9900,27100,33100,33100,27100,18100,12100,8100,4400,3600,2900
mens designer coats,14800,5400,9900,22200,27100,33100,27100,14800,12100,12100,6600,6600,4400
cords trousers,14800,6600,9900,18100,22200,27100,22200,18100,12100,9900,8100,6600,5400
coat mens designer,14800,5400,9900,22200,27100,33100,27100,14800,12100,12100,6600,6600,4400
girls party dresses,14800,14800,9900,14800,18100,22200,22200,14800,14800,14800,12100,14800,12100
corduroy trousers,14800,6600,9900,18100,22200,27100,22200,18100,12100,9900,8100,6600,5400
mens designer jackets,14800,5400,9900,22200,27100,33100,27100,14800,12100,12100,6600,6600,4400
mens aviator jacket,14800,6600,9900,18100,22200,27100,22200,14800,12100,14800,12100,8100,5400
nishat linen pk,14800,9900,9900,12100,14800,14800,14800,18100,12100,12100,14800,18100,14800
long cardigans for women,12100,5400,9900,22200,18100,18100,18100,14800,9900,12100,12100,9900,5400
ladies long cardigans,12100,5400,9900,22200,18100,18100,18100,14800,9900,12100,12100,9900,5400
sweatpants,12100,9900,9900,12100,12100,14800,12100,12100,9900,9900,9900,9900,8100
yoga pants,12100,9900,9900,12100,12100,12100,9900,12100,12100,12100,12100,9900,9900
grey jeans,12100,8100,9900,14800,18100,18100,18100,12100,9900,12100,8100,8100,5400
evening dresses for women,12100,8100,9900,14800,18100,14800,8100,12100,12100,12100,12100,12100,9900
snickers work trousers,12100,9900,9900,14800,18100,18100,12100,14800,14800,14800,12100,9900,8100
gym tops,12100,12100,9900,12100,12100,18100,18100,18100,14800,14800,12100,12100,9900
aybl leggings,12100,6600,9900,9900,12100,18100,18100,18100,14800,18100,14800,9900,8100
baggy jeans men,12100,9900,9900,12100,14800,18100,18100,12100,9900,12100,9900,8100,6600
rugby shirts,12100,8100,9900,14800,14800,40500,14800,8100,9900,12100,9900,8100,6600
80s outfits,12100,12100,9900,9900,9900,9900,9900,14800,12100,12100,12100,12100,9900
ladies summer tops,12100,14800,9900,5400,2900,2900,2400,6600,8100,14800,22200,33100,22200
waterproofs,12100,9900,9900,18100,14800,14800,9900,12100,12100,9900,6600,8100,9900
1980s outfit,12100,12100,9900,9900,9900,9900,9900,14800,12100,12100,12100,12100,9900
flannel shirts,12100,9900,9900,12100,14800,14800,14800,9900,9900,12100,12100,9900,9900
flannelette shirt,12100,9900,9900,12100,14800,14800,14800,9900,9900,12100,12100,9900,9900
flan shirt,12100,9900,9900,12100,14800,14800,14800,9900,9900,12100,12100,9900,9900
flannel and shirt,12100,9900,9900,12100,14800,14800,14800,9900,9900,12100,12100,9900,9900
flannel with shirt,12100,9900,9900,12100,14800,14800,14800,9900,9900,12100,12100,9900,9900
palazzo pants,9900,12100,9900,8100,5400,5400,18100,6600,18100,8100,12100,14800,9900
black loafers women,9900,8100,9900,14800,12100,8100,6600,9900,8100,9900,8100,6600,6600
pink cardigan,9900,8100,9900,12100,12100,8100,6600,8100,9900,12100,9900,8100,4400
black cardigan women,9900,5400,9900,14800,12100,14800,12100,12100,9900,9900,9900,8100,6600
brown cardigan,9900,3600,9900,22200,18100,12100,8100,6600,6600,6600,5400,5400,3600
barrel leg jeans,9900,5400,9900,12100,12100,9900,8100,9900,12100,12100,12100,8100,5400
pink cardigan sweater,9900,8100,9900,12100,12100,8100,6600,8100,9900,12100,9900,8100,4400
brown cardigan sweater,9900,3600,9900,22200,18100,12100,8100,6600,6600,6600,5400,5400,3600
ladies black cardigan,9900,5400,9900,14800,12100,14800,12100,12100,9900,9900,9900,8100,6600
ladies black loafers,9900,8100,9900,14800,12100,8100,6600,9900,8100,9900,8100,6600,6600
women's black cardigan sweater,9900,5400,9900,14800,12100,14800,12100,12100,9900,9900,9900,8100,6600
black slip on loafers women's,9900,8100,9900,14800,12100,8100,6600,9900,8100,9900,8100,6600,6600
womens black slip on loafers,9900,8100,9900,14800,12100,8100,6600,9900,8100,9900,8100,6600,6600
black female loafers,9900,8100,9900,14800,12100,8100,6600,9900,8100,9900,8100,6600,6600
and palazzo pants,9900,12100,9900,8100,5400,5400,18100,6600,18100,8100,12100,14800,9900
dealer boots,9900,9900,9900,12100,12100,14800,12100,9900,8100,9900,8100,8100,8100
amiri jeans,9900,9900,9900,12100,9900,9900,12100,9900,8100,9900,8100,6600,5400
zimmermann dress,9900,14800,9900,6600,5400,5400,8100,9900,8100,9900,14800,18100,18100
black leggings,9900,8100,9900,14800,14800,14800,12100,12100,8100,9900,8100,6600,5400
white summer dress,9900,18100,9900,3600,2400,2400,2400,5400,6600,9900,12100,18100,22200
modest dresses,9900,12100,9900,8100,8100,8100,8100,8100,8100,12100,9900,12100,12100
petite jumpsuit,9900,12100,9900,8100,8100,9900,8100,8100,9900,12100,12100,12100,9900
sexy dresses,9900,9900,9900,9900,9900,9900,9900,9900,9900,8100,8100,8100,8100
cropped jacket,9900,8100,9900,12100,12100,9900,8100,8100,9900,14800,14800,12100,6600
blue jeans,9900,9900,9900,12100,12100,14800,14800,9900,9900,12100,9900,8100,6600
boss t shirt,9900,14800,9900,8100,8100,12100,14800,5400,5400,6600,8100,9900,9900
baby tee,9900,9900,9900,6600,5400,6600,6600,6600,8100,9900,12100,12100,12100
sexy outfits,9900,9900,9900,9900,12100,9900,12100,12100,9900,9900,9900,9900,8100
boys jacket,9900,6600,9900,14800,12100,14800,12100,9900,8100,9900,6600,5400,3600
petite trousers,9900,8100,9900,12100,9900,9900,8100,9900,8100,9900,12100,9900,8100
linen shirts women,9900,14800,9900,5400,3600,2900,2900,5400,6600,9900,12100,18100,22200
mens short sets,9900,18100,9900,5400,3600,3600,3600,5400,6600,12100,18100,27100,22200
mother of the groom outfits,9900,12100,9900,9900,8100,5400,4400,14800,12100,9900,8100,8100,6600
ladies trouser suits,9900,9900,9900,12100,9900,8100,5400,12100,12100,14800,14800,12100,8100
summer shirts for men,9900,18100,9900,4400,2900,2900,2400,4400,5400,8100,12100,18100,18100
cowboy outfit,9900,12100,9900,9900,18100,6600,4400,6600,5400,6600,8100,8100,9900
cardigan women,8100,6600,9900,12100,9900,9900,9900,6600,5400,8100,8100,8100,5400
long sleeve dresses for weddings,8100,9900,9900,12100,9900,8100,6600,12100,8100,8100,8100,8100,6600
boyfriend jeans,8100,8100,9900,9900,9900,8100,8100,8100,8100,8100,8100,6600,4400
linen shirts men,8100,18100,9900,5400,3600,3600,3600,4400,4400,6600,8100,14800,22200
wedding suits for men,8100,9900,9900,8100,6600,5400,4400,9900,8100,8100,8100,8100,6600
work clothes for women,8100,8100,9900,9900,6600,5400,5400,8100,6600,8100,6600,6600,6600
boys shorts,8100,14800,9900,5400,4400,3600,4400,5400,5400,9900,12100,18100,12100
dresses for wedding,8100,12100,9900,8100,5400,3600,2400,8100,8100,9900,9900,9900,8100
beach dresses for women,8100,12100,9900,5400,3600,2400,2900,6600,6600,6600,8100,12100,12100
t shirts for women,8100,12100,9900,6600,5400,4400,4400,5400,5400,8100,12100,12100,12100
long skirts,8100,12100,9900,8100,8100,6600,6600,8100,6600,8100,9900,12100,9900
girls jackets,8100,5400,9900,9900,9900,9900,8100,6600,6600,9900,8100,5400,3600
mens designer clothes,8100,8100,9900,8100,8100,12100,12100,6600,6600,8100,6600,6600,5400
camo shorts,8100,12100,9900,4400,4400,1900,1900,2900,3600,8100,12100,22200,22200
womens cargo shorts,8100,14800,9900,4400,3600,1900,1900,2900,3600,5400,9900,18100,18100
day dresses,8100,12100,9900,6600,4400,4400,3600,5400,5400,8100,9900,12100,9900
dress for wedding,8100,12100,9900,8100,5400,3600,2400,8100,8100,9900,9900,9900,8100
engagement party dresses,8100,8100,9900,9900,9900,5400,4400,9900,8100,6600,6600,6600,6600
mens vest tops,8100,14800,9900,5400,3600,3600,2900,2900,3600,4400,6600,14800,14800
white trousers women,8100,12100,9900,6600,5400,4400,4400,5400,6600,9900,12100,14800,12100
beach dress for women,8100,12100,9900,5400,3600,2400,2900,6600,6600,6600,8100,12100,12100
monsoon wedding dresses,8100,9900,9900,8100,6600,5400,4400,9900,8100,8100,6600,8100,8100
hot pants,8100,12100,9900,6600,8100,6600,8100,6600,6600,8100,8100,9900,14800
short skirt,8100,9900,9900,8100,8100,8100,8100,6600,6600,6600,6600,9900,8100
hope and ivy dresses,8100,12100,9900,5400,4400,3600,3600,8100,8100,12100,12100,14800,9900
mens designer wear,8100,8100,9900,8100,8100,12100,12100,6600,6600,8100,6600,6600,5400
ladies shorts,6600,14800,9900,4400,2400,1900,1900,4400,4400,5400,6600,14800,14800
gym shorts women,6600,12100,9900,5400,4400,3600,3600,4400,4400,6600,8100,12100,12100
black wedding guest dress,6600,8100,9900,8100,6600,4400,2900,5400,5400,6600,6600,6600,6600
dress sale,6600,9900,9900,5400,4400,5400,8100,6600,5400,6600,5400,6600,8100
sports shorts for women,6600,12100,9900,5400,4400,3600,3600,4400,4400,6600,8100,12100,12100
suede bomber jacket,5400,1900,9900,12100,8100,5400,3600,3600,4400,8100,5400,3600,1600
summer dresses sale,5400,12100,9900,8100,4400,2900,2400,3600,2400,1900,2400,3600,6600
festival clothes women,5400,14800,9900,2400,1600,2400,2400,1900,1900,2900,4400,8100,9900
festival wear women,5400,14800,9900,2400,1600,2400,2400,1900,1900,2900,4400,8100,9900
autumn outfits,5400,2400,9900,27100,18100,4400,720,480,480,480,390,320,390
old money style,5400,12100,9900,8100,6600,5400,4400,3600,3600,3600,3600,3600,2900
festive wear for women,5400,14800,9900,2400,1600,2400,2400,1900,1900,2900,4400,8100,9900
bomber jacket in suede,5400,1900,9900,12100,8100,5400,3600,3600,4400,8100,5400,3600,1600
christmas party dress,40500,3600,8100,33100,90500,246000,110000,1600,880,880,720,880,1000
jumper dress,27100,3600,8100,40500,60500,90500,74000,33100,18100,8100,4400,2900,1900
sweatshirt jumper dress,27100,3600,8100,40500,60500,90500,74000,33100,18100,8100,4400,2900,1900
jumper and dress,27100,3600,8100,40500,60500,90500,74000,33100,18100,8100,4400,2900,1900
jumper with dress,27100,3600,8100,40500,60500,90500,74000,33100,18100,8100,4400,2900,1900
ski jacket,22200,5400,8100,18100,27100,49500,49500,60500,33100,18100,5400,3600,3600
womens ski jacket,22200,5400,8100,14800,22200,40500,40500,60500,27100,14800,4400,2900,2400
schiaparelli,22200,12100,8100,12100,14800,12100,18100,22200,22200,40500,40500,40500,33100
mens fleece,22200,4400,8100,27100,33100,60500,49500,22200,14800,12100,8100,6600,4400
summer clothes,18100,18100,8100,6600,6600,6600,8100,18100,18100,27100,27100,40500,27100
mens coats sale,14800,5400,8100,14800,18100,33100,33100,22200,12100,12100,8100,6600,4400
mens winter jackets,14800,3600,8100,27100,33100,49500,27100,18100,8100,4400,2400,1900,1600
wool coat,14800,3600,8100,22200,27100,40500,33100,27100,12100,6600,3600,2400,1900
mens sweatshirts,14800,5400,8100,18100,22200,33100,40500,14800,12100,14800,9900,8100,5400
summer tops,14800,18100,8100,3600,2900,2900,3600,8100,9900,18100,27100,40500,27100
napapijri jacket,14800,6600,8100,14800,22200,27100,27100,18100,12100,9900,6600,5400,5400
mens jackets sale,14800,5400,8100,14800,18100,33100,33100,22200,12100,12100,8100,6600,4400
mens tracksuit bottoms,14800,8100,8100,18100,18100,27100,27100,18100,12100,12100,12100,9900,8100
rab coat,14800,4400,8100,22200,27100,33100,33100,27100,14800,9900,5400,4400,3600
napapijri coat,14800,6600,8100,14800,22200,27100,27100,18100,12100,9900,6600,5400,5400
brown coat women,14800,2900,8100,27100,33100,27100,22200,18100,12100,12100,9900,6600,3600
brown jacket women,14800,2900,8100,27100,33100,27100,22200,18100,12100,12100,9900,6600,3600
black leather jacket,12100,6600,8100,14800,18100,18100,14800,14800,12100,14800,12100,8100,6600
black leather coat,12100,6600,8100,14800,18100,18100,14800,14800,12100,14800,12100,8100,6600
black pleather jacket,12100,6600,8100,14800,18100,18100,14800,14800,12100,14800,12100,8100,6600
black trench coat,12100,4400,8100,18100,22200,22200,18100,14800,12100,14800,9900,6600,3600
black trench jacket,12100,4400,8100,18100,22200,22200,18100,14800,12100,14800,9900,6600,3600
dark trench coat,12100,4400,8100,18100,22200,22200,18100,14800,12100,14800,9900,6600,3600
trench black coat,12100,4400,8100,18100,22200,22200,18100,14800,12100,14800,9900,6600,3600
black coat trench,12100,4400,8100,18100,22200,22200,18100,14800,12100,14800,9900,6600,3600
chelsea boots men,12100,6600,8100,12100,18100,22200,22200,14800,12100,9900,8100,8100,6600
black leather jackets,12100,6600,8100,14800,18100,18100,14800,14800,12100,14800,12100,8100,6600
doc marten chelsea boot,12100,5400,8100,18100,22200,33100,27100,18100,9900,6600,4400,3600,2900
mens dress chelsea boots,12100,6600,8100,12100,18100,22200,22200,14800,12100,9900,8100,8100,6600
male chelsea boots,12100,6600,8100,12100,18100,22200,22200,14800,12100,9900,8100,8100,6600
chelsea dress boots mens,12100,6600,8100,12100,18100,22200,22200,14800,12100,9900,8100,8100,6600
boots chelsea mens,12100,6600,8100,12100,18100,22200,22200,14800,12100,9900,8100,8100,6600
dr marten boots chelsea,12100,5400,8100,18100,22200,33100,27100,18100,9900,6600,4400,3600,2900
dms chelsea boots,12100,5400,8100,18100,22200,33100,27100,18100,9900,6600,4400,3600,2900
coat men black,12100,5400,8100,14800,18100,22200,18100,14800,12100,9900,8100,6600,4400
black coat male,12100,5400,8100,14800,18100,22200,18100,14800,12100,9900,8100,6600,4400
chelsea boots guys,12100,6600,8100,12100,18100,22200,22200,14800,12100,9900,8100,8100,6600
chelsea boots on men,12100,6600,8100,12100,18100,22200,22200,14800,12100,9900,8100,8100,6600
men with chelsea boots,12100,6600,8100,12100,18100,22200,22200,14800,12100,9900,8100,8100,6600
tweed jacket,12100,6600,8100,18100,18100,18100,14800,14800,12100,14800,9900,8100,6600
summer wedding guest dress,12100,14800,8100,3600,2900,3600,4400,14800,14800,18100,18100,22200,18100
walking trousers,12100,6600,8100,12100,12100,12100,12100,14800,12100,12100,12100,9900,8100
lounge wear sets,12100,5400,8100,14800,14800,22200,27100,14800,9900,9900,6600,5400,4400
mens black jacket,12100,5400,8100,14800,18100,22200,18100,14800,12100,9900,8100,6600,4400
brown jacket,12100,3600,8100,18100,22200,18100,12100,9900,9900,12100,9900,8100,4400
womens waterproof trousers,12100,6600,8100,22200,14800,18100,14800,18100,14800,9900,6600,6600,8100
womens going out tops,12100,6600,8100,14800,14800,18100,14800,14800,18100,18100,14800,9900,8100
black sweatshirt mens,12100,5400,8100,12100,14800,22200,22200,12100,9900,9900,8100,6600,4400
style up,12100,6600,8100,12100,14800,18100,18100,12100,8100,9900,9900,9900,8100
knit chunky cardigan,9900,3600,8100,14800,14800,12100,8100,33100,9900,8100,6600,4400,2400
long sleeve midi dress,9900,6600,8100,12100,12100,12100,8100,9900,8100,9900,8100,8100,6600
red cardigan,9900,4400,8100,12100,12100,14800,18100,6600,8100,8100,6600,5400,3600
chunky knit cardigan,9900,3600,8100,14800,14800,12100,8100,33100,9900,8100,6600,4400,2400
red cardigan sweater,9900,4400,8100,12100,12100,14800,18100,6600,8100,8100,6600,5400,3600
chunky knit cardigan sweater,9900,3600,8100,14800,14800,12100,8100,33100,9900,8100,6600,4400,2400
dress long sleeve midi,9900,6600,8100,12100,12100,12100,8100,9900,8100,9900,8100,8100,6600
dress midi long sleeve,9900,6600,8100,12100,12100,12100,8100,9900,8100,9900,8100,8100,6600
m & s cardigans,9900,5400,8100,14800,14800,14800,12100,8100,8100,8100,9900,8100,5400
long sleeve mid dress,9900,6600,8100,12100,12100,12100,8100,9900,8100,9900,8100,8100,6600
marks spencer cardigan,9900,5400,8100,14800,14800,14800,12100,8100,8100,8100,9900,8100,5400
leather bomber jacket,9900,5400,8100,14800,14800,14800,12100,12100,9900,9900,8100,5400,3600
leather bomber coat,9900,5400,8100,14800,14800,14800,12100,12100,9900,9900,8100,5400,3600
skinny jeans,9900,6600,8100,9900,12100,12100,12100,12100,9900,9900,8100,6600,4400
long dresses for women,9900,9900,8100,8100,8100,9900,8100,8100,8100,9900,9900,9900,9900
winter jackets women,9900,3600,8100,22200,27100,27100,12100,9900,4400,2400,1600,1600,1600
juicy tracksuit,9900,6600,8100,9900,14800,14800,14800,9900,6600,8100,6600,5400,4400
pink maxi dress,9900,12100,8100,6600,5400,4400,3600,8100,8100,12100,14800,14800,12100
hi vis jacket,9900,8100,8100,12100,14800,18100,9900,12100,9900,9900,6600,6600,6600
brown jeans,9900,2900,8100,18100,22200,14800,12100,12100,9900,9900,6600,5400,3600
summer outfits,9900,14800,8100,2900,1900,1900,2900,8100,8100,12100,18100,27100,22200
axel arigato trainers,9900,8100,8100,8100,8100,12100,14800,9900,8100,8100,9900,8100,6600
outdoor clothing,9900,8100,8100,12100,14800,14800,12100,12100,8100,8100,6600,6600,6600
black puffer coat,9900,2400,8100,14800,14800,22200,14800,14800,6600,3600,1600,1300,1000
summer maxi dress,9900,14800,8100,4400,2400,2400,2400,5400,6600,9900,14800,22200,18100
black jacket women,9900,5400,8100,14800,14800,12100,9900,9900,8100,12100,9900,8100,5400
tracksuit bottoms,9900,6600,8100,12100,14800,18100,14800,12100,9900,9900,8100,8100,6600
hiking trousers,9900,6600,8100,9900,8100,9900,8100,14800,9900,12100,9900,9900,9900
gym leggings women,9900,6600,8100,9900,9900,12100,14800,14800,12100,12100,8100,6600,5400
90s outfits,9900,9900,8100,8100,9900,9900,6600,12100,9900,12100,12100,12100,9900
grey tracksuit,9900,5400,8100,12100,14800,18100,14800,12100,9900,9900,8100,6600,4400
womens walking trousers,9900,6600,8100,9900,9900,9900,8100,14800,9900,12100,9900,9900,6600
folk clothing,9900,9900,8100,9900,9900,12100,12100,9900,8100,8100,9900,9900,9900
brown trousers,9900,4400,8100,14800,18100,12100,9900,9900,8100,8100,6600,6600,5400
gym tops for women,9900,9900,8100,9900,9900,12100,12100,14800,12100,12100,9900,8100,8100
john galliano,9900,9900,8100,9900,9900,8100,6600,9900,8100,18100,8100,12100,6600
white cardigan,8100,9900,8100,8100,6600,5400,5400,5400,6600,9900,12100,12100,8100
long sleeve wedding guest dresses,8100,6600,8100,12100,9900,5400,3600,8100,8100,9900,8100,8100,5400
white cardigan sweater,8100,9900,8100,8100,6600,5400,5400,5400,6600,9900,12100,12100,8100
long sleeve wedding guest outfit,8100,6600,8100,12100,9900,5400,3600,8100,8100,9900,8100,8100,5400
linen pants,8100,12100,8100,4400,2900,2900,2400,3600,4400,8100,9900,14800,14800
emerald green dress,8100,9900,8100,8100,9900,9900,6600,8100,6600,8100,8100,8100,8100
silk dress,8100,12100,8100,8100,6600,6600,6600,8100,8100,9900,8100,9900,9900
sun dresses,8100,14800,8100,4400,2900,2400,2400,4400,5400,6600,8100,14800,12100
work clothes,8100,8100,8100,12100,9900,8100,5400,8100,8100,8100,6600,6600,6600
navy blue dress,8100,9900,8100,8100,6600,6600,5400,6600,6600,8100,8100,8100,9900
activewear,8100,8100,8100,8100,8100,8100,8100,9900,8100,9900,8100,8100,8100
mens fashion,8100,8100,8100,9900,9900,9900,9900,8100,6600,8100,8100,6600,5400
light blue dress,8100,12100,8100,5400,5400,4400,3600,6600,6600,9900,9900,12100,12100
black jeans women,8100,5400,8100,12100,12100,14800,12100,9900,8100,8100,6600,5400,3600
babydoll dress,8100,9900,8100,5400,6600,6600,6600,6600,6600,8100,9900,18100,12100
birthday dresses for women,8100,8100,8100,8100,8100,8100,6600,9900,6600,8100,6600,6600,6600
pink mini dress,8100,9900,8100,6600,8100,3600,3600,6600,8100,9900,9900,9900,9900
parka jacket,8100,8100,8100,12100,14800,14800,12100,9900,6600,5400,3600,5400,2900
dsquared jeans,8100,6600,8100,8100,9900,9900,12100,8100,6600,8100,5400,5400,4400
nakd fashion,8100,6600,8100,8100,8100,12100,6600,6600,5400,6600,6600,8100,6600
baby girl dresses,8100,8100,8100,8100,8100,8100,8100,8100,9900,12100,8100,9900,6600
mens boxer shorts,8100,8100,8100,6600,8100,12100,14800,5400,5400,5400,5400,6600,8100
1920s fashion,8100,8100,8100,9900,12100,12100,9900,12100,8100,8100,6600,6600,5400
petite maxi dresses,8100,12100,8100,5400,4400,3600,2900,4400,5400,8100,9900,12100,12100
baby blue dress,8100,12100,8100,5400,4400,3600,2900,6600,6600,9900,12100,14800,12100
70s outfits,8100,8100,8100,8100,8100,6600,5400,9900,8100,8100,8100,6600,6600
backless top,8100,8100,8100,6600,5400,6600,8100,8100,8100,8100,8100,8100,8100
sportswear,8100,8100,8100,9900,8100,8100,8100,8100,6600,6600,6600,6600,6600
goth clothing,8100,6600,8100,8100,9900,9900,8100,6600,5400,6600,6600,6600,5400
blue dresses for women,8100,9900,8100,6600,5400,4400,3600,6600,6600,8100,9900,9900,9900
designer t shirts,8100,9900,8100,6600,6600,8100,8100,4400,5400,6600,6600,8100,8100
crewneck,8100,6600,8100,8100,9900,9900,9900,9900,6600,6600,8100,6600,6600
night dress for women,8100,8100,8100,6600,8100,9900,9900,8100,6600,6600,6600,8100,8100
mens black cargo pants,8100,6600,8100,12100,12100,12100,12100,8100,8100,8100,6600,5400,4400
mens white t shirts,8100,9900,8100,6600,6600,9900,9900,5400,5400,8100,8100,9900,9900
yellow maxi dress,8100,12100,8100,3600,2400,1900,1600,4400,5400,9900,12100,14800,12100
mens designer shirts,8100,9900,8100,8100,8100,9900,12100,5400,6600,8100,6600,8100,8100
premature baby clothes,8100,8100,8100,8100,9900,9900,9900,9900,6600,8100,6600,6600,6600
flare jeans men,8100,6600,8100,9900,9900,9900,12100,9900,6600,8100,6600,5400,4400
brown maxi dress,8100,8100,8100,9900,9900,8100,5400,6600,6600,8100,8100,8100,8100
lilac dresses,8100,12100,8100,5400,5400,3600,2900,6600,6600,9900,9900,9900,9900
2000s fashion,8100,9900,8100,8100,8100,8100,6600,9900,8100,9900,8100,8100,8100
80s fashion women,8100,9900,8100,8100,8100,8100,6600,8100,6600,6600,6600,6600,5400
70 outfits,8100,8100,8100,8100,8100,6600,5400,9900,8100,8100,8100,6600,6600
blue and black dress,8100,9900,8100,6600,8100,8100,6600,8100,8100,9900,6600,6600,6600
gothic style clothing,8100,6600,8100,8100,9900,9900,8100,6600,5400,6600,6600,6600,5400
1970s outfit,8100,8100,8100,8100,8100,6600,5400,9900,8100,8100,8100,6600,6600
00s fashion,8100,9900,8100,8100,8100,8100,6600,9900,8100,9900,8100,8100,8100
2000s style,8100,9900,8100,8100,8100,8100,6600,9900,8100,9900,8100,8100,8100
2000 style,8100,9900,8100,8100,8100,8100,6600,9900,8100,9900,8100,8100,8100
style attic,8100,9900,8100,8100,8100,8100,6600,6600,8100,8100,9900,9900,8100
black wide leg trousers,6600,5400,8100,9900,9900,9900,8100,8100,5400,6600,5400,5400,4400
petite wide leg pants,6600,8100,8100,9900,6600,5400,5400,5400,4400,6600,6600,6600,4400
petite wide leg trousers,6600,8100,8100,9900,6600,5400,5400,5400,4400,6600,6600,6600,4400
slouchy boots,6600,3600,8100,9900,12100,9900,8100,6600,4400,4400,2900,2900,2400
mens casual dress shirts,6600,8100,8100,8100,6600,8100,8100,4400,4400,5400,5400,6600,5400
casual shirts mens,6600,8100,8100,8100,6600,8100,8100,4400,4400,5400,5400,6600,5400
shirt for tuxedo,6600,8100,8100,8100,8100,9900,8100,5400,5400,6600,6600,8100,8100
petite wide leg dress pants,6600,8100,8100,9900,6600,5400,5400,5400,4400,6600,6600,6600,4400
petite trousers wide leg,6600,8100,8100,9900,6600,5400,5400,5400,4400,6600,6600,6600,4400
wide legs pants petite,6600,8100,8100,9900,6600,5400,5400,5400,4400,6600,6600,6600,4400
trousers wide leg petite,6600,8100,8100,9900,6600,5400,5400,5400,4400,6600,6600,6600,4400
wide leg pants on petites,6600,8100,8100,9900,6600,5400,5400,5400,4400,6600,6600,6600,4400
linen pants women,6600,12100,8100,3600,2400,1900,1900,3600,4400,6600,9900,14800,14800
skims dress,6600,9900,8100,6600,6600,6600,6600,8100,6600,6600,6600,6600,6600
mens linen pants,6600,12100,8100,4400,2900,2400,2400,3600,4400,5400,8100,12100,12100
jean shorts,6600,14800,8100,4400,3600,2900,2400,3600,3600,6600,8100,14800,12100
mens tank tops,6600,12100,8100,5400,4400,4400,4400,4400,3600,4400,5400,9900,9900
black denim jacket,6600,6600,8100,8100,6600,5400,4400,4400,5400,8100,9900,8100,5400
casual dresses,6600,8100,8100,6600,5400,5400,5400,5400,6600,6600,6600,6600,6600
chino pants,6600,8100,8100,8100,6600,6600,5400,5400,5400,5400,6600,6600,6600
rain coat women,6600,6600,8100,22200,8100,6600,3600,3600,4400,3600,2900,4400,8100
gym shorts men,6600,9900,8100,6600,5400,6600,6600,5400,5400,6600,6600,8100,8100
white swimsuit,6600,9900,8100,5400,2900,2400,2400,8100,8100,9900,9900,9900,8100
maternity wedding guest dress,6600,9900,8100,5400,3600,2400,2400,5400,5400,8100,9900,9900,8100
polo t shirts,6600,12100,8100,6600,5400,5400,5400,4400,4400,6600,6600,8100,9900
mens linen shorts,6600,14800,8100,4400,1900,1900,1600,2900,3600,4400,6600,14800,18100
linen shorts women,6600,14800,8100,3600,1900,1300,1600,2900,3600,4400,5400,14800,18100
ladies tops,6600,8100,8100,6600,5400,6600,6600,5400,6600,8100,9900,9900,6600
french connection dresses,6600,12100,8100,5400,4400,5400,3600,3600,3600,5400,6600,8100,8100
baggy jeans women,6600,6600,8100,8100,8100,8100,8100,6600,5400,8100,6600,5400,4400
freemans dresses,6600,12100,8100,6600,5400,4400,2400,3600,5400,6600,8100,8100,8100
mens casual shirts,6600,8100,8100,8100,6600,8100,8100,4400,4400,5400,5400,6600,5400
cropped trousers,6600,12100,8100,4400,2900,2400,1900,3600,4400,6600,9900,14800,12100
boss polo shirts,6600,9900,8100,6600,5400,9900,9900,4400,4400,5400,6600,8100,8100
yellow dresses for women,6600,12100,8100,4400,3600,1900,1900,3600,5400,8100,9900,12100,12100
brunch outfits,6600,9900,8100,6600,5400,4400,1900,6600,8100,12100,9900,8100,6600
tailored shorts,6600,12100,8100,3600,2900,2400,2400,2400,2900,4400,5400,12100,22200
marc darcy suits,6600,8100,8100,6600,6600,5400,4400,8100,6600,8100,8100,8100,6600
midi wedding guest dress,6600,9900,8100,5400,3600,2400,1600,4400,6600,8100,9900,12100,9900
wedding outfits,6600,8100,8100,6600,4400,2900,2400,6600,6600,8100,6600,6600,6600
black shorts women,6600,9900,8100,4400,5400,4400,5400,2900,2900,3600,4400,8100,12100
jean skirts for women,6600,9900,8100,6600,5400,4400,3600,4400,5400,8100,8100,9900,8100
singlet,6600,8100,8100,6600,6600,8100,6600,6600,6600,6600,6600,8100,8100
mens shirts sale,6600,9900,8100,8100,6600,8100,9900,6600,5400,5400,5400,6600,6600
mother of the bride outfits for over 50s,6600,8100,8100,6600,5400,3600,2900,12100,9900,8100,6600,4400,3600
chino trousers,6600,8100,8100,8100,6600,6600,5400,5400,5400,5400,6600,6600,6600
1950s dresses,6600,8100,8100,6600,5400,5400,4400,6600,5400,5400,6600,5400,5400
mens t shirt sale,6600,9900,8100,5400,4400,6600,8100,4400,4400,5400,6600,8100,8100
klass dresses,6600,12100,8100,5400,5400,5400,3600,4400,6600,6600,6600,9900,9900
evening wedding guest dresses,6600,8100,8100,8100,5400,2400,1600,3600,5400,8100,8100,9900,9900
50s dress,6600,8100,8100,6600,5400,5400,4400,6600,5400,5400,6600,5400,5400
jeans skirt for women,6600,9900,8100,6600,5400,4400,3600,4400,5400,8100,8100,9900,8100
velour garments,6600,5400,8100,9900,9900,14800,8100,5400,5400,4400,3600,6600,3600
mother of the bride outfits for over 50's,6600,8100,8100,6600,5400,3600,2900,12100,9900,8100,6600,4400,3600
chunky boots,5400,2900,8100,8100,9900,12100,8100,6600,4400,3600,2400,2400,1900
boots chunky,5400,2900,8100,8100,9900,12100,8100,6600,4400,3600,2400,2400,1900
tennis dress,5400,14800,8100,3600,2400,1900,1900,2900,2900,5400,6600,9900,9900
white linen shirt,5400,12100,8100,4400,2400,1900,1600,2400,2900,4400,5400,12100,12100
burnt orange dress,5400,6600,8100,6600,5400,2900,2400,4400,3600,5400,5400,6600,6600
mens shorts sale,5400,9900,8100,4400,2900,2400,2400,2900,2900,3600,4400,8100,8100
black denim shorts,5400,12100,8100,3600,2900,1600,1300,1900,2400,3600,5400,8100,9900
denim mini dress,5400,9900,8100,5400,4400,2900,2400,3600,4400,6600,6600,6600,6600
denim midi dress,5400,9900,8100,5400,2900,1600,1300,2400,3600,6600,8100,8100,6600
mens black shorts,5400,9900,8100,4400,2900,2900,2400,2400,2400,4400,5400,8100,9900
jogger shorts,5400,12100,8100,3600,2400,1900,1900,1900,2400,5400,8100,12100,12100
evening dresses for weddings,5400,8100,8100,6600,4400,2900,2400,4400,4400,5400,5400,5400,5400
a line wedding dress,5400,6600,8100,6600,5400,4400,3600,6600,5400,5400,5400,5400,5400
grunge style,5400,8100,8100,6600,6600,5400,5400,5400,5400,5400,5400,5400,5400
louis vuitton shirts,5400,9900,8100,6600,5400,5400,5400,4400,4400,5400,5400,6600,5400
festival clothing,4400,12100,8100,1900,1000,1000,1300,1900,1900,2900,4400,8100,8100
casablanca shirt,4400,9900,8100,4400,2900,2400,2400,2900,2400,2900,3600,4400,5400
mens white short sleeve shirt,4400,8100,8100,5400,2900,2400,1900,2400,2400,2900,3600,4400,6600
fall clothes women,2900,1600,8100,18100,8100,1600,260,260,320,210,140,110,210
womens autumn clothes,2900,1600,8100,18100,8100,1600,260,260,320,210,140,110,210
met gala,33100,6600,6600,6600,8100,8100,6600,6600,6600,8100,14800,301000,6600
fur coat women,18100,2900,6600,14800,27100,49500,60500,33100,14800,8100,4400,2900,1900
fur jacket women,18100,2900,6600,14800,27100,49500,60500,33100,14800,8100,4400,2900,1900
sandbanks clothing,18100,8100,6600,6600,8100,18100,22200,18100,12100,12100,49500,22200,14800
knitted dress,14800,4400,6600,22200,33100,40500,33100,18100,8100,5400,3600,3600,2900
long female coat,14800,2900,6600,18100,22200,40500,33100,22200,12100,8100,5400,2900,1900
men fleece coat,14800,3600,6600,18100,27100,33100,27100,18100,12100,9900,8100,6600,3600
coats long womens,14800,2900,6600,18100,22200,40500,33100,22200,12100,8100,5400,2900,1900
ladies coat long,14800,2900,6600,18100,22200,40500,33100,22200,12100,8100,5400,2900,1900
mens fleece jacket,14800,3600,6600,18100,27100,33100,27100,18100,12100,9900,8100,6600,3600
long coat,14800,3600,6600,18100,22200,33100,27100,22200,12100,6600,4400,2900,2400
long coat women,14800,2900,6600,18100,22200,40500,33100,22200,12100,8100,5400,2900,1900
fur jacket,14800,2900,6600,14800,22200,40500,40500,22200,12100,8100,3600,2400,1600
long jacket women,14800,2900,6600,18100,22200,40500,33100,22200,12100,8100,5400,2900,1900
summer jacket women,14800,12100,6600,3600,2400,1300,1600,3600,6600,27100,49500,40500,27100
ladies summer jackets,14800,12100,6600,3600,2400,1300,1600,3600,6600,27100,49500,40500,27100
ladies long coat,14800,2900,6600,18100,22200,40500,33100,22200,12100,8100,5400,2900,1900
fleece jacket men,14800,3600,6600,18100,27100,33100,27100,18100,12100,9900,8100,6600,3600
mens fleece coat,14800,3600,6600,18100,27100,33100,27100,18100,12100,9900,8100,6600,3600
mens microfleece jacket,14800,3600,6600,18100,27100,33100,27100,18100,12100,9900,8100,6600,3600
jacket fleece mens,14800,3600,6600,18100,27100,33100,27100,18100,12100,9900,8100,6600,3600
knee boots for women,12100,3600,6600,18100,22200,27100,27100,12100,6600,4400,2900,1900,1600
ladies knee high boots,12100,3600,6600,18100,22200,27100,27100,12100,6600,4400,2900,1900,1600
ladies knee boots,12100,3600,6600,18100,22200,27100,27100,12100,6600,4400,2900,1900,1600
ladies high boots,12100,3600,6600,18100,22200,27100,27100,12100,6600,4400,2900,1900,1600
black boots women,12100,3600,6600,14800,22200,27100,22200,14800,8100,5400,3600,2900,2900
male winter coats,12100,2400,6600,22200,27100,40500,18100,14800,5400,2400,1600,1300,1000
womens coats sale,12100,3600,6600,12100,14800,22200,33100,27100,14800,9900,5400,3600,2400
mens designer sweatshirts,12100,5400,6600,12100,14800,22200,22200,9900,9900,12100,6600,5400,3600
black ankle boots,9900,3600,6600,18100,22200,22200,18100,12100,9900,6600,4400,3600,2400
long sleeve mini dress,9900,4400,6600,12100,14800,18100,18100,12100,9900,9900,8100,5400,4400
brown boots women,9900,2900,6600,18100,22200,22200,18100,9900,6600,4400,2900,1900,1900
black ankle boots for women,9900,3600,6600,18100,18100,22200,18100,12100,8100,6600,3600,2400,1900
ladies black ankle boots,9900,3600,6600,18100,18100,22200,18100,12100,8100,6600,3600,2400,1900
long sleeve mini,9900,4400,6600,12100,14800,18100,18100,12100,9900,9900,8100,5400,4400
black boots women ankle,9900,3600,6600,18100,18100,22200,18100,12100,8100,6600,3600,2400,1900
ankle boots for women black,9900,3600,6600,18100,18100,22200,18100,12100,8100,6600,3600,2400,1900
puffer jacket men,9900,2400,6600,18100,18100,27100,18100,14800,8100,5400,2900,2400,1900
leather jacket men,9900,4400,6600,12100,14800,18100,14800,12100,9900,9900,8100,6600,4400
winter dresses,9900,2400,6600,22200,27100,27100,18100,9900,4400,1900,880,880,880
helly hansen jacket,9900,4400,6600,12100,12100,18100,14800,14800,9900,8100,6600,6600,5400
gore tex jacket,9900,6600,6600,18100,14800,18100,12100,12100,9900,6600,4400,4400,4400
kids tracksuits,9900,5400,6600,12100,14800,22200,22200,8100,8100,9900,6600,5400,3600
tweed jacket womens,9900,3600,6600,18100,14800,12100,9900,9900,8100,9900,6600,4400,2900
ladies jackets,9900,4400,6600,14800,12100,12100,9900,8100,8100,14800,12100,9900,5400
moose knuckle jacket,9900,4400,6600,14800,14800,18100,14800,14800,8100,5400,4400,3600,2900
girls tracksuit,9900,4400,6600,12100,14800,22200,18100,9900,8100,8100,5400,5400,4400
mens walking trousers,9900,5400,6600,12100,12100,14800,14800,14800,12100,12100,8100,8100,5400
womens waterproof coat,9900,4400,6600,27100,18100,22200,14800,12100,9900,5400,2900,2900,4400
brown jeans women,9900,1900,6600,18100,22200,14800,9900,9900,9900,8100,5400,3600,1900
schoffel gilet,9900,6600,6600,12100,14800,18100,18100,9900,8100,9900,8100,8100,8100
ladies cardigans,8100,4400,6600,9900,8100,8100,8100,6600,5400,8100,8100,8100,5400
ladies cardigan sweaters,8100,4400,6600,9900,8100,8100,8100,6600,5400,8100,8100,8100,5400
brown trench coats,8100,1900,6600,18100,18100,14800,9900,6600,5400,6600,3600,2400,1300
dress long black,8100,6600,6600,9900,12100,12100,8100,8100,6600,6600,5400,5400,5400
brown trench jacket,8100,1900,6600,18100,18100,14800,9900,6600,5400,6600,3600,2400,1300
mens cargo pants,8100,5400,6600,9900,12100,14800,14800,8100,8100,8100,8100,6600,5400
leggings for women,8100,5400,6600,9900,9900,9900,9900,8100,6600,8100,6600,6600,4400
long sleeve shirts,8100,6600,6600,8100,8100,8100,6600,6600,6600,8100,8100,8100,8100
sweatshirts for women,8100,4400,6600,14800,14800,12100,9900,9900,8100,9900,8100,6600,4400
birthday outfits,8100,6600,6600,8100,8100,6600,5400,9900,8100,8100,8100,6600,6600
sequin mini dress,8100,6600,6600,6600,8100,14800,18100,5400,4400,5400,5400,6600,6600
scruffs work trousers,8100,5400,6600,9900,9900,9900,6600,8100,8100,8100,6600,6600,5400
mens blazer jacket,8100,6600,6600,9900,9900,9900,9900,8100,6600,8100,8100,8100,5400
rhude shorts,8100,12100,6600,3600,2400,1900,2400,3600,4400,6600,9900,18100,18100
baby christmas outfit,8100,4400,6600,12100,14800,27100,22200,880,880,1300,1300,1300,1900
black puffer jacket women,8100,2400,6600,12100,14800,18100,14800,12100,6600,4400,2400,1600,1000
bloomchic uk,8100,8100,6600,6600,5400,5400,4400,6600,6600,8100,9900,12100,14800
holiday dresses for women,8100,8100,6600,5400,3600,2900,2900,8100,8100,9900,9900,12100,12100
parka coat,8100,5400,6600,14800,14800,18100,12100,9900,6600,4400,3600,3600,2400
men's slim fit jeans,8100,5400,6600,9900,9900,12100,12100,8100,8100,8100,6600,5400,4400
ferrari jacket,8100,8100,6600,8100,9900,9900,12100,8100,6600,9900,6600,5400,5400
mens grey jeans,8100,6600,6600,9900,12100,14800,14800,8100,8100,8100,5400,5400,4400
mens sports jacket,8100,6600,6600,9900,9900,9900,9900,8100,6600,8100,8100,8100,5400
women's cocktail dresses,8100,6600,6600,8100,9900,8100,5400,6600,6600,8100,8100,8100,6600
black tracksuit,8100,4400,6600,9900,12100,14800,12100,9900,6600,6600,5400,4400,3600
scotch and soda clothing,8100,6600,6600,8100,8100,9900,9900,8100,6600,6600,6600,6600,6600
mens slim jeans,8100,5400,6600,9900,9900,12100,12100,8100,8100,8100,6600,5400,4400
women jackets sale,8100,4400,6600,9900,9900,12100,12100,12100,8100,9900,8100,5400,3600
virgil abloh,8100,6600,6600,9900,12100,8100,6600,9900,8100,9900,8100,6600,6600
going out clothes women,8100,5400,6600,9900,9900,9900,8100,9900,9900,9900,8100,6600,5400
women's running clothes,8100,6600,6600,6600,6600,8100,9900,12100,8100,9900,9900,8100,5400
phoebe philo,8100,8100,6600,9900,9900,8100,8100,9900,8100,9900,8100,8100,9900
going out outfits women,8100,5400,6600,9900,9900,9900,8100,9900,9900,9900,8100,6600,5400
running outfit women,8100,6600,6600,6600,6600,8100,9900,12100,8100,9900,9900,8100,5400
smart casual outfits for ladies,8100,6600,6600,8100,8100,8100,5400,8100,8100,9900,8100,8100,8100
overshirts,8100,6600,6600,9900,9900,12100,12100,8100,6600,8100,8100,8100,6600
overshirt shirt,8100,6600,6600,9900,9900,12100,12100,8100,6600,8100,8100,8100,6600
large cardigan sweater,6600,3600,6600,14800,12100,9900,8100,6600,5400,6600,6600,4400,2900
leather faux,6600,6600,6600,8100,8100,8100,6600,6600,6600,6600,5400,5400,5400
long cardigan,6600,3600,6600,14800,12100,9900,8100,6600,5400,6600,6600,4400,2900
brown loafers women,6600,3600,6600,12100,9900,5400,4400,8100,6600,6600,5400,4400,2900
suede loafers women,6600,4400,6600,9900,6600,3600,2900,4400,6600,9900,8100,5400,3600
ladies suede loafers,6600,4400,6600,9900,6600,3600,2900,4400,6600,9900,8100,5400,3600
suede penny loafers womens,6600,4400,6600,9900,6600,3600,2900,4400,6600,9900,8100,5400,3600
parachute pants,6600,6600,6600,6600,6600,6600,5400,6600,5400,8100,8100,8100,6600
black cargo pants,6600,6600,6600,8100,8100,8100,6600,5400,5400,6600,5400,5400,4400
dress shirts,6600,6600,6600,6600,6600,8100,6600,6600,5400,6600,5400,6600,6600
high waisted jeans,6600,5400,6600,8100,8100,6600,6600,8100,6600,8100,8100,5400,4400
jeggings,6600,6600,6600,8100,8100,6600,6600,6600,5400,14800,6600,5400,4400
sun dresses for women,6600,12100,6600,3600,1900,1600,1300,3600,3600,4400,6600,12100,14800
tunic tops,6600,6600,6600,8100,6600,6600,4400,5400,5400,6600,6600,6600,5400
white sequin dress,6600,6600,6600,5400,5400,8100,6600,6600,6600,8100,8100,8100,6600
fit and flare dress,6600,8100,6600,5400,5400,5400,4400,5400,5400,6600,8100,8100,8100
black jeans men,6600,5400,6600,8100,9900,9900,9900,6600,6600,6600,5400,4400,3600
floral maxi dress,6600,12100,6600,3600,2400,1900,1600,4400,5400,8100,9900,12100,9900
petite clothing,6600,6600,6600,8100,6600,5400,5400,5400,5400,8100,8100,8100,6600
psg tracksuit,6600,8100,6600,6600,8100,8100,8100,4400,4400,5400,4400,5400,3600
black bomber jacket,6600,4400,6600,9900,9900,9900,8100,6600,6600,8100,6600,5400,3600
white tank top,6600,9900,6600,5400,6600,4400,4400,5400,4400,6600,8100,9900,8100
white lace dress,6600,8100,6600,6600,6600,4400,4400,6600,6600,8100,8100,9900,9900
petite dresses for women,6600,9900,6600,5400,4400,4400,3600,4400,5400,6600,8100,9900,9900
newborn baby clothes,6600,6600,6600,6600,6600,6600,6600,6600,5400,5400,5400,5400,5400
elegant dresses,6600,8100,6600,6600,6600,6600,5400,6600,6600,8100,6600,8100,6600
flare jeans women,6600,5400,6600,9900,9900,8100,9900,8100,6600,8100,6600,4400,3600
childrens clothes,6600,14800,6600,6600,6600,6600,6600,3600,3600,5400,3600,3600,2900
designer baby clothes,6600,6600,6600,6600,6600,6600,6600,6600,5400,6600,5400,5400,4400
cream dress,6600,8100,6600,6600,5400,5400,5400,6600,6600,8100,8100,8100,8100
ladies summer dresses,6600,12100,6600,2400,1600,1000,1300,4400,5400,5400,8100,12100,14800
knit sweater,6600,2900,6600,9900,9900,12100,9900,5400,4400,3600,2900,1900,1600
red maxi dress,6600,8100,6600,5400,6600,9900,6600,6600,6600,6600,8100,8100,8100
capri pants for women,6600,8100,6600,3600,2400,1600,1300,2900,3600,8100,14800,18100,14800
70s fashion,6600,8100,6600,8100,6600,6600,5400,8100,6600,6600,6600,6600,5400
blue maxi dress,6600,9900,6600,5400,3600,2900,2400,4400,5400,8100,9900,12100,9900
fashion eyewear,6600,6600,6600,5400,5400,6600,5400,6600,5400,6600,6600,6600,6600
aspiga dresses,6600,12100,6600,3600,2900,2900,2400,3600,3600,5400,8100,14800,14800
green dress for women,6600,9900,6600,6600,6600,6600,6600,5400,6600,8100,6600,8100,8100
dark blue jeans,6600,4400,6600,9900,9900,9900,9900,8100,6600,6600,5400,4400,3600
winter clothes for women,6600,2400,6600,18100,18100,18100,9900,5400,2400,1300,1000,880,880
black cargo trousers,6600,6600,6600,8100,8100,8100,6600,5400,5400,6600,5400,5400,4400
baby coat,6600,3600,6600,14800,9900,8100,6600,5400,4400,4400,3600,2900,2400
dorothy perkins dresses,6600,9900,6600,5400,4400,6600,4400,4400,5400,5400,6600,12100,9900
cowl neck top,6600,6600,6600,6600,6600,6600,6600,5400,5400,5400,6600,6600,6600
short sets,6600,12100,6600,2900,1900,1600,1900,2400,2900,5400,9900,14800,12100
blouses women,6600,6600,6600,6600,5400,5400,5400,5400,6600,8100,8100,8100,6600
skopes suits,6600,6600,6600,5400,5400,4400,3600,6600,6600,8100,8100,8100,8100
religion clothing,6600,6600,6600,6600,6600,8100,6600,6600,6600,6600,6600,6600,6600
pastel dresses,6600,9900,6600,4400,3600,2400,1900,5400,6600,12100,12100,9900,9900
mens casual trousers,6600,5400,6600,8100,8100,8100,6600,5400,5400,6600,6600,5400,4400
ladies trouser suits for weddings,6600,5400,6600,6600,5400,3600,2900,8100,8100,9900,9900,6600,5400
wedding suits for women,6600,6600,6600,8100,5400,3600,2900,6600,6600,8100,6600,6600,5400
winter wear for women,6600,2400,6600,18100,18100,18100,9900,5400,2400,1300,1000,880,880
maid outfits,6600,6600,6600,6600,8100,5400,5400,6600,6600,5400,5400,5400,5400
winter clothes for ladies,6600,2400,6600,18100,18100,18100,9900,5400,2400,1300,1000,880,880
winter wear for ladies,6600,2400,6600,18100,18100,18100,9900,5400,2400,1300,1000,880,880
plaid shirts,6600,6600,6600,8100,8100,6600,5400,5400,4400,5400,5400,5400,5400
chunky cardigan sweater,5400,2400,6600,9900,8100,6600,4400,8100,4400,3600,3600,2900,1300
bulky cardigan sweaters,5400,2400,6600,9900,8100,6600,4400,8100,4400,3600,3600,2900,1300
loafers women,5400,4400,6600,6600,5400,5400,4400,5400,5400,6600,6600,6600,5400
chunky loafers,5400,4400,6600,9900,8100,8100,5400,6600,5400,5400,4400,3600,2400
maxi dress with sleeves,5400,9900,6600,5400,5400,4400,3600,4400,4400,5400,6600,8100,6600
short sleeve cardigan,5400,6600,6600,5400,3600,2900,2900,2900,2900,5400,8100,9900,6600
grey cardigan,5400,3600,6600,9900,8100,8100,5400,5400,4400,5400,4400,3600,2400
white cardigan women,5400,8100,6600,5400,3600,3600,2900,2900,3600,6600,9900,9900,8100
knit cardigan,5400,3600,6600,9900,8100,8100,6600,5400,4400,4400,3600,3600,2400
gray cardigan,5400,3600,6600,9900,8100,8100,5400,5400,4400,5400,4400,3600,2400
ladies white cardigan,5400,8100,6600,5400,3600,3600,2900,2900,3600,6600,9900,9900,8100
short sleeve cardigan sweater,5400,6600,6600,5400,3600,2900,2900,2900,2900,5400,8100,9900,6600
grey cardigan sweater,5400,3600,6600,9900,8100,8100,5400,5400,4400,5400,4400,3600,2400
chunky cardigans,5400,2400,6600,9900,8100,6600,4400,8100,4400,3600,3600,2900,1300
loafers chunky,5400,4400,6600,9900,8100,8100,5400,6600,5400,5400,4400,3600,2400
womens white cardigan sweater,5400,8100,6600,5400,3600,3600,2900,2900,3600,6600,9900,9900,8100
knit cardigan sweater,5400,3600,6600,9900,8100,8100,6600,5400,4400,4400,3600,3600,2400
ladies white cardigan sweater,5400,8100,6600,5400,3600,3600,2900,2900,3600,6600,9900,9900,8100
ben sherman dress shirts,5400,6600,6600,5400,5400,6600,6600,4400,4400,5400,5400,5400,5400
work pants,5400,5400,6600,9900,6600,6600,4400,5400,5400,5400,5400,4400,4400
purple jeans,5400,6600,6600,6600,6600,5400,6600,6600,5400,5400,4400,4400,2900
black tie wedding guest dress,5400,5400,6600,6600,5400,4400,2900,4400,4400,5400,6600,8100,6600
white party dress,5400,6600,6600,5400,4400,4400,3600,5400,4400,5400,5400,5400,5400
newborn clothes,5400,6600,6600,6600,5400,5400,5400,6600,5400,5400,5400,5400,4400
mesh dress,5400,6600,6600,6600,6600,6600,6600,5400,5400,5400,5400,5400,4400
pink midi dress,5400,9900,6600,3600,2900,1900,1600,3600,5400,6600,8100,8100,8100
low rise baggy jeans,5400,4400,6600,6600,5400,8100,8100,5400,4400,5400,4400,3600,2900
black summer dress,5400,14800,6600,2400,1000,880,880,1900,2400,3600,6600,12100,14800
empire waist dress,5400,6600,6600,4400,3600,4400,3600,5400,5400,6600,6600,8100,6600
mens white pants,5400,8100,6600,5400,5400,4400,3600,3600,3600,4400,5400,6600,6600
olive green dress,5400,6600,6600,5400,4400,4400,2900,5400,5400,6600,6600,8100,8100
petite midi dress,5400,9900,6600,4400,3600,3600,2400,3600,4400,5400,8100,9900,9900
baby store,5400,6600,6600,5400,5400,4400,4400,5400,5400,5400,5400,5400,4400
chub rub shorts,5400,14800,6600,1900,1000,590,480,1000,1000,1900,4400,12100,14800
ladies waterproof jacket,5400,5400,6600,14800,6600,5400,3600,2900,3600,3600,2900,4400,5400
jumpsuits for weddings,5400,6600,6600,5400,4400,2900,1900,5400,6600,8100,6600,8100,5400
sport shorts,5400,9900,6600,4400,3600,3600,2900,2900,3600,4400,5400,8100,9900
office wear,5400,5400,6600,6600,5400,4400,3600,5400,5400,5400,4400,4400,4400
needle and thread dress,5400,6600,6600,5400,3600,3600,3600,5400,6600,6600,6600,6600,6600
phase 8 dresses,5400,8100,6600,4400,4400,3600,2900,5400,5400,6600,6600,8100,8100
white vest top,5400,8100,6600,4400,3600,2400,2400,2900,2900,4400,5400,8100,8100
1950s fashion,5400,6600,6600,6600,5400,5400,4400,5400,5400,5400,4400,5400,4400
white trousers men,5400,8100,6600,5400,5400,4400,3600,3600,3600,4400,5400,6600,6600
pink shirts for men,5400,6600,6600,5400,5400,4400,3600,3600,3600,4400,5400,5400,5400
christening dresses,5400,6600,6600,5400,4400,2900,1900,5400,5400,6600,6600,6600,6600
1940s fashion,5400,6600,6600,8100,5400,4400,2900,4400,3600,4400,4400,5400,4400
elastic waist trousers,5400,5400,6600,8100,6600,5400,5400,5400,5400,6600,5400,5400,4400
workwear pants,5400,5400,6600,9900,6600,6600,4400,5400,5400,5400,5400,4400,4400
kaleidoscope clothing,5400,8100,6600,6600,5400,4400,4400,4400,5400,6600,6600,6600,5400
bottomless brunch outfit,5400,6600,6600,5400,4400,3600,1600,5400,6600,9900,8100,6600,5400
old money outfits,5400,8100,6600,5400,5400,4400,4400,4400,3600,4400,4400,4400,4400
cropped denim jacket,4400,6600,6600,4400,2900,1900,1900,1900,2900,6600,9900,9900,5400
oversized t shirt men,4400,6600,6600,4400,2900,2900,2900,2400,2400,3600,4400,5400,5400
mens jean shorts,4400,8100,6600,2900,1900,1300,1300,1600,2400,3600,5400,9900,9900
cropped jean jacket,4400,6600,6600,4400,2900,1900,1900,1900,2900,6600,9900,9900,5400
cut out swimsuit,4400,8100,6600,4400,2400,1600,1600,4400,4400,4400,5400,6600,5400
anti chafe shorts,4400,12100,6600,3600,1600,1000,880,1300,1300,2400,4400,9900,12100
white short sleeve shirt,4400,8100,6600,4400,3600,1900,1600,1900,1900,2900,3600,5400,6600
bike shorts men,4400,8100,6600,4400,3600,3600,3600,2900,3600,4400,5400,6600,6600
red wedding guest dress,4400,8100,6600,4400,3600,2400,1600,3600,3600,4400,5400,6600,5400
summer wedding outfits men,4400,12100,6600,1900,1000,720,590,1900,1900,2900,4400,6600,8100
m&co dresses,4400,8100,6600,3600,3600,2900,2400,1900,2400,2900,3600,6600,6600
g star jeans,3600,2400,6600,3600,3600,4400,4400,3600,2900,2900,2400,2400,1600
casablanca clothing,3600,6600,6600,3600,3600,2900,2900,2900,2400,2900,2900,3600,3600
mens white shorts,3600,9900,6600,3600,2400,1600,1300,1600,1900,2400,3600,5400,6600
ganni tshirt,3600,8100,6600,3600,2400,2400,2900,2900,2900,3600,3600,4400,4400
pink ladies jacket,2900,3600,6600,2900,2900,1600,1000,2400,2400,2900,2900,2400,2400
mens ski jacket,14800,3600,5400,12100,18100,33100,27100,40500,22200,12100,3600,2400,1900
sequin shorts,14800,6600,5400,4400,8100,33100,74000,5400,3600,4400,3600,6600,12100
overcoat men,12100,3600,5400,12100,18100,27100,27100,18100,12100,8100,4400,2900,1900
mens over coat,12100,3600,5400,12100,18100,27100,27100,18100,12100,8100,4400,2900,1900
men's overcoats,12100,3600,5400,12100,18100,27100,27100,18100,12100,8100,4400,2900,1900
over coat for men,12100,3600,5400,12100,18100,27100,27100,18100,12100,8100,4400,2900,1900
topcoats mens,12100,3600,5400,12100,18100,27100,27100,18100,12100,8100,4400,2900,1900
topcoats for men,12100,3600,5400,12100,18100,27100,27100,18100,12100,8100,4400,2900,1900
male overcoat,12100,3600,5400,12100,18100,27100,27100,18100,12100,8100,4400,2900,1900
mens overcoat,12100,3600,5400,12100,18100,27100,27100,18100,12100,8100,4400,2900,1900
ladies coats,12100,1900,5400,22200,22200,33100,27100,18100,12100,8100,3600,2400,1600
running jacket,12100,3600,5400,12100,14800,22200,22200,27100,14800,12100,8100,6600,4400
mens knit sweater,12100,2900,5400,14800,18100,33100,33100,12100,8100,6600,4400,2900,1900
wide calf knee high boots,9900,2900,5400,14800,22200,27100,18100,12100,6600,4400,2900,1900,1300
wide leg knee high boots,9900,2900,5400,14800,22200,27100,18100,12100,6600,4400,2900,1900,1300
wide calf knee boots,9900,2900,5400,14800,22200,27100,18100,12100,6600,4400,2900,1900,1300
wide calf high boots,9900,2900,5400,14800,22200,27100,18100,12100,6600,4400,2900,1900,1300
ankle boots women,9900,2400,5400,14800,18100,27100,18100,14800,8100,5400,3600,1900,1600
long sleeve long black dress,9900,4400,5400,9900,14800,18100,14800,12100,9900,8100,5400,4400,3600
male trench coat,9900,3600,5400,12100,14800,18100,14800,12100,8100,8100,5400,4400,3600
mens trench overcoat,9900,3600,5400,12100,14800,18100,14800,12100,8100,8100,5400,4400,3600
trench coat guy,9900,3600,5400,12100,14800,18100,14800,12100,8100,8100,5400,4400,3600
mens bomber jacket,9900,4400,5400,12100,12100,14800,14800,8100,8100,9900,8100,6600,4400
trench coat men,9900,3600,5400,12100,14800,18100,14800,12100,8100,8100,5400,4400,3600
ladies pyjamas,9900,4400,5400,9900,12100,27100,33100,8100,6600,6600,4400,4400,3600
mens tracksuit set,9900,3600,5400,9900,12100,18100,18100,9900,8100,8100,6600,5400,3600
down jackets,9900,3600,5400,12100,14800,22200,14800,14800,8100,6600,4400,3600,2900
black dress long sleeve,9900,4400,5400,9900,14800,18100,14800,12100,9900,8100,5400,4400,3600
daphne guinness,9900,5400,5400,22200,22200,8100,12100,8100,8100,6600,4400,5400,4400
flat knee high boots,8100,3600,5400,14800,18100,18100,14800,8100,5400,4400,2400,1900,1600
flat knee boots,8100,3600,5400,14800,18100,18100,14800,8100,5400,4400,2400,1900,1600
flat high boots,8100,3600,5400,14800,18100,18100,14800,8100,5400,4400,2400,1900,1600
brown ankle boots,8100,1900,5400,14800,18100,18100,12100,8100,6600,4400,2400,1900,1600
ankle booties for women,8100,2900,5400,14800,18100,18100,18100,9900,6600,4400,2900,2400,1600
female ankle boots,8100,2900,5400,14800,18100,18100,18100,9900,6600,4400,2900,2400,1600
ladies ankle shoes,8100,2900,5400,14800,18100,18100,18100,9900,6600,4400,2900,2400,1600
alo leggings,8100,4400,5400,8100,8100,9900,12100,12100,9900,9900,9900,8100,6600
boys hoodies,8100,3600,5400,9900,12100,18100,18100,5400,5400,6600,5400,4400,2900
girls hoodies,8100,4400,5400,9900,9900,18100,18100,5400,5400,5400,4400,4400,3600
party outfit,8100,5400,5400,6600,8100,14800,12100,8100,6600,6600,6600,5400,5400
mens hoodies sale,8100,3600,5400,9900,12100,18100,22200,9900,6600,6600,5400,4400,2900
chrome hearts hoodie,8100,4400,5400,6600,9900,12100,12100,9900,8100,8100,6600,6600,4400
mens summer jacket,8100,8100,5400,2900,1600,1600,1600,2400,4400,14800,27100,22200,14800
jeans and a nice top,8100,4400,5400,8100,6600,6600,6600,8100,9900,9900,9900,6600,4400
faux leather jacket,6600,2400,5400,9900,12100,9900,8100,6600,6600,8100,6600,4400,2400
red leather jacket,6600,3600,5400,8100,14800,8100,5400,5400,5400,5400,5400,5400,3600
faux leather blazer,6600,2400,5400,9900,12100,9900,8100,6600,6600,8100,6600,4400,2400
faux leather coat,6600,2400,5400,9900,12100,9900,8100,6600,6600,8100,6600,4400,2400
pleather jacket,6600,2400,5400,9900,12100,9900,8100,6600,6600,8100,6600,4400,2400
red leather coat,6600,3600,5400,8100,14800,8100,5400,5400,5400,5400,5400,5400,3600
red leather biker jacket,6600,3600,5400,8100,14800,8100,5400,5400,5400,5400,5400,5400,3600
fake leather jackets,6600,2400,5400,9900,12100,9900,8100,6600,6600,8100,6600,4400,2400
fake leather coat,6600,2400,5400,9900,12100,9900,8100,6600,6600,8100,6600,4400,2400
jacket faux leather,6600,2400,5400,9900,12100,9900,8100,6600,6600,8100,6600,4400,2400
leather & faux leather jackets,6600,2400,5400,9900,12100,9900,8100,6600,6600,8100,6600,4400,2400
burgundy cardigan,6600,1900,5400,14800,12100,12100,9900,4400,2900,2900,1900,1600,1000
mens casual coats,6600,4400,5400,9900,8100,9900,8100,5400,5400,8100,8100,6600,4400
mens lightweight coat,6600,5400,5400,8100,6600,5400,4400,3600,4400,8100,9900,8100,4400
pufferjackets,6600,1900,5400,12100,12100,14800,8100,8100,4400,4400,2400,1600,1300
leather red jacket,6600,3600,5400,8100,14800,8100,5400,5400,5400,5400,5400,5400,3600
men clothing,6600,5400,5400,6600,8100,9900,9900,5400,5400,6600,6600,6600,5400
cashmere sweater,6600,2900,5400,9900,12100,14800,12100,8100,5400,4400,3600,2900,2400
hoodrich tracksuit,6600,5400,5400,6600,8100,12100,12100,5400,4400,5400,3600,3600,2400
gym clothes men,6600,5400,5400,6600,6600,8100,8100,8100,6600,6600,5400,5400,5400
white corset top,6600,6600,5400,5400,12100,3600,3600,4400,5400,8100,8100,8100,6600
cute tops,6600,6600,5400,5400,5400,8100,6600,6600,6600,8100,8100,8100,6600
cotton dresses,6600,12100,5400,3600,2400,1900,1900,2900,3600,4400,6600,12100,18100
petite clothing for women,6600,5400,5400,6600,6600,5400,5400,5400,6600,8100,8100,8100,6600
formal dresses for women,6600,6600,5400,6600,6600,6600,4400,5400,6600,6600,6600,6600,6600
hunza g swimsuit,6600,6600,5400,4400,2900,3600,5400,8100,5400,5400,6600,9900,12100
satin pants,6600,4400,5400,6600,8100,9900,12100,5400,5400,6600,6600,8100,5400
black party dress,6600,4400,5400,8100,9900,14800,9900,6600,5400,5400,5400,4400,3600
petite jeans for women,6600,3600,5400,8100,8100,6600,6600,6600,6600,8100,6600,4400,2900
baby girl outfits,6600,5400,5400,6600,6600,8100,8100,6600,6600,6600,6600,5400,5400
mens casual jackets,6600,4400,5400,9900,8100,9900,8100,5400,5400,8100,8100,6600,4400
lightweight jacket,6600,5400,5400,6600,4400,3600,2900,2900,4400,12100,14800,12100,8100
embroidered jeans,6600,4400,5400,5400,5400,8100,8100,6600,6600,8100,6600,5400,4400
light jacket,6600,5400,5400,6600,4400,3600,2900,2900,4400,12100,14800,12100,8100
light jacket women,6600,3600,5400,6600,4400,2900,2400,3600,5400,12100,12100,9900,6600
mens light jacket,6600,5400,5400,8100,6600,5400,4400,3600,4400,8100,9900,8100,4400
lightweight jacket women,6600,3600,5400,6600,4400,2900,2400,3600,5400,12100,12100,9900,6600
summer trousers women,6600,9900,5400,2400,1300,1000,1000,2900,4400,6600,12100,18100,14800
satin trousers,6600,4400,5400,6600,8100,9900,12100,5400,5400,6600,6600,8100,5400
mens straight leg jeans,6600,4400,5400,8100,8100,9900,12100,6600,5400,6600,4400,4400,2900
mens harrington jacket,6600,4400,5400,6600,6600,8100,8100,5400,6600,9900,9900,6600,4400
pinafore dress women,6600,3600,5400,9900,12100,9900,8100,6600,4400,3600,2900,2400,1900
running gear for men,6600,5400,5400,6600,6600,9900,12100,9900,8100,8100,8100,6600,4400
running clothes men,6600,5400,5400,6600,6600,9900,12100,9900,8100,8100,8100,6600,4400
country clothes,6600,5400,5400,8100,9900,12100,12100,6600,5400,5400,4400,4400,4400
ladies petite clothing,6600,5400,5400,6600,6600,5400,5400,5400,6600,8100,8100,8100,6600
the style attic,6600,6600,5400,6600,6600,5400,4400,5400,6600,8100,8100,8100,6600
brown leather jacket womens,5400,2400,5400,8100,9900,8100,6600,5400,5400,6600,5400,3600,2400
ladies brown leather jacket,5400,2400,5400,8100,9900,8100,6600,5400,5400,6600,5400,3600,2400
brown leather coat womens,5400,2400,5400,8100,9900,8100,6600,5400,5400,6600,5400,3600,2400
brown leather jacket female,5400,2400,5400,8100,9900,8100,6600,5400,5400,6600,5400,3600,2400
womens brown biker jacket,5400,2400,5400,8100,9900,8100,6600,5400,5400,6600,5400,3600,2400
cashmere cardigan,5400,2900,5400,8100,8100,8100,8100,4400,2900,3600,2900,2900,2400
cropped cardigan,5400,4400,5400,8100,6600,5400,5400,4400,4400,6600,6600,6600,4400
navy cardigan,5400,3600,5400,8100,6600,5400,3600,4400,4400,5400,5400,5400,3600
cream cardigan,5400,4400,5400,8100,6600,5400,5400,4400,3600,5400,6600,6600,4400
yellow cardigan,5400,4400,5400,4400,5400,2900,2400,3600,5400,12100,12100,6600,3600
cropped cardigan sweater,5400,4400,5400,8100,6600,5400,5400,4400,4400,6600,6600,6600,4400
palazzo trousers,5400,6600,5400,4400,3600,2900,5400,3600,4400,5400,8100,9900,8100
brown wide leg pants,5400,2400,5400,12100,12100,8100,5400,5400,5400,5400,4400,3600,2900
green cardigan sweater,5400,3600,5400,8100,6600,5400,5400,4400,4400,6600,5400,4400,2400
navy cardigan sweater,5400,3600,5400,8100,6600,5400,3600,4400,4400,5400,5400,5400,3600
cashmere cardigan sweater,5400,2900,5400,8100,8100,8100,8100,4400,2900,3600,2900,2900,2400
brown wide leg trousers,5400,2400,5400,12100,12100,8100,5400,5400,5400,5400,4400,3600,2900
yellow cardigan sweater,5400,4400,5400,4400,5400,2900,2400,3600,5400,12100,12100,6600,3600
green cardigans,5400,3600,5400,8100,6600,5400,5400,4400,4400,6600,5400,4400,2400
wide leg trousers brown,5400,2400,5400,12100,12100,8100,5400,5400,5400,5400,4400,3600,2900
brown trousers wide leg,5400,2400,5400,12100,12100,8100,5400,5400,5400,5400,4400,3600,2900
brown pants wide leg,5400,2400,5400,12100,12100,8100,5400,5400,5400,5400,4400,3600,2900
palazzo trouser pants,5400,6600,5400,4400,3600,2900,5400,3600,4400,5400,8100,9900,8100
biker jacket,5400,4400,5400,6600,6600,6600,5400,5400,5400,6600,5400,4400,2900
leather jacket brown womens,5400,2400,5400,8100,9900,8100,6600,5400,5400,6600,5400,3600,2400
cargo pants for women,5400,5400,5400,5400,5400,4400,3600,4400,4400,6600,6600,6600,5400
mens pants,5400,5400,5400,5400,6600,9900,9900,4400,4400,4400,4400,4400,4400
sweater vest,5400,3600,5400,6600,8100,6600,6600,6600,4400,5400,3600,2900,2400
track pants,5400,4400,5400,6600,6600,8100,6600,5400,5400,5400,5400,5400,4400
work dresses for women,5400,5400,5400,6600,5400,4400,2900,5400,5400,5400,5400,5400,5400
kids suits,5400,8100,5400,5400,4400,3600,3600,4400,4400,5400,5400,5400,6600
stretch jeans,5400,3600,5400,8100,6600,5400,4400,4400,5400,6600,5400,3600,2400
girls leggings,5400,3600,5400,8100,6600,6600,5400,5400,4400,5400,5400,4400,3600
forever new dresses,5400,8100,5400,3600,2900,3600,2900,3600,4400,5400,8100,8100,8100
1920s dress,5400,4400,5400,6600,8100,8100,5400,6600,4400,4400,3600,3600,2900
mens denim jacket,5400,4400,5400,6600,6600,6600,5400,4400,4400,6600,6600,5400,4400
sandro dress,5400,6600,5400,3600,3600,3600,3600,4400,4400,6600,6600,8100,9900
kids jackets,5400,2900,5400,9900,6600,8100,6600,5400,3600,4400,3600,2900,2400
boys clothes sale,5400,5400,5400,5400,5400,6600,9900,6600,5400,6600,5400,4400,3600
green maxi dress,5400,6600,5400,4400,3600,4400,2900,4400,4400,6600,8100,8100,8100
designer clothes,5400,6600,5400,5400,6600,8100,6600,5400,4400,5400,4400,5400,4400
satin maxi dress,5400,6600,5400,5400,4400,5400,3600,5400,4400,6600,6600,8100,6600
winter clothes,5400,2900,5400,12100,9900,12100,5400,4400,1900,1300,1000,1300,1600
chore jacket,5400,3600,5400,5400,5400,5400,5400,4400,4400,6600,6600,8100,4400
ladies winter coats,5400,1600,5400,14800,14800,14800,8100,6600,2900,1000,720,480,590
bdg jeans,5400,4400,5400,5400,6600,6600,6600,5400,4400,5400,5400,4400,3600
summer midi dress,5400,12100,5400,2400,1300,1300,1300,2900,2900,5400,8100,12100,12100
tennis clothes women,5400,9900,5400,3600,2900,1900,1900,2900,2900,4400,6600,6600,8100
petite wide leg jeans,5400,3600,5400,9900,8100,6600,5400,5400,4400,5400,4400,2900,1900
unisex baby clothes,5400,6600,5400,6600,5400,4400,5400,6600,5400,5400,5400,4400,4400
ladies clothes,5400,5400,5400,6600,5400,6600,6600,5400,5400,6600,6600,5400,4400
levi's denim jacket,5400,4400,5400,5400,5400,5400,4400,4400,4400,5400,6600,5400,4400
jean jacket men,5400,4400,5400,6600,6600,6600,5400,4400,4400,6600,6600,5400,4400
pleated trousers,5400,5400,5400,6600,5400,6600,5400,5400,5400,6600,5400,6600,6600
brown midi dress,5400,5400,5400,6600,6600,5400,3600,3600,4400,5400,4400,5400,5400
tennis outfit women,5400,9900,5400,3600,2900,1900,1900,2900,2900,4400,6600,6600,8100
clubbing outfits,5400,5400,5400,6600,5400,4400,3600,5400,4400,5400,5400,5400,4400
rat and boa dress,5400,5400,5400,3600,2400,2400,1900,4400,4400,6600,6600,9900,8100
ladies cargo pants,5400,5400,5400,5400,5400,4400,3600,4400,4400,6600,6600,6600,5400
black shirts for men,5400,5400,5400,6600,6600,6600,6600,4400,4400,5400,4400,5400,5400
60s fashion,5400,6600,5400,6600,5400,5400,3600,6600,4400,5400,5400,5400,5400
mens designer polo shirts,5400,5400,5400,4400,3600,5400,6600,2900,3600,5400,5400,6600,6600
1980s fashion,5400,6600,5400,6600,5400,5400,5400,6600,4400,5400,4400,5400,5400
knee length dress,5400,6600,5400,3600,4400,4400,2900,3600,3600,4400,5400,8100,8100
ball gown dress,5400,4400,5400,6600,8100,8100,4400,6600,5400,5400,5400,4400,4400
brown hoodies,5400,2400,5400,9900,9900,9900,8100,6600,5400,4400,3600,2900,2400
yumi dresses,5400,8100,5400,3600,2900,3600,2900,3600,4400,5400,6600,6600,6600
cotton dress for women,5400,12100,5400,2400,1900,1600,1300,2400,2900,4400,5400,9900,14800
business casual clothes men,5400,6600,5400,6600,6600,5400,2900,5400,5400,5400,5400,5400,5400
80s fashion men,5400,6600,5400,5400,5400,5400,5400,5400,4400,4400,4400,4400,3600
hanfu,5400,6600,5400,5400,5400,4400,4400,5400,5400,5400,5400,5400,4400
business casual attire for men,5400,6600,5400,6600,6600,5400,2900,5400,5400,5400,5400,5400,5400
1980s fashion men,5400,6600,5400,5400,5400,5400,5400,5400,4400,4400,4400,4400,3600
black shirt dress,4400,6600,5400,5400,4400,3600,2900,3600,3600,4400,4400,4400,4400
chunky loafers women,4400,2400,5400,9900,6600,5400,3600,5400,4400,4400,2900,2400,1600
black tshirt dress,4400,6600,5400,5400,4400,3600,2900,3600,3600,4400,4400,4400,4400
flared black trousers,4400,3600,5400,6600,5400,6600,5400,5400,4400,4400,3600,2900,2400
tshirt dress black,4400,6600,5400,5400,4400,3600,2900,3600,3600,4400,4400,4400,4400
marks spencer wide leg trousers,4400,3600,5400,6600,6600,5400,3600,4400,3600,4400,4400,4400,2900
hooded raincoats for women,4400,4400,5400,12100,6600,4400,2400,2900,3600,2900,2900,3600,6600
denim overcoat mens,4400,4400,5400,5400,5400,5400,4400,4400,4400,5400,5400,4400,2900
maternity pants,4400,5400,5400,4400,4400,4400,4400,5400,4400,4400,4400,4400,3600
nursing tops,4400,4400,5400,5400,5400,4400,4400,5400,4400,5400,4400,4400,3600
cheap clothes,4400,5400,5400,5400,5400,4400,4400,4400,3600,4400,4400,5400,4400
cargo jeans,4400,4400,5400,5400,5400,5400,5400,4400,4400,4400,4400,3600,2900
maternity jumpsuit,4400,5400,5400,4400,4400,4400,4400,4400,4400,5400,4400,4400,2900
work shirts,4400,5400,5400,5400,3600,3600,2900,3600,2900,4400,4400,4400,4400
floral midi dress,4400,8100,5400,2900,1900,1300,1300,2900,3600,6600,6600,8100,6600
cut out dress,4400,6600,5400,3600,2900,2900,2400,2900,2900,3600,4400,5400,5400
maternity pajamas,4400,4400,5400,5400,5400,6600,6600,4400,3600,3600,3600,3600,2900
cropped jeans,4400,6600,5400,3600,2900,2400,1600,2400,2900,5400,8100,8100,5400
boys polo shirts,4400,6600,5400,2900,2900,3600,3600,2400,2900,4400,4400,5400,4400
vintage dresses,4400,5400,5400,4400,3600,3600,2900,4400,4400,4400,4400,4400,4400
white denim shorts,4400,8100,5400,2400,1600,880,720,1600,1900,3600,5400,9900,9900
underwire swimsuits,4400,8100,5400,4400,2400,1900,1900,4400,4400,5400,6600,6600,5400
low rise flare jeans,4400,3600,5400,5400,5400,6600,6600,4400,3600,4400,3600,2900,2400
bandeau swimsuit,4400,6600,5400,3600,1900,1300,1300,2900,2900,3600,4400,6600,5400
short sets for women,4400,9900,5400,1900,1000,880,880,1900,1900,3600,6600,12100,12100
mens white linen pants,4400,8100,5400,3600,1900,1600,1600,1900,2400,2900,4400,6600,8100
elegant dresses for wedding guests,4400,6600,5400,5400,3600,1900,1600,3600,3600,4400,4400,4400,4400
holiday outfits women,4400,5400,5400,3600,2400,1600,1300,3600,3600,5400,6600,6600,5400
alternative clothing,4400,4400,5400,5400,5400,5400,5400,4400,4400,4400,4400,4400,4400
office wear women,4400,4400,5400,5400,3600,2900,2400,4400,3600,4400,3600,3600,3600
women polo shirts,4400,5400,5400,4400,2900,2400,2400,2400,2900,4400,5400,5400,4400
short shorts,4400,6600,5400,3600,2900,2400,2900,3600,2900,4400,5400,6600,6600
finery dresses,4400,8100,5400,3600,2900,2900,2900,2900,2900,4400,4400,5400,5400
moo moo dress,4400,8100,5400,3600,2900,2900,2900,3600,3600,3600,4400,6600,6600
grey shorts,4400,8100,5400,2400,1900,1600,1600,1600,1900,3600,5400,8100,8100
navy wedding guest dress,4400,5400,5400,5400,3600,2400,1300,3600,3600,4400,4400,5400,4400
work shirt,4400,5400,5400,5400,3600,3600,2900,3600,2900,4400,4400,4400,4400
black flared trousers,4400,3600,5400,6600,5400,6600,5400,5400,4400,4400,3600,2900,2400
mens smart trousers,4400,4400,5400,6600,5400,6600,5400,4400,3600,4400,4400,4400,3600
sleeveless tops,4400,8100,5400,3600,2900,2400,1900,1900,2400,3600,4400,8100,9900
black halter neck dress,4400,6600,5400,4400,4400,5400,3600,3600,3600,3600,4400,5400,5400
beach shorts men,4400,6600,5400,2900,1900,1900,1900,2900,2900,3600,4400,6600,6600
mantaray clothing,4400,6600,5400,4400,4400,4400,3600,3600,3600,4400,4400,6600,6600
ladies t shirt,4400,6600,5400,4400,2900,2400,2400,2400,2900,5400,6600,8100,6600
boho chic style,4400,6600,5400,3600,2900,4400,3600,4400,3600,3600,4400,4400,4400
sportswear brand,4400,6600,5400,6600,5400,5400,4400,4400,3600,4400,4400,3600,3600
goose island clothes,4400,6600,5400,3600,4400,3600,2900,3600,3600,4400,4400,5400,5400
sai fashions,4400,5400,5400,3600,3600,2400,3600,2900,3600,8100,4400,8100,4400
mens white linen shirt,3600,8100,5400,2900,1600,1300,1000,1600,1600,1900,2900,4400,6600
white denim jacket,3600,5400,5400,2900,1900,1000,1000,1900,2400,4400,6600,6600,4400
white shorts women,3600,6600,5400,2400,1900,1000,1000,1600,1900,2900,3600,6600,8100
plus size gym wear,3600,4400,5400,4400,3600,2900,2900,5400,3600,4400,3600,3600,2900
mens polo shirts sale,3600,6600,5400,4400,2900,3600,4400,2400,2400,2900,3600,4400,4400
maternity occasion dresses,3600,5400,5400,4400,3600,2900,1600,3600,3600,4400,4400,4400,3600
canterbury shorts,3600,8100,5400,2900,1900,2400,1900,1600,1600,2900,3600,5400,5400
plus size gym clothes,3600,4400,5400,4400,3600,2900,2900,5400,3600,4400,3600,3600,2900
mens jogger shorts,3600,6600,5400,2900,2400,2900,2900,1600,1900,2900,4400,6600,6600
fashion street,3600,4400,5400,5400,4400,3600,2900,3600,3600,3600,3600,3600,2900
high waisted denim shorts,2900,6600,5400,1900,1300,880,880,1300,1600,2400,3600,6600,5400
buffalo clothing brand,2900,3600,5400,4400,4400,2900,1900,2400,2900,3600,1300,3600,1300
moose knuckle coat,12100,2400,4400,12100,18100,33100,22200,18100,14800,6600,3600,2900,1900
ankle wellies,9900,4400,4400,14800,14800,18100,14800,12100,8100,5400,2900,2900,2900
ankle wellington boots,9900,4400,4400,14800,14800,18100,14800,12100,8100,5400,2900,2900,2900
ankle welly boots,9900,4400,4400,14800,14800,18100,14800,12100,8100,5400,2900,2900,2900
mens down coat,9900,2900,4400,12100,14800,22200,14800,14800,8100,6600,3600,2900,1600
down jackets for men,9900,2900,4400,12100,14800,22200,14800,14800,8100,6600,3600,2900,1600
men's goose down jacket,9900,2900,4400,12100,14800,22200,14800,14800,8100,6600,3600,2900,1600
mens feather down jacket,9900,2900,4400,12100,14800,22200,14800,14800,8100,6600,3600,2900,1600
wool coat women,9900,1600,4400,12100,18100,22200,18100,14800,6600,3600,1900,1000,720
down jacket men,9900,2900,4400,12100,14800,22200,14800,14800,8100,6600,3600,2900,1600
summer jacket,9900,8100,4400,2400,1300,1300,1300,2900,5400,18100,27100,27100,14800
mens trench coat,8100,2900,4400,9900,14800,14800,12100,9900,6600,6600,3600,2900,2400
parka men coat,8100,2900,4400,12100,18100,22200,18100,12100,6600,3600,1900,1600,1300
leather shorts,8100,5400,4400,8100,12100,14800,18100,8100,6600,8100,5400,4400,4400
brown leggings,8100,1900,4400,14800,18100,14800,12100,9900,6600,5400,3600,2900,1900
leather trousers,8100,3600,4400,9900,14800,18100,14800,9900,8100,8100,4400,3600,2400
aviator jacket,8100,2400,4400,12100,14800,18100,14800,9900,6600,5400,3600,2400,1600
winter dresses for women,8100,1600,4400,18100,22200,22200,12100,9900,3600,1300,720,590,720
red prom dress,8100,8100,4400,6600,6600,6600,4400,9900,8100,9900,8100,8100,9900
mens parka jacket,8100,2900,4400,12100,18100,22200,18100,12100,6600,3600,1900,1600,1300
capri leggings,8100,6600,4400,3600,2900,2400,1900,2900,3600,8100,14800,22200,22200
carpenter jeans,8100,4400,4400,6600,27100,9900,9900,6600,5400,4400,4400,3600,3600
long winter coat women,8100,2400,4400,12100,14800,22200,12100,12100,4400,2400,1900,1300,720
mens tracksuits sale,8100,3600,4400,8100,9900,14800,18100,8100,6600,6600,5400,5400,3600
mens waterproof trousers,8100,3600,4400,14800,12100,18100,12100,12100,9900,5400,3600,3600,4400
mens parka coat,8100,2900,4400,12100,18100,22200,18100,12100,6600,3600,1900,1600,1300
mens rab jacket,8100,1900,4400,9900,14800,22200,18100,12100,8100,5400,3600,2900,2400
over the knee boots,6600,2400,4400,9900,12100,14800,12100,6600,4400,2900,1900,1600,1300
knee high heeled boots,6600,2900,4400,9900,12100,14800,12100,6600,5400,3600,2400,1900,1300
over the knee high boots,6600,2400,4400,9900,12100,14800,12100,6600,4400,2900,1900,1600,1300
above the knee boots,6600,2400,4400,9900,12100,14800,12100,6600,4400,2900,1900,1600,1300
high heel knee high boots,6600,2900,4400,9900,12100,14800,12100,6600,5400,3600,2400,1900,1300
heeled knee boots,6600,2900,4400,9900,12100,14800,12100,6600,5400,3600,2400,1900,1300
black trench coat women,6600,2900,4400,9900,9900,9900,8100,8100,8100,8100,6600,4400,2400
short trench coat women,6600,2400,4400,8100,6600,4400,3600,3600,5400,12100,12100,6600,3600
heeled ankle boots,6600,2900,4400,9900,12100,14800,12100,8100,6600,5400,2900,2400,1600
brown ankle boots women,6600,1600,4400,14800,18100,14800,12100,8100,5400,3600,1900,1300,1000
wool jumper,6600,2400,4400,12100,12100,14800,14800,9900,5400,3600,2900,2400,1900
brown heel boots,6600,1900,4400,9900,12100,14800,12100,8100,6600,5400,2900,1600,1300
ladies brown ankle boots,6600,1600,4400,14800,18100,14800,12100,8100,5400,3600,1900,1300,1000
ladies black trench coat,6600,2900,4400,9900,9900,9900,8100,8100,8100,8100,6600,4400,2400
womens black trench,6600,2900,4400,9900,9900,9900,8100,8100,8100,8100,6600,4400,2400
black mac coat womens,6600,2900,4400,9900,9900,9900,8100,8100,8100,8100,6600,4400,2400
black trench jacket women's,6600,2900,4400,9900,9900,9900,8100,8100,8100,8100,6600,4400,2400
mens winter dress coats,6600,1600,4400,12100,14800,18100,9900,8100,2900,1600,880,880,880
winter mens overcoat,6600,1600,4400,12100,14800,18100,9900,8100,2900,1600,880,880,880
overcoat for men winter,6600,1600,4400,12100,14800,18100,9900,8100,2900,1600,880,880,880
baby snowsuit,6600,2900,4400,9900,12100,14800,9900,9900,3600,1900,1600,1600,1900
puffer coat women,6600,1600,4400,9900,12100,18100,12100,12100,5400,2400,1300,880,880
mens summer clothes,6600,8100,4400,2900,1900,1900,1900,4400,5400,9900,12100,14800,12100
ever pretty dresses,6600,3600,4400,4400,4400,4400,2900,14800,12100,9900,9900,8100,8100
brown mini dress,6600,4400,4400,8100,9900,9900,8100,5400,5400,5400,4400,4400,4400
hera clothing,6600,4400,4400,5400,6600,9900,8100,8100,5400,5400,5400,5400,4400
joe brown clothing,6600,5400,4400,5400,6600,8100,6600,5400,5400,6600,6600,6600,5400
donkey jacket,6600,4400,4400,8100,8100,9900,12100,8100,6600,5400,4400,5400,5400
leather bomber jacket women,5400,1900,4400,6600,8100,6600,6600,5400,5400,5400,4400,2900,1900
burgundy leather jacket,5400,1600,4400,12100,12100,9900,6600,5400,4400,4400,2900,2400,1300
ladies leather bomber jacket,5400,1900,4400,6600,8100,6600,6600,5400,5400,5400,4400,2900,1900
bomber womens leather jackets,5400,1900,4400,6600,8100,6600,6600,5400,5400,5400,4400,2900,1900
burgundy leather coat,5400,1600,4400,12100,12100,9900,6600,5400,4400,4400,2900,2400,1300
petite trench coat,5400,1900,4400,12100,8100,6600,4400,3600,4400,6600,4400,2400,1600
longline cardigan,5400,2400,4400,9900,8100,6600,6600,5400,3600,5400,5400,4400,2400
knitwear women,5400,1600,4400,12100,12100,12100,9900,5400,3600,2900,1900,1600,880
petite trench,5400,1900,4400,12100,8100,6600,4400,3600,4400,6600,4400,2400,1600
petite mac coat,5400,1900,4400,12100,8100,6600,4400,3600,4400,6600,4400,2400,1600
trench coat petite size,5400,1900,4400,12100,8100,6600,4400,3600,4400,6600,4400,2400,1600
petite size trench coat,5400,1900,4400,12100,8100,6600,4400,3600,4400,6600,4400,2400,1600
petite trench jacket,5400,1900,4400,12100,8100,6600,4400,3600,4400,6600,4400,2400,1600
trench petite coat,5400,1900,4400,12100,8100,6600,4400,3600,4400,6600,4400,2400,1600
anine bing sweatshirt,5400,3600,4400,6600,6600,6600,8100,6600,4400,3600,3600,2900,1900
corduroy jacket,5400,2900,4400,8100,9900,8100,6600,5400,4400,5400,4400,3600,2400
cotton underwear,5400,4400,4400,4400,4400,5400,5400,6600,5400,6600,6600,5400,5400
cotton underwear for women,5400,5400,4400,4400,4400,5400,5400,6600,5400,6600,6600,5400,5400
black flare jeans,5400,2900,4400,6600,8100,8100,8100,6600,5400,5400,3600,2900,2400
hiking pants men,5400,3600,4400,5400,6600,6600,5400,8100,6600,6600,5400,5400,3600
mens lightweight jacket,5400,4400,4400,6600,4400,4400,3600,2900,4400,8100,9900,8100,6600
black leggings for women,5400,3600,4400,8100,8100,8100,8100,6600,5400,5400,4400,3600,2900
kids designer clothes,5400,4400,4400,6600,5400,8100,8100,4400,5400,6600,4400,4400,3600
cream jeans,5400,2900,4400,5400,5400,3600,3600,4400,4400,8100,8100,5400,3600
varsity jacket mens,5400,3600,4400,6600,6600,8100,8100,6600,5400,5400,4400,3600,2400
mens tuxedos,5400,4400,4400,5400,5400,8100,4400,5400,4400,4400,4400,4400,4400
dinner jacket,5400,4400,4400,6600,6600,8100,6600,4400,3600,4400,5400,4400,4400
dress shops,5400,6600,4400,5400,4400,4400,4400,5400,5400,6600,6600,6600,6600
smoking jacket,5400,4400,4400,5400,6600,8100,9900,6600,5400,5400,4400,4400,4400
black wide leg jeans,5400,2400,4400,8100,8100,8100,8100,6600,5400,4400,3600,2400,1600
baby dresses,5400,5400,4400,5400,4400,4400,5400,5400,5400,6600,4400,5400,3600
racer jacket,5400,5400,4400,5400,6600,6600,5400,5400,5400,6600,5400,4400,3600
gold dresses for women,5400,4400,4400,5400,6600,6600,6600,5400,4400,4400,4400,4400,4400
avirex jacket,5400,3600,4400,6600,6600,6600,8100,6600,6600,5400,4400,3600,3600
sports jacket,5400,4400,4400,6600,6600,6600,5400,4400,4400,5400,5400,4400,3600
tracksuit set,5400,2900,4400,6600,6600,8100,8100,5400,4400,5400,3600,3600,2400
men's clothing brands,5400,4400,4400,5400,5400,8100,8100,4400,4400,4400,4400,4400,3600
abaya dress,5400,5400,4400,4400,4400,5400,4400,5400,6600,8100,4400,4400,4400
summer outfits for women,5400,8100,4400,1900,1300,1000,1000,3600,3600,5400,8100,12100,9900
pink tracksuit,5400,3600,4400,5400,6600,8100,6600,6600,6600,6600,5400,4400,2900
ladies trousers,5400,4400,4400,6600,6600,5400,4400,4400,4400,5400,5400,5400,4400
mens dinner jacket,5400,3600,4400,6600,8100,8100,5400,5400,4400,4400,4400,4400,3600
cute outfits,5400,4400,4400,4400,4400,4400,5400,5400,5400,5400,5400,5400,5400
night out outfits,5400,5400,4400,6600,6600,6600,4400,6600,6600,8100,6600,5400,4400
mens pleated pants,5400,4400,4400,5400,5400,5400,5400,4400,4400,5400,4400,5400,5400
mens pleated trousers,5400,4400,4400,5400,5400,5400,5400,4400,4400,5400,4400,5400,5400
cropped jacket womens,5400,3600,4400,6600,5400,5400,4400,4400,5400,8100,8100,6600,4400
mens windbreaker jacket,5400,3600,4400,6600,5400,5400,5400,4400,4400,6600,6600,5400,4400
chrome hearts jeans,5400,5400,4400,5400,5400,5400,6600,6600,4400,6600,5400,5400,4400
y2k outfits,5400,4400,4400,4400,5400,5400,5400,6600,6600,8100,8100,6600,6600
haute couture,5400,5400,4400,5400,9900,5400,5400,6600,5400,4400,4400,5400,4400
sergio tacchini track top,5400,4400,4400,5400,5400,6600,6600,4400,4400,5400,6600,5400,4400
mens designer sale,5400,4400,4400,4400,5400,8100,9900,5400,4400,4400,3600,4400,4400
rab waterproof jacket,5400,3600,4400,9900,6600,9900,6600,6600,5400,3600,2900,3600,3600
black going out top,5400,3600,4400,5400,6600,8100,8100,6600,6600,6600,5400,4400,3600
1960s fashion,5400,6600,4400,6600,5400,5400,3600,6600,4400,5400,5400,5400,5400
short skirts for women,5400,5400,4400,5400,6600,8100,8100,5400,4400,4400,4400,5400,4400
childrens designer clothes,5400,4400,4400,6600,5400,8100,8100,4400,5400,6600,4400,4400,3600
louis vuitton jacket,5400,3600,4400,5400,6600,8100,6600,6600,4400,4400,3600,2900,2400
castore clothing,5400,4400,4400,4400,4400,8100,8100,4400,4400,4400,4400,6600,5400
lv jacket,5400,3600,4400,5400,6600,8100,6600,6600,4400,4400,3600,2900,2400
mini shorts,5400,6600,4400,2900,3600,3600,4400,3600,3600,5400,5400,8100,6600
crop jacket for women,5400,3600,4400,6600,5400,5400,4400,4400,5400,8100,8100,6600,4400
pakistani clothing brands,5400,3600,4400,3600,4400,4400,4400,6600,6600,5400,5400,5400,3600
1960s clothing,5400,6600,4400,6600,5400,5400,3600,6600,4400,5400,5400,5400,5400
summer outfits for ladies,5400,8100,4400,1900,1300,1000,1000,3600,3600,5400,8100,12100,9900
mens trousers pleated,5400,4400,4400,5400,5400,5400,5400,4400,4400,5400,4400,5400,5400
mens trousers with pleats,5400,4400,4400,5400,5400,5400,5400,4400,4400,5400,4400,5400,5400
mens pants with pleats,5400,4400,4400,5400,5400,5400,5400,4400,4400,5400,4400,5400,5400
jacket avirex,5400,3600,4400,6600,6600,6600,8100,6600,6600,5400,4400,3600,3600
women's chunky cardigan sweater,4400,1600,4400,8100,6600,6600,5400,8100,4400,3600,3600,2900,1300
midi dress with sleeves,4400,6600,4400,4400,3600,2900,2400,2900,2900,4400,4400,5400,5400
black satin skirt,4400,5400,4400,5400,5400,8100,8100,3600,2900,3600,3600,3600,3600
wrap cardigan,4400,1900,4400,6600,8100,8100,5400,5400,4400,4400,2900,1900,1600
trench coat with hood,4400,1900,4400,12100,6600,4400,2900,2900,4400,4400,2900,2400,2400
straight leg trousers,4400,3600,4400,5400,4400,4400,3600,3600,3600,4400,4400,3600,2900
navy cardigan womens,4400,2900,4400,6600,4400,3600,2900,3600,2900,4400,5400,4400,3600
chunky cardigan womens,4400,1600,4400,8100,6600,6600,5400,8100,4400,3600,3600,2900,1300
ladies navy cardigan,4400,2900,4400,6600,4400,3600,2900,3600,2900,4400,5400,4400,3600
trench with hood,4400,1900,4400,12100,6600,4400,2900,2900,4400,4400,2900,2400,2400
ladies chunky cardigan,4400,1600,4400,8100,6600,6600,5400,8100,4400,3600,3600,2900,1300
trench raincoat with hood,4400,1900,4400,12100,6600,4400,2900,2900,4400,4400,2900,2400,2400
womens navy cardigan sweater,4400,2900,4400,6600,4400,3600,2900,3600,2900,4400,5400,4400,3600
loropiana summer walk,4400,6600,4400,3600,3600,3600,3600,3600,3600,4400,4400,5400,4400
sleeve dress midi,4400,6600,4400,4400,3600,2900,2400,2900,2900,4400,4400,5400,5400
black skirt satin,4400,5400,4400,5400,5400,8100,8100,3600,2900,3600,3600,3600,3600
marks and spencers loafers,4400,3600,4400,6600,5400,4400,3600,5400,4400,5400,4400,4400,3600
trench jacket with hood,4400,1900,4400,12100,6600,4400,2900,2900,4400,4400,2900,2400,2400
good american jeans,4400,2900,4400,5400,4400,5400,5400,5400,4400,5400,5400,3600,2400
leggings with pockets,4400,4400,4400,5400,4400,4400,3600,4400,3600,4400,4400,3600,2900
farm rio dress,4400,8100,4400,2900,1900,1900,1600,3600,3600,4400,6600,8100,8100
bell bottom jeans,4400,3600,4400,4400,5400,4400,4400,4400,3600,4400,3600,3600,2900
letterman jacket,4400,3600,4400,3600,4400,4400,3600,4400,5400,9900,3600,3600,2400
tank tops for women,4400,4400,4400,5400,4400,5400,3600,3600,2900,3600,3600,3600,3600
compression shorts,4400,4400,4400,4400,4400,4400,3600,3600,3600,4400,4400,5400,4400
black formal dresses,4400,4400,4400,6600,6600,6600,3600,5400,4400,4400,4400,4400,3600
yoga pants for women,4400,3600,4400,4400,4400,4400,3600,4400,3600,4400,3600,3600,2900
revolve dresses,4400,5400,4400,3600,3600,3600,2400,4400,5400,6600,5400,6600,6600
white jeans for women,4400,4400,4400,2900,2400,2400,2400,2900,3600,6600,8100,8100,5400
maternity dresses for baby shower,4400,4400,4400,4400,4400,3600,2400,6600,5400,5400,5400,4400,4400
oversized denim jacket,4400,4400,4400,4400,2400,1900,1600,2400,2900,6600,8100,6600,3600
bermuda shorts women,4400,8100,4400,1900,1000,720,720,1600,1900,3600,5400,9900,12100
casual dresses for women,4400,5400,4400,4400,4400,4400,4400,3600,4400,4400,4400,5400,4400
plus size mother of the bride dresses,4400,4400,4400,8100,2900,2900,2400,6600,5400,4400,4400,3600,2900
linen dress women,4400,6600,4400,1900,1000,880,1000,2400,2900,3600,5400,9900,14800
black satin dress,4400,4400,4400,5400,5400,5400,4400,3600,3600,3600,3600,3600,3600
slim fit jeans,4400,3600,4400,5400,5400,5400,5400,4400,3600,4400,3600,2900,1900
denim jeans,4400,3600,4400,5400,5400,4400,4400,4400,3600,4400,4400,4400,3600
maxi skirts for women,4400,6600,4400,3600,2900,2900,2400,2900,2900,4400,5400,8100,6600
tunic tops for women,4400,4400,4400,5400,5400,4400,3600,4400,3600,4400,4400,4400,3600
black bodycon dress,4400,4400,4400,5400,5400,5400,4400,3600,3600,3600,3600,3600,2900
red midi dress,4400,6600,4400,3600,3600,5400,4400,3600,3600,3600,4400,5400,5400
rave outfits women,4400,5400,4400,4400,4400,3600,2900,4400,4400,4400,4400,4400,4400
tunic dress,4400,5400,4400,4400,4400,4400,3600,3600,2900,3600,3600,4400,4400
boys shirts,4400,5400,4400,3600,3600,4400,5400,2900,3600,4400,3600,4400,4400
black and gold dress,4400,4400,4400,5400,5400,6600,5400,5400,4400,4400,3600,3600,2900
muscle fit t shirts,4400,5400,4400,3600,3600,3600,3600,2900,2900,4400,5400,5400,5400
hoodrich hoodie,4400,3600,4400,5400,6600,8100,8100,4400,3600,3600,2900,2900,2400
red swimsuit,4400,5400,4400,3600,2900,2900,2900,3600,3600,3600,4400,5400,4400
girls denim jacket,4400,4400,4400,2900,2900,2400,2400,2400,3600,8100,9900,8100,4400
wool jacket,4400,2400,4400,6600,8100,9900,6600,5400,3600,3600,1900,1600,880
high waisted trousers,4400,4400,4400,5400,4400,4400,4400,4400,4400,4400,4400,3600,2900
y2k clothing,4400,4400,4400,4400,4400,5400,5400,4400,4400,4400,4400,5400,4400
suit jacket,4400,4400,4400,5400,5400,5400,4400,4400,3600,4400,4400,4400,4400
linen tops,4400,8100,4400,1900,1000,1000,1000,1900,2400,3600,5400,9900,9900
linen tops for women,4400,8100,4400,2400,1300,1000,1000,2400,2900,4400,6600,9900,9900
high waisted wide leg jeans,4400,2900,4400,6600,5400,4400,4400,4400,4400,5400,4400,2900,1900
harem pants women,4400,5400,4400,3600,2400,1900,1900,2900,2900,4400,6600,8100,8100
blue mini dress,4400,5400,4400,2900,3600,1900,1600,2400,2900,4400,5400,6600,6600
womens fashion,4400,5400,4400,5400,5400,4400,5400,4400,4400,5400,4400,4400,2900
ladies blouses,4400,4400,4400,5400,4400,5400,4400,4400,4400,5400,5400,5400,4400
gym outfits,4400,4400,4400,5400,4400,4400,4400,6600,5400,5400,4400,4400,3600
black baggy jeans,4400,3600,4400,5400,5400,8100,6600,4400,3600,4400,2900,2900,2400
short summer dresses,4400,8100,4400,1900,1000,880,880,1600,2400,3600,5400,9900,9900
grey jeans women,4400,2400,4400,6600,6600,6600,5400,5400,4400,4400,3600,2400,1600
tailored suit,4400,4400,4400,6600,4400,3600,2900,4400,3600,4400,4400,4400,4400
gothic dress,4400,4400,4400,5400,8100,4400,3600,3600,3600,3600,3600,3600,3600
mens high waisted pants,4400,4400,4400,4400,4400,4400,4400,5400,4400,5400,4400,4400,4400
white jacket womens,4400,4400,4400,4400,4400,4400,4400,3600,3600,6600,6600,6600,4400
grey trousers,4400,3600,4400,5400,5400,5400,4400,4400,3600,4400,3600,2900,2900
sports clothes,4400,5400,4400,5400,5400,6600,4400,4400,3600,4400,4400,4400,3600
going out dresses for women,4400,3600,4400,5400,5400,5400,3600,5400,5400,5400,4400,4400,4400
east clothing,4400,5400,4400,2900,2900,2900,2900,2900,2900,4400,5400,5400,6600
80s outfits women,4400,4400,4400,4400,4400,4400,2900,5400,4400,4400,3600,3600,3600
ootd,4400,5400,4400,4400,3600,3600,3600,4400,3600,3600,4400,4400,4400
vanilla clothing,4400,6600,4400,3600,3600,4400,4400,2900,2900,3600,3600,4400,4400
marni clothing,4400,5400,4400,4400,4400,5400,6600,5400,4400,4400,4400,4400,3600
1930s fashion,4400,4400,4400,5400,5400,4400,4400,5400,4400,4400,3600,3600,2900
chrome hearts t shirt,4400,5400,4400,3600,4400,3600,4400,3600,3600,4400,4400,5400,4400
jean shirt men,4400,4400,4400,5400,4400,5400,4400,3600,3600,4400,4400,4400,2900
mens smart casual outfits,4400,4400,4400,5400,5400,6600,5400,3600,3600,4400,4400,3600,3600
helmut newton,4400,3600,4400,5400,5400,5400,4400,6600,6600,5400,4400,4400,3600
gul ahmed pk,4400,3600,4400,3600,4400,4400,3600,4400,4400,3600,4400,4400,4400
louis vuitton windbreaker,4400,4400,4400,4400,4400,5400,5400,4400,4400,5400,4400,3600,2900
morrisons nutmeg clothing,4400,4400,4400,5400,5400,6600,6600,3600,4400,4400,4400,5400,4400
knitted polo men,4400,5400,4400,4400,3600,4400,4400,2900,2400,3600,4400,5400,6600
knitted polo shirt mens,4400,5400,4400,4400,3600,4400,4400,2900,2400,3600,4400,5400,6600
knit polo for men,4400,5400,4400,4400,3600,4400,4400,2900,2400,3600,4400,5400,6600
knit polo men's,4400,5400,4400,4400,3600,4400,4400,2900,2400,3600,4400,5400,6600
knit polos for men,4400,5400,4400,4400,3600,4400,4400,2900,2400,3600,4400,5400,6600
mens polo knit,4400,5400,4400,4400,3600,4400,4400,2900,2400,3600,4400,5400,6600
knitted polo shirts for men,4400,5400,4400,4400,3600,4400,4400,2900,2400,3600,4400,5400,6600
white shirt dress,3600,5400,4400,2900,3600,1900,1900,2400,2400,3600,3600,4400,4400
white wide leg pants,3600,5400,4400,3600,2400,1900,1900,2400,2900,4400,5400,5400,4400
denim shirt dress,3600,5400,4400,4400,2900,1900,1600,2400,2900,3600,4400,4400,2900
leather loafers women,3600,2900,4400,6600,5400,3600,2900,4400,3600,4400,3600,2900,2400
white wide leg trousers,3600,5400,4400,3600,2400,1900,1900,2400,2900,4400,5400,5400,4400
ladies leather loafers,3600,2900,4400,6600,5400,3600,2900,4400,3600,4400,3600,2900,2400
silky skirt,3600,4400,4400,3600,3600,4400,4400,2400,2900,2900,3600,4400,4400
white dress shirt dress,3600,5400,4400,2900,3600,1900,1900,2400,2400,3600,3600,4400,4400
denim t shirt dress,3600,5400,4400,4400,2900,1900,1600,2400,2900,3600,4400,4400,2900
tshirt dress white,3600,5400,4400,2900,3600,1900,1900,2400,2400,3600,3600,4400,4400
bathing suits,3600,5400,4400,3600,3600,2900,2900,3600,3600,3600,3600,4400,3600
hot pink dress,3600,5400,4400,3600,2900,1900,1600,3600,3600,4400,4400,5400,5400
plus size,3600,4400,4400,4400,3600,3600,3600,3600,2900,4400,3600,3600,3600
white satin dress,3600,5400,4400,3600,3600,2900,2400,3600,2900,3600,3600,3600,4400
mid rise jeans,3600,2900,4400,5400,4400,3600,3600,3600,3600,4400,4400,2900,1900
street wear,3600,4400,4400,4400,4400,4400,4400,3600,2900,3600,3600,3600,2900
beach wear for women,3600,5400,4400,2900,1900,1600,1900,4400,3600,3600,3600,4400,3600
blue midi dress,3600,6600,4400,2400,1900,1600,1000,2400,2900,4400,5400,6600,6600
black tank top,3600,4400,4400,3600,4400,2900,2900,2900,2900,3600,3600,4400,4400
mens short shorts,3600,6600,4400,1900,1600,1000,1000,1600,1900,2900,3600,6600,6600
joanna hope dresses,3600,5400,4400,3600,2900,2400,1600,2900,2900,3600,4400,4400,3600
strapless top,3600,6600,4400,2900,1900,1900,1900,1900,2400,2900,4400,8100,6600
taylor swift outfits,3600,4400,4400,3600,4400,2400,2400,3600,4400,3600,2400,2400,2400
grandad collar shirt,3600,5400,4400,3600,3600,3600,3600,2900,2900,3600,3600,4400,4400
wedding dress styles,3600,4400,4400,4400,3600,2400,2400,4400,3600,2900,2900,3600,2900
engagement dress,3600,4400,4400,4400,4400,3600,2900,4400,3600,3600,3600,3600,3600
dirndl dress,3600,6600,4400,8100,8100,1900,1300,1600,2400,2400,2400,2400,2400
flower dress,3600,6600,4400,2900,2400,1600,1600,2400,2900,3600,4400,5400,4400
ladies dresses for over 50,3600,6600,4400,2900,2900,2900,1900,2900,2900,3600,3600,4400,4400
petite dresses for wedding,3600,4400,4400,3600,2900,1900,1600,3600,3600,4400,4400,4400,3600
yellow mini dress,3600,6600,4400,2400,2900,880,720,1600,1900,4400,5400,6600,6600
short sleeve blouse,3600,4400,4400,2400,1600,1300,1000,1600,2400,3600,5400,6600,5400
long shorts for men,3600,8100,4400,1900,1300,1300,1000,1600,1600,2400,4400,8100,9900
girls pants,3600,4400,4400,4400,3600,4400,4400,4400,2900,3600,3600,3600,2900
polo t shirts mens,3600,5400,4400,2900,2900,2900,3600,2400,2400,2900,3600,5400,5400
petite occasion dresses,3600,4400,4400,3600,2400,1900,1300,2900,3600,4400,5400,5400,4400
vintage store,3600,4400,4400,4400,3600,2900,2900,2900,2900,3600,2900,2900,2900
brown bomber jacket,3600,1300,4400,6600,6600,5400,3600,2900,3600,5400,4400,2900,1600
beige trousers women,3600,3600,4400,4400,3600,2900,2400,2900,2900,3600,4400,4400,3600
beige pants women,3600,3600,4400,4400,3600,2900,2400,2900,2900,3600,4400,4400,3600
black and white polka dot dress,3600,5400,4400,2400,2900,1000,1000,1900,2900,5400,6600,6600,6600
gina bacconi dresses,3600,4400,4400,2900,2400,2400,1900,3600,4400,5400,5400,5400,4400
cortez clothing,3600,4400,4400,3600,3600,6600,5400,2900,2400,2900,2900,2900,2400
pakistani wedding dresses,3600,4400,4400,4400,3600,3600,3600,4400,2900,2900,4400,2900,3600
willy chavarria,3600,2900,4400,1900,1900,1900,3600,4400,2900,6600,4400,2900,4400
asim jofa pk,3600,4400,4400,4400,4400,4400,4400,4400,3600,2900,2900,2900,2400
mumsnet style,3600,4400,4400,3600,3600,4400,4400,4400,2900,2900,2900,2400,2400
men's slim fit chinos,3600,4400,4400,5400,3600,3600,3600,2900,2400,3600,3600,3600,2900
mens slim chinos,3600,4400,4400,5400,3600,3600,3600,2900,2400,3600,3600,3600,2900
men's chino pants slim fit,3600,4400,4400,5400,3600,3600,3600,2900,2400,3600,3600,3600,2900
men's slim chino pants,3600,4400,4400,5400,3600,3600,3600,2900,2400,3600,3600,3600,2900
men's slim fit chino trousers,3600,4400,4400,5400,3600,3600,3600,2900,2400,3600,3600,3600,2900
suede tote bag,2900,2400,4400,5400,3600,3600,3600,3600,2400,2400,1900,1900,1300
suede tote handbag,2900,2400,4400,5400,3600,3600,3600,3600,2400,2400,1900,1900,1300
suede tote purse,2900,2400,4400,5400,3600,3600,3600,3600,2400,2400,1900,1900,1300
tote suede bag,2900,2400,4400,5400,3600,3600,3600,3600,2400,2400,1900,1900,1300
tote suede,2900,2400,4400,5400,3600,3600,3600,3600,2400,2400,1900,1900,1300
mac raincoat womens,2900,5400,4400,8100,2900,1900,1300,1600,1900,1900,1900,2900,4400
tiered dress,2900,5400,4400,2400,1600,1600,1300,1900,2400,3600,4400,5400,5400
blue and white dress,2900,6600,4400,1900,1300,880,720,1600,1600,2400,2900,3600,4400
black cargo shorts,2900,6600,4400,2400,1600,1000,880,880,1000,1900,2900,5400,5400
denim maxi dress,2900,5400,4400,2400,1900,1300,1000,1600,2400,3600,4400,4400,3600
strappy summer dresses,2900,8100,4400,1600,880,590,320,1000,1000,1600,1900,5400,6600
mens smart shorts,2900,5400,4400,2900,1300,1000,880,1000,1300,1900,2900,5400,5400
summer clothes sale,2900,2900,4400,5400,3600,2400,1900,2900,1300,1000,1300,1600,2900
mens jersey shorts,2900,5400,4400,1900,1600,1600,1900,1000,1300,1900,2900,4400,4400
50s style dresses,2900,4400,4400,3600,2400,2400,1900,2900,2900,3600,3600,3600,2900
mens grey shorts,2900,6600,4400,1900,1300,1000,1000,1000,1300,2400,3600,5400,5400
monsoon sale dresses,2900,6600,4400,2900,1900,1900,2400,3600,1900,1900,1600,1900,2900
mehndi outfits,2900,4400,4400,2900,2900,2400,2400,2900,2400,2900,3600,2900,2900
1950s mens fashion,2900,3600,4400,4400,2900,3600,2400,2900,2400,2400,1900,2400,1900
alemais dress,2400,2900,4400,1900,1300,720,720,1300,1900,1900,2900,3600,3600
mens black cargo shorts,2400,5400,4400,1900,1000,880,590,720,1000,2400,2900,4400,4400
new yorker clothes,2400,2900,4400,2900,2400,2400,2400,1600,1900,1900,2400,2400,1900
lady gaga outfits,1900,1600,4400,3600,3600,1600,1000,1300,1600,1300,1300,1300,1000
christmas dress,22200,1600,3600,12100,33100,90500,90500,880,590,720,590,720,720
womens jumper dress,12100,1300,3600,14800,27100,33100,33100,14800,6600,2900,1600,880,720
ladies jumper dress,12100,1300,3600,14800,27100,33100,33100,14800,6600,2900,1600,880,720
dress jumper womens,12100,1300,3600,14800,27100,33100,33100,14800,6600,2900,1600,880,720
dress jumpers ladies,12100,1300,3600,14800,27100,33100,33100,14800,6600,2900,1600,880,720
running jacket women,9900,2900,3600,8100,9900,18100,18100,22200,12100,9900,6600,5400,3600
ankle wellies womens,8100,2900,3600,12100,12100,14800,12100,9900,8100,5400,2900,2400,2900
ladies ankle wellies,8100,2900,3600,12100,12100,14800,12100,9900,8100,5400,2900,2400,2900
ankle wellington boots womens,8100,2900,3600,12100,12100,14800,12100,9900,8100,5400,2900,2400,2900
merino wool base layer,8100,2400,3600,6600,9900,18100,14800,22200,9900,6600,4400,2900,2900
ladies jumpers,8100,1300,3600,14800,18100,22200,18100,9900,6600,4400,2900,1900,1000
party tops,8100,3600,3600,6600,8100,18100,18100,8100,6600,8100,5400,5400,6600
running jacket men,8100,2900,3600,9900,9900,14800,18100,14800,9900,6600,5400,4400,2900
woolen jacket for women,8100,1600,3600,9900,14800,18100,14800,12100,6600,3600,1900,1000,720
mens quarter zip jumper,8100,2400,3600,6600,9900,18100,22200,8100,6600,6600,4400,3600,2400
quarter zip sweater mens,8100,2400,3600,6600,9900,18100,22200,8100,6600,6600,4400,3600,2400
knee high boots for women,6600,1600,3600,9900,14800,18100,18100,9900,5400,3600,1900,1600,1000
black knee high boots flat,6600,1900,3600,9900,12100,14800,12100,6600,4400,2900,1600,1300,1000
black flat high boots,6600,1900,3600,9900,12100,14800,12100,6600,4400,2900,1600,1300,1000
short wellies,6600,3600,3600,9900,9900,12100,9900,6600,6600,4400,2400,1900,2400
short wellington boots,6600,3600,3600,9900,9900,12100,9900,6600,6600,4400,2400,1900,2400
short welly boots,6600,3600,3600,9900,9900,12100,9900,6600,6600,4400,2400,1900,2400
zavetti canada jacket,6600,2400,3600,6600,8100,14800,12100,12100,6600,5400,2900,2400,1900
mens pea coats,6600,2400,3600,8100,12100,18100,14800,9900,5400,4400,2400,1900,1300
mens smart jackets,6600,2400,3600,8100,9900,14800,14800,6600,6600,6600,5400,4400,2400
ladies summer clothes,6600,6600,3600,2900,1900,1600,2400,5400,5400,8100,12100,18100,12100
black leather jacket women,5400,2400,3600,6600,8100,6600,6600,5400,5400,6600,5400,3600,2400
ladies black leather jacket,5400,2400,3600,6600,8100,6600,6600,5400,5400,6600,5400,3600,2400
black leather coat womens,5400,2400,3600,6600,8100,6600,6600,5400,5400,6600,5400,3600,2400
female black leather jacket,5400,2400,3600,6600,8100,6600,6600,5400,5400,6600,5400,3600,2400
black jacket women leather,5400,2400,3600,6600,8100,6600,6600,5400,5400,6600,5400,3600,2400
laced boots womens,5400,1900,3600,8100,9900,12100,8100,6600,3600,2400,1600,1000,880
mens winter coat sale,5400,2400,3600,8100,9900,12100,8100,8100,3600,2400,1900,1300,1000
ladies black leather jackets,5400,2400,3600,6600,8100,6600,6600,5400,5400,6600,5400,3600,2400
summer clothes for women,5400,6600,3600,3600,2900,2900,2900,6600,6600,6600,9900,12100,8100
mens jeans sale,5400,2900,3600,4400,5400,8100,12100,6600,4400,4400,3600,2900,2400
boss tracksuit,5400,2900,3600,5400,6600,9900,9900,4400,3600,4400,3600,3600,2400
black sparkly dress,5400,2900,3600,5400,8100,14800,14800,4400,3600,3600,2900,2400,2400
work jacket,5400,2400,3600,8100,8100,9900,5400,6600,5400,5400,3600,2900,1900
designer hoodies,5400,2900,3600,6600,6600,8100,8100,4400,4400,4400,3600,2900,1900
red coat,5400,3600,3600,6600,8100,9900,8100,6600,4400,4400,3600,3600,2900
dress with feathers,5400,3600,3600,5400,6600,9900,9900,5400,4400,4400,3600,3600,3600
mens designer tracksuits,5400,2900,3600,6600,8100,9900,9900,5400,5400,6600,4400,4400,2900
adrianna papell dress,5400,2900,3600,3600,3600,2900,2400,5400,6600,6600,6600,8100,6600
blue prom dresses,5400,6600,3600,5400,4400,4400,2900,8100,6600,6600,6600,6600,8100
sequin dress for women,5400,3600,3600,4400,6600,12100,12100,3600,2900,2900,3600,3600,3600
nice tops,5400,3600,3600,4400,4400,5400,6600,5400,5400,6600,5400,4400,3600
mens thobe,5400,4400,3600,2900,3600,2900,3600,5400,12100,18100,3600,8100,2900
short jacket for women,5400,2400,3600,8100,6600,5400,4400,4400,5400,8100,8100,5400,2900
oversized leather jacket,4400,1900,3600,6600,6600,6600,4400,4400,4400,5400,3600,2400,1600
leather trench coat,4400,1900,3600,8100,9900,8100,6600,5400,4400,3600,2400,1900,1300
cropped leather jacket,4400,2400,3600,5400,6600,5400,4400,4400,4400,6600,4400,3600,1900
all saints leather jacket,4400,2900,3600,5400,6600,6600,5400,4400,3600,4400,3600,2900,1900
long boots,4400,1900,3600,8100,9900,12100,9900,5400,2900,2400,1600,1300,1300
biker jacket women,4400,2400,3600,5400,5400,4400,3600,3600,3600,5400,4400,2900,1900
ladies biker jacket,4400,2400,3600,5400,5400,4400,3600,3600,3600,5400,4400,2900,1900
leather knee boots,4400,1900,3600,8100,9900,9900,8100,5400,2900,1900,1600,1000,720
all saints biker jacket,4400,2900,3600,5400,6600,6600,5400,4400,3600,4400,3600,2900,1900
leather trench jacket,4400,1900,3600,8100,9900,8100,6600,5400,4400,3600,2400,1900,1300
oversized leather coat,4400,1900,3600,6600,6600,6600,4400,4400,4400,5400,3600,2400,1600
biker jacket oversized,4400,1900,3600,6600,6600,6600,4400,4400,4400,5400,3600,2400,1600
all saints leather coat,4400,2900,3600,5400,6600,6600,5400,4400,3600,4400,3600,2900,1900
leather jacket allsaints,4400,2900,3600,5400,6600,6600,5400,4400,3600,4400,3600,2900,1900
all saints biker leather jacket,4400,2900,3600,5400,6600,6600,5400,4400,3600,4400,3600,2900,1900
cropped leather coat,4400,2400,3600,5400,6600,5400,4400,4400,4400,6600,4400,3600,1900
boots leather knee high,4400,1900,3600,8100,9900,9900,8100,5400,2900,1900,1600,1000,720
oversized jacket leather,4400,1900,3600,6600,6600,6600,4400,4400,4400,5400,3600,2400,1600
shoe boots for women,4400,1900,3600,8100,9900,9900,8100,5400,3600,2900,2400,1600,1300
brown satin skirt,4400,2400,3600,6600,8100,6600,6600,2900,2400,2400,1900,2400,2400
wide legged pants men,4400,3600,3600,4400,4400,5400,4400,4400,3600,4400,3600,3600,3600
satin brown skirt,4400,2400,3600,6600,8100,6600,6600,2900,2400,2400,1900,2400,2400
satin skirt brown,4400,2400,3600,6600,8100,6600,6600,2900,2400,2400,1900,2400,2400
wide legged trousers men,4400,3600,3600,4400,4400,5400,4400,4400,3600,4400,3600,3600,3600
leather coat trench,4400,1900,3600,8100,9900,8100,6600,5400,4400,3600,2400,1900,1300
macs coats,4400,2900,3600,8100,6600,5400,4400,4400,4400,5400,4400,3600,3600
brown skirt satin,4400,2400,3600,6600,8100,6600,6600,2900,2400,2400,1900,2400,2400
pants with cords,4400,2400,3600,5400,6600,6600,6600,4400,3600,3600,2900,2400,1900
corduroy pants,4400,2400,3600,5400,6600,6600,6600,4400,3600,3600,2900,2400,1900
black sequin dress,4400,2900,3600,5400,6600,12100,12100,3600,2400,2400,2400,2400,1900
compression leggings,4400,3600,3600,2900,2900,2900,2900,5400,4400,6600,6600,6600,8100
gold sequin dress,4400,3600,3600,4400,6600,8100,6600,3600,2900,2900,2900,2900,3600
plus size party dresses,4400,3600,3600,4400,6600,12100,8100,4400,3600,3600,2900,2900,2400
midi skirts for women,4400,5400,3600,4400,4400,4400,3600,3600,3600,4400,5400,6600,6600
white jacket,4400,3600,3600,4400,4400,4400,3600,3600,3600,6600,6600,6600,3600
black corset dress,4400,3600,3600,5400,9900,5400,4400,4400,4400,4400,3600,3600,3600
mens bootcut jeans,4400,2900,3600,4400,5400,5400,6600,5400,4400,5400,4400,4400,3600
boucle jacket,4400,2400,3600,6600,5400,4400,4400,4400,4400,6600,5400,4400,2400
duster coat,4400,3600,3600,5400,4400,4400,3600,4400,4400,4400,4400,3600,2900
mens suede jacket,4400,1900,3600,5400,6600,6600,6600,5400,4400,5400,4400,3600,2400
mens designer jeans,4400,3600,3600,5400,6600,8100,8100,4400,4400,5400,3600,3600,2400
commense clothing,4400,4400,3600,2900,3600,3600,2900,5400,4400,4400,4400,5400,8100
princess dresses for girls,4400,3600,3600,4400,5400,6600,5400,3600,4400,4400,2900,2900,3600
light blue jeans,4400,2900,3600,4400,4400,5400,5400,4400,3600,5400,4400,4400,2900
bikini shorts,4400,5400,3600,1900,1300,1000,1000,2900,2900,4400,5400,8100,8100
polo sweatshirt,4400,2900,3600,5400,6600,8100,8100,4400,3600,3600,2900,2900,2400
long shorts,4400,6600,3600,1900,1600,1300,1000,1600,1900,2900,5400,9900,9900
green jacket,4400,2900,3600,5400,5400,5400,3600,3600,4400,6600,6600,4400,2400
trouser suits for women,4400,2400,3600,5400,6600,3600,2900,5400,5400,4400,4400,4400,2900
green bomber jacket,4400,2400,3600,6600,6600,5400,4400,4400,4400,5400,4400,2900,1900
women's winter coats on sale,4400,2400,3600,6600,6600,6600,6600,8100,3600,2900,1600,1300,1300
summer mini dress,4400,8100,3600,1300,880,880,880,1900,2400,3600,5400,9900,9900
track jacket,4400,2900,3600,4400,4400,4400,3600,3600,3600,5400,5400,5400,3600
winter outfits,4400,1600,3600,6600,8100,12100,8100,4400,1900,880,480,590,590
1920s mens fashion,4400,3600,3600,5400,6600,8100,8100,6600,4400,4400,3600,2900,2900
all saints clothing,4400,3600,3600,3600,4400,6600,5400,3600,2900,3600,3600,4400,3600
party wear dresses for women,4400,4400,3600,4400,6600,9900,8100,3600,3600,3600,3600,3600,3600
mens loose fit jeans,4400,2400,3600,5400,5400,5400,6600,3600,3600,4400,3600,2900,2400
casual jackets for women,4400,2900,3600,5400,4400,2400,1900,2400,2900,6600,6600,5400,2900
knee length skirts,4400,4400,3600,4400,4400,4400,3600,3600,3600,4400,4400,5400,5400
victorian dress,4400,4400,3600,5400,6600,6600,4400,5400,4400,4400,3600,4400,3600
musto jacket,4400,2400,3600,5400,5400,6600,6600,5400,4400,2900,2900,2400,2400
little mistress dresses,4400,4400,3600,2900,4400,5400,3600,2900,3600,4400,6600,6600,5400
h and m dresses,4400,6600,3600,2900,2400,2900,2400,1900,2400,4400,5400,6600,6600
wide leg pants men,4400,3600,3600,4400,4400,5400,4400,4400,3600,4400,3600,3600,3600
mackintosh coat,4400,2900,3600,8100,6600,5400,4400,4400,4400,5400,4400,3600,3600
1920s women fashion,4400,3600,3600,5400,6600,6600,5400,6600,4400,4400,3600,3600,2900
relaxed fit jeans for men,4400,2400,3600,5400,5400,5400,6600,3600,3600,4400,3600,2900,2400
checked shirts for men,4400,3600,3600,4400,5400,5400,5400,2900,2900,3600,3600,3600,3600
checkered shirt mens,4400,3600,3600,4400,5400,5400,5400,2900,2900,3600,3600,3600,3600
suede men's jacket,4400,1900,3600,5400,6600,6600,6600,5400,4400,5400,4400,3600,2400
mens jacket suede,4400,1900,3600,5400,6600,6600,6600,5400,4400,5400,4400,3600,2400
jacket suede mens,4400,1900,3600,5400,6600,6600,6600,5400,4400,5400,4400,3600,2400
suede overcoat men,4400,1900,3600,5400,6600,6600,6600,5400,4400,5400,4400,3600,2400
leather motorcycle jacket,3600,3600,3600,4400,3600,2900,2900,2900,2900,4400,4400,3600,2900
leather moto jacket,3600,3600,3600,4400,3600,2900,2900,2900,2900,4400,4400,3600,2900
satin midi skirt,3600,4400,3600,3600,2900,3600,3600,1900,1900,2900,2900,3600,3600
black wide leg pants,3600,2900,3600,5400,4400,4400,3600,4400,3600,3600,2900,2400,2400
high waisted wide leg pants,3600,2900,3600,5400,3600,3600,2900,3600,3600,3600,3600,2900,2400
heeled loafers,3600,2400,3600,5400,4400,3600,2900,3600,3600,4400,2900,2400,1900
high waisted wide leg trousers,3600,2900,3600,5400,3600,3600,2900,3600,3600,3600,3600,2900,2400
loafer shoes women,3600,2900,3600,5400,4400,3600,2900,2900,3600,4400,3600,3600,2400
straight leg pants women,3600,2400,3600,4400,4400,3600,2900,3600,3600,3600,4400,3600,2900
straight leg trousers women,3600,2400,3600,4400,4400,3600,2900,3600,3600,3600,4400,3600,2900
black knitted jumper,3600,1600,3600,5400,6600,8100,6600,4400,3600,2400,1600,1300,880
blue cardigan sweater,3600,2400,3600,4400,3600,3600,2900,3600,3600,5400,5400,4400,2400
ladies loafer shoes,3600,2900,3600,5400,4400,3600,2900,2900,3600,4400,3600,3600,2400
ladies straight leg trousers,3600,2400,3600,4400,4400,3600,2900,3600,3600,3600,4400,3600,2900
blue cardigans,3600,2400,3600,4400,3600,3600,2900,3600,3600,5400,5400,4400,2400
pants wide leg high waist,3600,2900,3600,5400,3600,3600,2900,3600,3600,3600,3600,2900,2400
high waisted wide leg slacks,3600,2900,3600,5400,3600,3600,2900,3600,3600,3600,3600,2900,2400
knitted black sweater,3600,1600,3600,5400,6600,8100,6600,4400,3600,2400,1600,1300,880
female loafers shoes,3600,2900,3600,5400,4400,3600,2900,2900,3600,4400,3600,3600,2400
black wide leg trouser pants,3600,2900,3600,5400,4400,4400,3600,4400,3600,3600,2900,2400,2400
womens slip on loafer shoes,3600,2900,3600,5400,4400,3600,2900,2900,3600,4400,3600,3600,2400
straight leg pants for ladies,3600,2400,3600,4400,4400,3600,2900,3600,3600,3600,4400,3600,2900
leather jacket biker,3600,3600,3600,4400,3600,2900,2900,2900,2900,4400,4400,3600,2900
bike leather jackets,3600,3600,3600,4400,3600,2900,2900,2900,2900,4400,4400,3600,2900
white linen pants,3600,5400,3600,1600,1300,1000,1000,1900,1900,3600,5400,6600,6600
paige jeans,3600,2900,3600,4400,3600,4400,3600,3600,2900,3600,3600,2900,1900
toddler clothes,3600,2900,3600,4400,3600,3600,4400,2900,2900,5400,3600,2400,1900
work pants for men,3600,2900,3600,5400,4400,4400,2900,3600,3600,3600,2900,2900,2400
yoga clothes,3600,3600,3600,3600,3600,3600,2900,4400,3600,3600,2900,2900,2400
white leggings,3600,4400,3600,2900,3600,3600,3600,2400,2400,3600,3600,4400,3600
girls swimsuits,3600,4400,3600,2900,2900,2400,2400,4400,2900,3600,3600,3600,3600
white linen dress,3600,8100,3600,1900,880,880,720,1600,1900,2900,3600,6600,8100
hiking pants women,3600,2400,3600,3600,2900,2900,2900,5400,4400,5400,4400,4400,3600
maternity tops,3600,2900,3600,3600,2900,3600,2900,3600,4400,4400,4400,3600,2900
cute dresses,3600,4400,3600,2900,2900,3600,2900,3600,3600,3600,3600,4400,4400
mens chino pants,3600,3600,3600,5400,3600,3600,3600,2900,2900,2900,3600,3600,3600
designer dresses,3600,4400,3600,3600,3600,2900,2900,4400,4400,4400,4400,4400,3600
big mens clothing,3600,4400,3600,4400,4400,4400,4400,2900,2400,2900,2900,3600,2900
mercier tracksuit,3600,2900,3600,4400,5400,6600,6600,3600,2900,3600,2400,1900,1300
satin midi dress,3600,5400,3600,3600,2900,2900,2400,2400,2900,3600,3600,4400,4400
floral dresses for women,3600,5400,3600,2900,1900,1600,1600,2900,3600,5400,6600,6600,5400
green midi dress,3600,5400,3600,2900,2400,2400,1900,2400,2400,3600,3600,4400,4400
plain t shirts,3600,4400,3600,4400,3600,3600,2900,2900,2900,3600,3600,3600,3600
gant shirts,3600,4400,3600,3600,2900,4400,5400,2400,2400,2900,2900,3600,4400
dark green dress,3600,4400,3600,4400,5400,5400,3600,3600,2900,3600,3600,3600,2900
black sweatshirt,3600,2400,3600,5400,4400,5400,4400,4400,3600,2900,2400,1900,1300
mens summer outfits,3600,6600,3600,1600,880,590,720,1600,2400,4400,6600,9900,6600
girls jumpsuit,3600,5400,3600,2900,2900,3600,2900,2900,2900,5400,4400,5400,4400
sp5der hoodie,3600,3600,3600,3600,5400,4400,5400,4400,3600,3600,2900,2900,2400
kids dresses,3600,4400,3600,3600,3600,3600,3600,2900,3600,4400,3600,4400,3600
cotton shorts,3600,6600,3600,1900,1600,1600,1300,1900,1900,2900,4400,6600,8100
sergio tacchini tracksuit,3600,2900,3600,4400,4400,4400,5400,4400,3600,3600,3600,2900,2400
mens outfits,3600,2900,3600,3600,4400,4400,4400,2900,3600,3600,3600,3600,2900
black flare leggings,3600,2400,3600,4400,4400,5400,4400,4400,3600,4400,2900,2900,2400
cobalt blue dress,3600,5400,3600,2400,1900,1600,1300,2900,3600,3600,4400,5400,6600
teal dress,3600,3600,3600,3600,2900,2900,2400,3600,2900,3600,4400,4400,5400
utility jacket women,3600,2400,3600,4400,2900,1900,1600,1900,3600,8100,8100,5400,2400
sports leggings,3600,3600,3600,5400,4400,4400,4400,4400,3600,3600,2900,2900,1900
mermaid dress,3600,4400,3600,3600,2900,2900,2400,3600,2900,3600,3600,3600,3600
latex dress,3600,3600,3600,3600,4400,3600,4400,4400,4400,3600,2900,2900,2900
neutral baby clothes,3600,3600,3600,4400,3600,2900,2900,4400,3600,3600,3600,3600,3600
pink outfits,3600,3600,3600,2900,2900,1900,1600,3600,4400,4400,4400,4400,3600
black skater dress,3600,4400,3600,4400,5400,5400,4400,3600,2900,2900,2900,2900,2400
stretch jeans for women,3600,2400,3600,5400,5400,4400,4400,4400,4400,4400,3600,2900,1900
yellow midi dress,3600,8100,3600,1600,1000,590,590,1300,1900,3600,5400,6600,6600
mens suit jacket,3600,3600,3600,4400,4400,4400,3600,2900,2900,3600,3600,3600,2900
baby outfits,3600,3600,3600,4400,4400,4400,4400,3600,3600,3600,3600,3600,2900
dinner dress,3600,3600,3600,4400,4400,4400,3600,4400,4400,4400,3600,3600,3600
mens lounge shorts,3600,3600,3600,2900,2900,5400,6600,2400,2400,1900,1900,2900,3600
short dresses for women,3600,4400,3600,3600,2900,2900,2900,2400,2900,2900,3600,4400,5400
nehru jacket,3600,3600,3600,3600,4400,4400,2900,4400,2900,3600,3600,3600,2900
mens designer shorts,3600,5400,3600,1900,1300,1300,1300,1600,2400,3600,4400,6600,5400
large mens clothing,3600,4400,3600,4400,4400,4400,4400,2900,2400,2900,2900,3600,2900
classy dresses,3600,4400,3600,2900,2900,2900,2900,3600,2900,3600,3600,3600,3600
mens chino trousers,3600,3600,3600,5400,3600,3600,3600,2900,2900,2900,3600,3600,3600
lavish alice dress,3600,4400,3600,2900,2400,2900,2400,4400,3600,5400,6600,4400,4400
funny shirts for men,3600,4400,3600,2900,2900,5400,6600,1900,2400,2900,3600,4400,4400
brown satin dress,3600,2900,3600,4400,4400,4400,2900,2900,2400,2900,2900,2900,2900
maxi dress for wedding,3600,4400,3600,2900,2400,1600,1600,2900,2900,4400,4400,4400,4400
cotton shirts for women,3600,4400,3600,2400,2400,1900,1600,2400,2400,3600,4400,5400,4400
black cropped jacket,3600,2900,3600,5400,5400,4400,3600,2900,3600,5400,4400,4400,2400
smart trousers,3600,3600,3600,4400,3600,4400,3600,3600,2900,3600,3600,2900,2900
embellished maxi dress,3600,4400,3600,3600,3600,4400,3600,3600,2900,3600,3600,4400,3600
sister jane dress,3600,5400,3600,2900,2400,2900,2400,2900,2900,4400,4400,4400,3600
black chino pants,3600,3600,3600,4400,3600,3600,3600,2900,2900,2900,2900,2900,2900
evening maxi dresses,3600,3600,3600,4400,4400,5400,2900,3600,2900,3600,3600,3600,2900
yours dresses,3600,5400,3600,2400,2900,2400,1900,1900,2400,3600,4400,5400,5400
hooded jacket,3600,2900,3600,8100,5400,5400,3600,3600,3600,3600,2900,2400,2900
designer clothes for women,3600,3600,3600,3600,3600,4400,5400,2900,2900,3600,3600,2900,2400
trouser suits for weddings,3600,3600,3600,3600,2400,1600,1000,4400,4400,5400,4400,3600,2900
1970s fashion,3600,4400,3600,5400,4400,3600,2900,4400,3600,4400,3600,3600,3600
japanese clothing brands,3600,2900,3600,3600,3600,4400,3600,3600,2900,3600,4400,3600,2900
waist coat,3600,4400,3600,3600,5400,4400,3600,3600,2900,3600,3600,3600,4400
80s clothes,3600,4400,3600,3600,3600,3600,3600,4400,3600,3600,3600,3600,2900
red shirt men,3600,4400,3600,3600,4400,3600,4400,2900,3600,2900,2900,3600,2900
mens office wear,3600,3600,3600,4400,3600,3600,2900,3600,3600,3600,2900,2900,2400
smart dresses,3600,4400,3600,4400,3600,3600,2400,2900,3600,4400,3600,3600,4400
90s fashion women,3600,3600,3600,3600,3600,2900,2400,4400,4400,4400,4400,3600,3600
brave soul london,3600,3600,3600,3600,3600,4400,4400,3600,2900,2900,2900,2900,2900
hijab style,3600,3600,3600,3600,3600,2900,2900,2900,3600,3600,2900,2900,2900
battle jacket,3600,4400,3600,2900,2900,3600,2900,2900,2900,2900,2900,3600,5400
only clothes,3600,2900,3600,3600,4400,4400,2900,2900,2900,3600,4400,4400,3600
short men,3600,5400,3600,1900,1900,1900,1900,1900,1900,3600,3600,6600,5400
short frock for women,3600,4400,3600,3600,2900,2900,2900,2400,2900,2900,3600,4400,5400
office dress for men,3600,3600,3600,4400,3600,3600,2900,3600,3600,3600,2900,2900,2400
black chinos,3600,3600,3600,4400,3600,3600,3600,2900,2900,2900,2900,2900,2900
black chinos men,3600,3600,3600,4400,4400,5400,4400,3600,3600,3600,2900,2900,2900
mens black chino pants,3600,3600,3600,4400,4400,5400,4400,3600,3600,3600,2900,2900,2900
portuguese flannel shirt,3600,3600,3600,3600,4400,4400,4400,3600,2900,3600,3600,4400,4400
black chino trousers,3600,3600,3600,4400,3600,3600,3600,2900,2900,2900,2900,2900,2900
mens chino dress pants,3600,3600,3600,5400,3600,3600,3600,2900,2900,2900,3600,3600,3600
mens black chino trousers,3600,3600,3600,4400,4400,5400,4400,3600,3600,3600,2900,2900,2900
mens chino slacks,3600,3600,3600,5400,3600,3600,3600,2900,2900,2900,3600,3600,3600
black mens chinos trousers,3600,3600,3600,4400,4400,5400,4400,3600,3600,3600,2900,2900,2900
chino pants for men black,3600,3600,3600,4400,4400,5400,4400,3600,3600,3600,2900,2900,2900
oversized cardigan sweater,2900,1600,3600,6600,5400,4400,3600,2900,2400,2900,2400,1900,1000
wide leg linen pants,2900,6600,3600,1900,1000,880,880,1600,1900,2900,4400,6600,5400
oversized cardigan,2900,1600,3600,6600,5400,4400,3600,2900,2400,2900,2400,1900,1000
midi shirt dress,2900,5400,3600,2400,1900,1300,1000,1600,1900,2900,3600,4400,4400
wide leg linen trousers,2900,6600,3600,1900,1000,880,880,1600,1900,2900,4400,6600,5400
wedding guest dresses with sleeves,2900,3600,3600,2900,1900,1300,720,1900,2900,3600,4400,4400,3600
suede trench coat,2900,720,3600,9900,6600,4400,2400,2400,1900,1900,1000,720,320
brown suede jacket womens,2900,1000,3600,6600,5400,2400,1900,1900,2400,3600,2400,1600,880
tshirt dress midi,2900,5400,3600,2400,1900,1300,1000,1600,1900,2900,3600,4400,4400
h and m cardigans,2900,1900,3600,6600,5400,3600,3600,2400,2400,2400,2900,2400,1600
mng trench coat,2900,1600,3600,6600,4400,3600,2900,2400,2400,3600,3600,1900,1000
boots demonia,2900,2900,3600,3600,4400,3600,4400,3600,2400,2400,2400,2400,2400
brown womens suede jacket,2900,1000,3600,6600,5400,2400,1900,1900,2400,3600,2400,1600,880
cable knit sweater,2900,1600,3600,5400,5400,6600,5400,2900,1900,1900,1300,1000,880
nursing dresses,2900,4400,3600,2400,1900,1900,1900,1600,1900,2900,3600,3600,2900
grey sweatpants,2900,2400,3600,3600,4400,4400,4400,3600,2400,2900,2400,2400,1900
white maternity dress,2900,3600,3600,2900,2400,1900,1600,2900,2400,2900,2900,2900,2900
high waisted shorts,2900,5400,3600,1900,1600,1600,1600,1600,1900,2400,2900,5400,4400
kids winter coats,2900,1300,3600,8100,5400,6600,2400,2400,880,590,390,390,480
black cargo pants women,2900,3600,3600,4400,3600,3600,2900,2900,2900,3600,2900,2900,2400
maternity wear,2900,3600,3600,3600,2900,2900,2900,2900,2900,3600,2900,2400,1900
women's clothing online,2900,3600,3600,3600,2900,2900,2400,2400,2400,2900,2900,2900,1900
penguin clothing,2900,3600,3600,2900,2900,4400,4400,2900,1900,2400,2900,2900,2900
pink maternity dress,2900,3600,3600,2900,2900,1900,1300,3600,3600,3600,4400,3600,3600
pink floral dress,2900,5400,3600,1900,1300,1000,880,1900,2400,3600,4400,4400,4400
club dresses,2900,3600,3600,3600,2900,2900,2900,2900,2900,3600,3600,3600,3600
pink shorts,2900,5400,3600,1900,1900,1000,1000,1600,1900,2900,4400,5400,5400
kimono jacket,2900,4400,3600,2900,2400,1900,1600,1900,1900,2400,2900,3600,3600
black work dress,2900,3600,3600,4400,3600,2900,1900,2900,2900,2900,2400,2900,2900
doen dress,2900,4400,3600,1900,1300,1300,1600,1600,1900,2900,3600,5400,8100
plus size occasion dresses,2900,4400,3600,2900,2400,1600,880,1900,2400,3600,3600,3600,2900
travel outfits for women,2900,3600,3600,3600,2900,1600,1600,2900,2900,2900,2900,3600,3600
cotton summer dresses for over 50s,2900,6600,3600,1600,880,590,590,2400,2900,2900,3600,5400,5400
mens formal shirts,2900,4400,3600,4400,3600,3600,2900,2400,2400,2400,2400,2400,2400
white shirts for men,2900,4400,3600,3600,2900,2900,2900,2400,2400,2900,2900,2900,3600
gant polo shirts,2900,4400,3600,2400,1900,2900,2900,1300,1600,2400,2400,3600,3600
beach trousers,2900,4400,3600,2400,1300,880,880,2400,2400,2900,3600,5400,4400
curve dresses,2900,4400,3600,2900,2400,2900,1900,2400,2400,2900,2900,3600,2900
mtb shorts,2900,4400,3600,2400,1600,1300,1300,1300,1300,2900,4400,4400,4400
corduroy jacket womens,2900,1300,3600,6600,6600,4400,2900,2900,2400,2900,2900,1900,1000
linen jacket men,2900,5400,3600,2900,1300,1000,1000,1600,1900,2900,4400,5400,6600
pink and orange dress,2900,6600,3600,1900,1000,720,720,1900,2400,3600,4400,5400,5400
camo cargo shorts,2900,5400,3600,1600,1000,880,880,1000,1300,2900,4400,6600,6600
blue and white striped shirt,2900,5400,3600,2900,2400,1600,1600,1900,2400,3600,4400,4400,4400
red evening dress,2900,2900,3600,4400,4400,4400,2400,2900,2900,2400,2400,2400,2400
yellow satin dress,2900,5400,3600,1900,1300,1000,880,1900,1900,2900,3600,4400,3600
swimsuit with skirt,2900,5400,3600,2400,1600,1300,1300,2400,2900,3600,3600,4400,4400
collar shirts,2900,3600,3600,2900,2900,2900,2400,2400,2400,2900,2400,2900,2900
aybl shorts,2900,3600,3600,2400,1900,2400,1900,2400,2400,3600,4400,5400,5400
mens camo shorts,2900,5400,3600,1600,1000,880,720,1000,1600,2900,4400,6600,8100
winter wedding dresses,2900,2900,3600,4400,4400,3600,2900,2900,1900,1300,1300,1600,1600
long wedding guest dresses,2900,3600,3600,2900,2400,1600,1000,2400,2400,2900,3600,3600,2900
pink and red dress,2900,5400,3600,1900,1000,1000,1000,2900,2900,3600,3600,4400,4400
black windbreaker,2900,2400,3600,5400,3600,2900,2400,2400,2900,3600,3600,2900,2400
nomad clothing,2900,4400,3600,3600,2900,1900,1900,2400,1900,2400,2900,3600,3600
mens sports shorts,2900,5400,3600,2400,1900,2400,2400,1600,1900,2900,2900,4400,5400
indian wedding dresses,2900,3600,3600,4400,2900,2400,2400,2900,2400,2400,2900,2400,2400
vintage tee shirts,2900,4400,3600,2400,1900,2900,2900,2400,2400,2900,2900,3600,3600
black vest top,2900,4400,3600,2900,2900,2400,2400,1900,2400,2900,2900,4400,4400
printed t shirts for men,2900,3600,3600,2900,1900,2400,2400,1600,1600,2400,2900,3600,3600
90s clothes,2900,4400,3600,3600,3600,3600,1900,3600,2900,3600,2900,2900,2900
green shirts for men,2900,4400,3600,3600,3600,3600,3600,1900,2400,2900,2400,2900,2900
wednesday outfit,2900,590,3600,6600,14800,1300,480,590,1000,1300,480,480,320
manchester united jacket,2900,1300,3600,3600,4400,5400,5400,4400,3600,1900,1600,2400,1300
strappy top,2900,4400,3600,2400,1600,1600,1600,1900,1900,2400,2900,4400,5400
polo top,2900,4400,3600,3600,2900,3600,3600,1900,2400,2900,2900,3600,3600
long t shirt for women,2900,4400,3600,2900,1900,1600,1300,1900,1900,2900,3600,3600,3600
grey trousers mens,2900,2900,3600,3600,2900,2900,2900,2400,2400,2400,2400,1900,1900
fox clothes,2900,3600,3600,3600,3600,5400,4400,2400,2400,2400,2400,2900,2400
90s attire,2900,4400,3600,3600,3600,3600,1900,3600,2900,3600,2900,2900,2900
90 clothes,2900,4400,3600,3600,3600,3600,1900,3600,2900,3600,2900,2900,2900
black linen shirt,2400,5400,3600,1900,1000,880,720,1000,1000,1600,2900,4400,5400
strapless swimsuit,2400,4400,3600,1900,1000,720,720,1900,1600,1900,2900,3600,3600
plus size denim dress,2400,3600,3600,2400,1600,880,720,1300,2400,2900,2900,2900,2900
baby winter clothes,2400,2900,3600,5400,4400,3600,1600,1300,720,880,1300,1900,1900
black floral dress,2400,3600,3600,2400,1900,1600,1000,1900,2400,2900,2900,2900,2900
poplin shirt,2400,3600,3600,2400,1900,1900,1600,1900,1900,2400,2900,2900,2900
casual maxi dress,2400,4400,3600,1900,1600,1300,1300,1600,1900,2400,2900,3600,3600
red wedding dress,2400,2900,3600,3600,2900,2400,2400,2900,2400,2400,2400,2400,2400
travel outfit,2400,3600,3600,2900,1900,1300,1300,2400,1900,2400,2400,3600,3600
silkfred dresses,2400,5400,3600,2400,2400,1900,880,1600,1900,2400,2400,2400,1900
mens designer t shirts sale,2400,4400,3600,1900,1900,2900,2900,1600,1600,1900,2400,2900,2900
plus size festival outfits,1900,5400,3600,880,390,320,210,590,590,880,1900,2900,3600
blue polo shirt,1900,3600,3600,2900,1900,1300,1000,1300,1300,1600,1900,1900,2400
black pinafore dress,1900,2900,3600,2900,2900,2400,1900,1900,1600,1300,1000,880,1000
plus size festival clothes,1900,5400,3600,880,390,320,210,590,590,880,1900,2900,3600
teacher outfit,1900,2400,3600,3600,1900,1600,1300,2400,1600,1900,1600,1600,1900
mens festival outfits,1600,5400,3600,1000,390,260,320,480,480,880,1600,2900,2900
wool coat men,8100,1600,2900,8100,12100,22200,22200,14800,6600,4400,1900,1300,1000
mens puffer coat,8100,1300,2900,9900,14800,22200,18100,9900,4400,2400,1300,880,720
long puffer coats,8100,1300,2900,9900,12100,22200,14800,14800,5400,2400,1000,720,480
mens wool dress coat,8100,1600,2900,8100,12100,22200,22200,14800,6600,4400,1900,1300,1000
wool overcoat men's,8100,1600,2900,8100,12100,22200,22200,14800,6600,4400,1900,1300,1000
coat men wool,8100,1600,2900,8100,12100,22200,22200,14800,6600,4400,1900,1300,1000
coats for men wool,8100,1600,2900,8100,12100,22200,22200,14800,6600,4400,1900,1300,1000
woolen overcoat men's,8100,1600,2900,8100,12100,22200,22200,14800,6600,4400,1900,1300,1000
mens jacket woolen,8100,1600,2900,8100,12100,22200,22200,14800,6600,4400,1900,1300,1000
gents woolen coat,8100,1600,2900,8100,12100,22200,22200,14800,6600,4400,1900,1300,1000
jacket woolen for men,8100,1600,2900,8100,12100,22200,22200,14800,6600,4400,1900,1300,1000
wool coat male,8100,1600,2900,8100,12100,22200,22200,14800,6600,4400,1900,1300,1000
long puffer coat,8100,1300,2900,9900,12100,22200,14800,14800,5400,2400,1000,720,480
men's wool coat,8100,1600,2900,8100,12100,22200,22200,14800,6600,4400,1900,1300,1000
kitten heels boots,6600,1300,2900,8100,12100,14800,12100,8100,6600,4400,2400,1600,880
mens waterproof coat,6600,1900,2900,12100,9900,14800,12100,6600,5400,2400,1300,1300,1600
long coats black,6600,1600,2900,8100,12100,18100,14800,12100,8100,3600,1900,1300,720
long black coat for ladies,6600,1600,2900,6600,9900,14800,14800,12100,6600,3600,2400,1000,720
mens cashmere sweaters,6600,2400,2900,6600,9900,14800,14800,6600,4400,4400,2400,1900,1300
long black coat,6600,1600,2900,8100,12100,18100,14800,12100,8100,3600,1900,1300,720
victoria beckham dresses,6600,3600,2900,2900,22200,5400,4400,8100,5400,4400,4400,5400,5400
long black coat women,6600,1600,2900,6600,9900,14800,14800,12100,6600,3600,2400,1000,720
black long sleeve dress,5400,2400,2900,6600,9900,12100,9900,8100,6600,4400,2900,2400,1900
cashmere jumper women's,5400,1300,2900,8100,9900,12100,12100,6600,3600,2900,1600,1300,880
corduroy trousers men,5400,1900,2900,6600,8100,9900,9900,6600,4400,4400,2900,2400,1900
mens fur coat,5400,2400,2900,5400,8100,12100,12100,8100,4400,3600,2400,1900,1300
mens cord trousers,5400,1900,2900,6600,8100,9900,9900,6600,4400,4400,2900,2400,1900
chelsea black boots,5400,1900,2900,6600,8100,12100,9900,6600,3600,2900,1900,1900,1300
mens tweed coat,5400,1900,2900,8100,8100,8100,8100,5400,4400,5400,2900,2400,1600
brown coat men,5400,1900,2900,5400,9900,9900,9900,6600,5400,5400,4400,2900,1900
mens fur overcoat,5400,2400,2900,5400,8100,12100,12100,8100,4400,3600,2400,1900,1300
mens fluffy coat,5400,2400,2900,5400,8100,12100,12100,8100,4400,3600,2400,1900,1300
ladies long puffer jackets,5400,1000,2900,8100,9900,18100,12100,9900,3600,1600,880,590,480
male fur coats,5400,2400,2900,5400,8100,12100,12100,8100,4400,3600,2400,1900,1300
man in fur coat,5400,2400,2900,5400,8100,12100,12100,8100,4400,3600,2400,1900,1300
sherpa jacket,5400,1600,2900,8100,9900,12100,8100,6600,3600,2900,1900,1600,1000
mens sweaters,5400,1600,2900,6600,8100,12100,12100,5400,3600,3600,2400,1900,1300
cashmere sweater women,5400,1300,2900,8100,9900,12100,12100,6600,3600,2900,1600,1300,880
leather pants women,5400,1900,2900,6600,8100,12100,12100,6600,5400,4400,2900,1900,1600
max mara coat,5400,1900,2900,6600,9900,12100,9900,8100,4400,3600,1900,1300,1300
shearling jacket,5400,1600,2900,6600,9900,12100,9900,8100,4400,2900,1600,1300,1000
long puffer jacket women,5400,1000,2900,8100,9900,18100,12100,9900,3600,1600,880,590,480
petite coats,5400,1300,2900,9900,12100,14800,12100,8100,4400,2900,1600,1000,720
ski suits,5400,1900,2900,4400,6600,9900,12100,14800,8100,4400,1600,1300,1000
mens tweed jacket,5400,1900,2900,8100,8100,8100,8100,5400,4400,5400,2900,2400,1600
m65 field jacket,5400,2400,2900,4400,4400,4400,12100,6600,5400,5400,4400,4400,2400
mens corduroy trousers,5400,1900,2900,6600,8100,9900,9900,6600,4400,4400,2900,2400,1900
leather trousers women,5400,1900,2900,6600,8100,12100,12100,6600,5400,4400,2900,1900,1600
brown jacket men,5400,1900,2900,5400,9900,9900,9900,6600,5400,5400,4400,2900,1900
fur jacket men,5400,2400,2900,5400,8100,12100,12100,8100,4400,3600,2400,1900,1300
vogue runway,5400,4400,2900,8100,8100,3600,2900,5400,6600,6600,2900,2900,3600
half zip sweater men,5400,1900,2900,6600,8100,14800,14800,6600,4400,4400,2900,1900,1300
mens half zip jumper,5400,1900,2900,6600,8100,14800,14800,6600,4400,4400,2900,1900,1300
mens half zip pullover sweater,5400,1900,2900,6600,8100,14800,14800,6600,4400,4400,2900,1900,1300
half zipper sweater mens,5400,1900,2900,6600,8100,14800,14800,6600,4400,4400,2900,1900,1300
half zip men's jumper,5400,1900,2900,6600,8100,14800,14800,6600,4400,4400,2900,1900,1300
half zip men's pullover,5400,1900,2900,6600,8100,14800,14800,6600,4400,4400,2900,1900,1300
half zipper sweater men's,5400,1900,2900,6600,8100,14800,14800,6600,4400,4400,2900,1900,1300
suede knee high boots,4400,1600,2900,8100,9900,9900,8100,4400,2900,2400,1600,1000,720
long boots for women,4400,1600,2900,8100,9900,12100,9900,5400,2900,1900,1300,880,720
suede knee boots,4400,1600,2900,8100,9900,9900,8100,4400,2900,2400,1600,1000,720
suede high boots,4400,1600,2900,8100,9900,9900,8100,4400,2900,2400,1600,1000,720
wool trench coat,4400,1300,2900,6600,8100,9900,8100,5400,2900,1900,1000,720,590
black heeled ankle boots,4400,1600,2900,5400,8100,9900,8100,6600,5400,3600,2400,1600,880
women's flat boots,4400,1300,2900,8100,9900,12100,8100,5400,3600,2400,1300,1000,720
long womens boots,4400,1600,2900,8100,9900,12100,9900,5400,2900,1900,1300,880,720
wool coat trench,4400,1300,2900,6600,8100,9900,8100,5400,2900,1900,1000,720,590
wool trench jacket,4400,1300,2900,6600,8100,9900,8100,5400,2900,1900,1000,720,590
brown chelsea boots,4400,1600,2900,6600,8100,9900,6600,4400,2900,2400,1900,1600,1600
mens black puffer jacket,4400,1300,2900,6600,6600,9900,8100,6600,3600,1900,1000,720,590
mens black chelsea boots,4400,2400,2900,4400,5400,8100,8100,5400,4400,3600,2900,2400,1900
chelsea mens boots black,4400,2400,2900,4400,5400,8100,8100,5400,4400,3600,2900,2400,1900
mens black boots chelsea,4400,2400,2900,4400,5400,8100,8100,5400,4400,3600,2900,2400,1900
brown chelsea shoes,4400,1600,2900,6600,8100,9900,6600,4400,2900,2400,1900,1600,1600
chelsea boots black for men,4400,2400,2900,4400,5400,8100,8100,5400,4400,3600,2900,2400,1900
northface jacket men,4400,1600,2900,5400,8100,12100,8100,5400,3600,2900,1900,1300,1000
boys jeans,4400,2900,2900,5400,6600,8100,9900,4400,4400,5400,3600,2900,1900
sparkle dress,4400,2900,2900,4400,5400,12100,12100,3600,2900,2900,2900,2900,2900
cute clothes,4400,2900,2900,3600,4400,6600,5400,4400,3600,4400,3600,3600,3600
parka jacket women,4400,1600,2900,8100,8100,8100,5400,5400,2900,2900,1900,1600,1000
coachella outfits,4400,2900,2900,1900,880,720,720,1600,1600,2900,22200,6600,4400
jack wolfskin jacket,4400,1900,2900,5400,6600,8100,6600,6600,4400,3600,2400,1900,1900
mens gym wear,4400,2900,2900,3600,3600,6600,6600,5400,4400,3600,2900,2900,2900
harris tweed jacket,4400,2400,2900,5400,6600,6600,5400,5400,4400,3600,2900,2400,1900
ladies sweatshirts,4400,1600,2900,8100,6600,6600,5400,3600,3600,4400,3600,2900,1600
coat sale,4400,1900,2900,4400,5400,8100,12100,9900,4400,2900,1900,1300,1000
long sleeve black top,4400,1900,2900,4400,6600,6600,6600,4400,4400,4400,2900,2900,1900
montane terra pants,4400,2400,2900,3600,3600,5400,5400,5400,4400,4400,4400,3600,3600
polo jacket men,4400,1600,2900,6600,8100,12100,8100,5400,2900,2400,1600,1300,1000
winter outfits women,4400,1300,2900,8100,9900,14800,9900,5400,2400,880,390,390,390
hooded coat,4400,1300,2900,9900,8100,8100,5400,4400,3600,1900,1300,1300,1000
winter look for women,4400,1300,2900,8100,9900,14800,9900,5400,2400,880,390,390,390
winter outfits for ladies,4400,1300,2900,8100,9900,14800,9900,5400,2400,880,390,390,390
white knee high boots,3600,2900,2900,4400,9900,3600,3600,2400,2400,2900,2400,2400,1900
knee boots,3600,1600,2900,6600,8100,8100,6600,3600,2400,1900,1300,1000,1000
chunky knit sweater,3600,1300,2900,5400,6600,6600,5400,5400,2400,1300,1000,590,480
faux leather jacket womens,3600,1300,2900,5400,6600,6600,5400,3600,3600,4400,3600,2400,1600
brown leather knee high boots,3600,1300,2900,8100,8100,6600,5400,3600,1900,1600,880,720,590
white knee boots,3600,2900,2900,4400,9900,3600,3600,2400,2400,2900,2400,2400,1900
faux leather blazer womens,3600,1300,2900,5400,6600,6600,5400,3600,3600,4400,3600,2400,1600
ladies faux leather jacket,3600,1300,2900,5400,6600,6600,5400,3600,3600,4400,3600,2400,1600
pleather jacket womens,3600,1300,2900,5400,6600,6600,5400,3600,3600,4400,3600,2400,1600
faux leather biker jacket womens,3600,1300,2900,5400,6600,6600,5400,3600,3600,4400,3600,2400,1600
faux leather coat womens,3600,1300,2900,5400,6600,6600,5400,3600,3600,4400,3600,2400,1600
brown leather knee boots,3600,1300,2900,8100,8100,6600,5400,3600,1900,1600,880,720,590
fake leather jacket womens,3600,1300,2900,5400,6600,6600,5400,3600,3600,4400,3600,2400,1600
high boots heels,3600,2400,2900,4400,6600,6600,5400,4400,3600,2900,2400,1900,1600
brown leather high boots,3600,1300,2900,8100,8100,6600,5400,3600,1900,1600,880,720,590
high boots white,3600,2900,2900,4400,9900,3600,3600,2400,2400,2900,2400,2400,1900
knee boots white,3600,2900,2900,4400,9900,3600,3600,2400,2400,2900,2400,2400,1900
faux biker jacket womens,3600,1300,2900,5400,6600,6600,5400,3600,3600,4400,3600,2400,1600
long sleeve dresses for women,3600,2400,2900,5400,5400,5400,4400,4400,4400,4400,3600,2900,2400
long trench coat,3600,1000,2900,6600,6600,6600,5400,3600,3600,3600,2900,1900,1000
long sleeve summer dresses,3600,5400,2900,1300,1000,720,880,1600,2400,3600,5400,8100,8100
cream cardigan womens,3600,2400,2900,3600,3600,2900,2900,2400,2400,3600,4400,5400,3600
leopard print cardigan,3600,1300,2900,6600,8100,6600,4400,3600,3600,2900,2400,1600,880
animal print cardigan,3600,1300,2900,6600,8100,6600,4400,3600,3600,2900,2400,1600,880
womens long raincoat,3600,1900,2900,9900,5400,4400,2400,2900,2900,1600,1000,1600,2900
ladies cream cardigan,3600,2400,2900,3600,3600,2900,2900,2400,2400,3600,4400,5400,3600
ladies long raincoat,3600,1900,2900,9900,5400,4400,2400,2900,2900,1600,1000,1600,2900
leopard print cardigan sweater,3600,1300,2900,6600,8100,6600,4400,3600,3600,2900,2400,1600,880
animal print cardigan sweater,3600,1300,2900,6600,8100,6600,4400,3600,3600,2900,2400,1600,880
long trench jacket,3600,1000,2900,6600,6600,6600,5400,3600,3600,3600,2900,1900,1000
large trench coat,3600,1000,2900,6600,6600,6600,5400,3600,3600,3600,2900,1900,1000
long coat trench,3600,1000,2900,6600,6600,6600,5400,3600,3600,3600,2900,1900,1000
dealer boots mens,3600,2400,2900,3600,4400,6600,5400,3600,2900,2900,2400,2400,2400
leather pants,3600,2400,2900,3600,4400,5400,4400,4400,3600,3600,2400,1900,1600
plus size womens clothing,3600,3600,2900,3600,3600,2900,3600,2900,2900,3600,4400,3600,2900
velour tracksuit,3600,1900,2900,4400,5400,5400,6600,5400,3600,3600,2900,2900,1900
modest dresses for women,3600,4400,2900,3600,2900,2900,2900,2900,2900,4400,3600,4400,4400
dress up,3600,3600,2900,3600,4400,4400,3600,2900,2900,3600,2400,2900,2900
girls jeans,3600,1900,2900,5400,5400,5400,6600,3600,3600,3600,2900,1900,1600
black straight leg jeans,3600,1900,2900,5400,5400,6600,5400,4400,3600,3600,2900,1900,1300
pink jacket,3600,2400,2900,3600,3600,2900,2400,3600,4400,6600,6600,4400,2900
womens blazer jacket,3600,1900,2900,4400,4400,4400,3600,3600,3600,5400,4400,3600,1900
tapered jeans,3600,2400,2900,4400,4400,4400,4400,3600,3600,4400,3600,2900,1900
utility jacket,3600,2400,2900,4400,3600,2900,2400,2900,2900,4400,4400,3600,2400
soft shell jacket,3600,2900,2900,6600,6600,6600,2400,1900,1900,3600,3600,2900,2400
mink coat,3600,2400,2900,3600,4400,6600,8100,6600,3600,2400,2400,1900,1600
mens summer shorts,3600,6600,2900,1900,1000,1000,1000,1900,2400,3600,5400,9900,8100
tall women's clothing,3600,3600,2900,3600,3600,4400,3600,3600,3600,4400,4400,3600,2900
jordan tracksuit,3600,2400,2900,3600,5400,6600,6600,2900,2900,3600,2400,1900,1300
knee length shorts,3600,5400,2900,1600,880,720,590,1000,1300,2400,3600,8100,9900