Keyword,Avg. monthly search,Jul 2025,Aug 2025,Sep 2025,Okt 2025,Nov 2025,Dec 2025,Jan 2026,Feb 2026,Mrt 2026,Apr 2026,Mei 2026,Jun 2026
christmas party dress,40500,3600,8100,33100,90500,246000,110000,1600,880,880,720,880,1000
hoodies,110000,60500,90500,135000,135000,201000,165000,90500,74000,90500,74000,60500,49500
coat,74000,33100,60500,135000,135000,201000,110000,90500,60500,49500,33100,27100,27100
dresses,165000,201000,165000,165000,135000,165000,165000,201000,165000,201000,165000,201000,201000
womens trainers,110000,74000,90500,110000,90500,165000,165000,90500,90500,110000,90500,90500,74000
mens tracksuits,74000,33100,49500,90500,110000,165000,165000,74000,60500,60500,49500,40500,33100
womens coats,60500,14800,40500,110000,135000,165000,135000,90500,49500,33100,14800,12100,8100
mens coats,49500,9900,22200,74000,90500,165000,110000,60500,33100,22200,12100,8100,6600
tracksuit,74000,49500,60500,90500,110000,135000,135000,74000,60500,74000,49500,49500,40500
knee high boots,60500,27100,40500,110000,135000,135000,110000,60500,40500,33100,22200,18100,14800
mens hoodies,60500,22200,33100,74000,74000,135000,165000,49500,40500,40500,33100,27100,22200
jeans,90500,60500,74000,135000,90500,110000,110000,90500,74000,90500,74000,60500,49500
trench coat,74000,33100,60500,110000,110000,110000,74000,60500,60500,74000,60500,40500,27100
trench jacket,74000,33100,60500,110000,110000,110000,74000,60500,60500,74000,60500,40500,27100
trench trench coat,74000,33100,60500,110000,110000,110000,74000,60500,60500,74000,60500,40500,27100
jacket,60500,33100,49500,90500,90500,110000,90500,60500,60500,74000,60500,40500,33100
puffer jacket,49500,14800,33100,74000,74000,110000,74000,60500,33100,22200,14800,12100,9900
mens jackets,49500,18100,27100,60500,74000,110000,110000,60500,49500,49500,33100,27100,18100
party dresses,40500,33100,33100,40500,60500,110000,74000,40500,33100,33100,27100,27100,27100
fur coat,40500,9900,22200,40500,60500,110000,110000,60500,33100,14800,9900,6600,5400
christmas party outfit,22200,880,1900,9900,33100,110000,74000,720,480,390,320,260,260
cardigan,74000,74000,110000,135000,90500,90500,90500,74000,60500,74000,74000,74000,60500
cardigan clothes,74000,74000,110000,135000,90500,90500,90500,74000,60500,74000,74000,74000,60500
cardigans clothing,74000,74000,110000,135000,90500,90500,90500,74000,60500,74000,74000,74000,60500
black dress,74000,74000,60500,74000,90500,90500,74000,74000,60500,74000,60500,60500,60500
pyjamas,49500,33100,33100,49500,60500,90500,110000,49500,40500,40500,27100,33100,27100
womens tracksuits,49500,18100,33100,60500,60500,90500,90500,49500,40500,40500,27100,22200,18100
arne clothing,49500,27100,40500,49500,49500,90500,90500,60500,40500,40500,40500,40500,40500
boots docmart,40500,18100,27100,49500,60500,90500,74000,49500,27100,22200,18100,14800,12100
ladies dressing gowns,33100,12100,18100,40500,40500,90500,90500,33100,22200,22200,14800,14800,12100
jumper dress,27100,3600,8100,40500,60500,90500,74000,33100,18100,8100,4400,2900,1900
sweatshirt jumper dress,27100,3600,8100,40500,60500,90500,74000,33100,18100,8100,4400,2900,1900
jumper and dress,27100,3600,8100,40500,60500,90500,74000,33100,18100,8100,4400,2900,1900
jumper with dress,27100,3600,8100,40500,60500,90500,74000,33100,18100,8100,4400,2900,1900
christmas dress,22200,1600,3600,12100,33100,90500,90500,880,590,720,590,720,720
wedding guest dresses,246000,368000,301000,201000,135000,74000,60500,201000,246000,301000,301000,368000,301000
leather jackets,60500,40500,49500,74000,90500,74000,74000,60500,60500,74000,74000,60500,33100
jackets leather,60500,40500,49500,74000,90500,74000,74000,60500,60500,74000,74000,60500,33100
jacket leder,60500,40500,49500,74000,90500,74000,74000,60500,60500,74000,74000,60500,33100
leather jacket,60500,40500,49500,74000,90500,74000,74000,60500,60500,74000,74000,60500,33100
bomber jacket,49500,27100,40500,60500,60500,74000,49500,49500,40500,49500,49500,40500,27100
chelsea boots boots,40500,22200,33100,60500,60500,74000,74000,49500,33100,33100,22200,22200,18100
mens jeans,40500,27100,33100,49500,60500,74000,90500,40500,40500,40500,33100,27100,22200
black tie dresses,40500,27100,33100,49500,60500,74000,33100,49500,40500,40500,40500,40500,33100
men's jeans,40500,27100,33100,49500,60500,74000,90500,40500,40500,40500,33100,27100,22200
black boots,33100,22200,27100,49500,74000,74000,60500,40500,27100,22200,18100,14800,14800
womens jumpers,33100,8100,18100,49500,60500,74000,90500,40500,22200,18100,12100,8100,5400
puffer jacket women,33100,8100,18100,49500,60500,74000,49500,49500,22200,18100,9900,8100,5400
ladies puffer jacket,33100,8100,18100,49500,60500,74000,49500,49500,22200,18100,9900,8100,5400
male puffer jacket,27100,5400,12100,33100,49500,74000,49500,33100,18100,12100,6600,4400,3600
puffer mens coat,27100,5400,12100,33100,49500,74000,49500,33100,18100,12100,6600,4400,3600
jackets for men puffer,27100,5400,12100,33100,49500,74000,49500,33100,18100,12100,6600,4400,3600
coat mens puffer,27100,5400,12100,33100,49500,74000,49500,33100,18100,12100,6600,4400,3600
jacket men puffer,27100,5400,12100,33100,49500,74000,49500,33100,18100,12100,6600,4400,3600
mens puffer jacket,27100,5400,12100,33100,49500,74000,49500,33100,18100,12100,6600,4400,3600
winter coats,27100,12100,33100,74000,60500,74000,33100,27100,9900,5400,3600,3600,3600
shorts,90500,110000,74000,60500,60500,60500,74000,74000,74000,90500,110000,135000,135000
maxi dresses,74000,110000,74000,60500,49500,60500,49500,60500,60500,90500,90500,110000,110000
women clothing,60500,49500,49500,49500,60500,60500,74000,49500,49500,60500,60500,49500,49500
baby clothes,49500,49500,49500,60500,49500,60500,60500,60500,49500,49500,40500,40500,40500
going out tops,49500,27100,33100,49500,49500,60500,60500,60500,74000,74000,49500,40500,33100
jumpsuits,49500,60500,49500,49500,49500,60500,49500,49500,49500,49500,49500,60500,49500
waterproof jacket,49500,40500,40500,90500,60500,60500,40500,40500,40500,27100,22200,27100,40500
sainsbury's clothing,49500,49500,49500,49500,60500,60500,60500,33100,33100,40500,40500,49500,40500
weatherproof jacket,49500,40500,40500,90500,60500,60500,40500,40500,40500,27100,22200,27100,40500
pea coat,40500,18100,33100,49500,90500,60500,49500,40500,27100,22200,14800,12100,9900
arcteryx jacket,33100,14800,22200,49500,49500,60500,49500,40500,33100,22200,18100,14800,14800
sequin dresses,33100,27100,22200,27100,33100,60500,60500,22200,14800,18100,22200,27100,27100
brown knee high boots,27100,8100,18100,49500,60500,60500,40500,22200,14800,12100,8100,6600,4400
brown knee boots,27100,8100,18100,49500,60500,60500,40500,22200,14800,12100,8100,6600,4400
brown high boots,27100,8100,18100,49500,60500,60500,40500,22200,14800,12100,8100,6600,4400
high knee boots brown,27100,8100,18100,49500,60500,60500,40500,22200,14800,12100,8100,6600,4400
pajamas,27100,18100,22200,27100,33100,60500,49500,33100,22200,22200,18100,18100,14800
party dresses for women,27100,18100,18100,27100,40500,60500,40500,22200,18100,18100,18100,18100,18100
boys tracksuits,27100,12100,14800,33100,40500,60500,49500,18100,22200,27100,14800,12100,8100
polo tracksuit,27100,22200,27100,40500,40500,60500,49500,27100,22200,22200,18100,14800,12100
party dresses for ladies,27100,18100,18100,27100,40500,60500,40500,22200,18100,18100,18100,18100,18100
puffer coat,22200,5400,18100,40500,40500,60500,33100,33100,14800,8100,4400,3600,2900
zavetti canada coat,22200,6600,14800,33100,33100,60500,40500,40500,22200,12100,6600,5400,4400
mens fleece,22200,4400,8100,27100,33100,60500,49500,22200,14800,12100,8100,6600,4400
mini dress,49500,49500,40500,40500,40500,49500,49500,40500,40500,49500,49500,60500,60500
skirts,49500,60500,49500,49500,49500,49500,49500,40500,40500,49500,40500,49500,49500
apricot clothing,49500,60500,49500,40500,40500,49500,49500,49500,40500,49500,60500,74000,60500
red dress,40500,40500,33100,33100,40500,49500,60500,40500,49500,33100,33100,33100,33100
mens t shirts,40500,49500,40500,33100,27100,49500,60500,22200,27100,33100,40500,60500,49500
baggy jeans,33100,33100,33100,40500,40500,49500,49500,33100,27100,33100,27100,22200,22200
mens cargo trousers,33100,27100,27100,40500,40500,49500,49500,33100,27100,33100,27100,27100,22200
fleece jacket,27100,8100,14800,40500,49500,49500,33100,33100,22200,22200,18100,12100,8100
lounge wear,27100,14800,18100,27100,33100,49500,49500,27100,22200,22200,14800,14800,12100
girls coats,27100,14800,49500,60500,40500,49500,33100,33100,18100,12100,8100,5400,5400
waterproof trousers,27100,14800,18100,49500,40500,49500,33100,40500,33100,22200,14800,18100,22200
terraces menswear,27100,22200,22200,27100,33100,49500,40500,27100,22200,27100,27100,27100,27100
black knee high boots,22200,8100,14800,33100,49500,49500,40500,22200,14800,12100,6600,5400,4400
black knee boots,22200,8100,14800,33100,49500,49500,40500,22200,14800,12100,6600,5400,4400
black knee high,22200,8100,14800,33100,49500,49500,40500,22200,14800,12100,6600,5400,4400
black boots high knee,22200,8100,14800,33100,49500,49500,40500,22200,14800,12100,6600,5400,4400
ankle boots,22200,9900,18100,40500,40500,49500,33100,27100,18100,14800,9900,8100,6600
boot for ankle,22200,9900,18100,40500,40500,49500,33100,27100,18100,14800,9900,8100,6600
ski jacket,22200,5400,8100,18100,27100,49500,49500,60500,33100,18100,5400,3600,3600
winter coats women,18100,6600,18100,49500,49500,49500,22200,22200,8100,4400,2400,1900,2400
fur coat women,18100,2900,6600,14800,27100,49500,60500,33100,14800,8100,4400,2900,1900
fur jacket women,18100,2900,6600,14800,27100,49500,60500,33100,14800,8100,4400,2900,1900
mens winter jackets,14800,3600,8100,27100,33100,49500,27100,18100,8100,4400,2400,1900,1600
christmas outfits,12100,1000,2400,6600,14800,49500,60500,590,390,390,390,320,390
women dresses,40500,49500,40500,33100,33100,40500,40500,33100,33100,40500,40500,49500,49500
baby clothes for boys,40500,33100,40500,40500,40500,40500,40500,40500,40500,40500,40500,33100,33100
leggings,33100,22200,27100,33100,33100,40500,40500,33100,27100,27100,27100,22200,18100
baby girl clothes,33100,33100,33100,33100,33100,40500,40500,40500,33100,33100,33100,33100,27100
work trousers,33100,27100,33100,49500,40500,40500,27100,40500,33100,33100,27100,27100,27100
trousers,33100,33100,33100,49500,40500,40500,40500,33100,33100,40500,33100,33100,27100
smart casual,33100,40500,33100,40500,40500,40500,27100,27100,27100,33100,33100,33100,40500
nutmeg clothing,33100,33100,33100,40500,49500,40500,40500,27100,27100,33100,33100,40500,33100
long sleeve dress,27100,18100,18100,33100,40500,40500,33100,33100,27100,27100,22200,22200,18100
longsleeve dress,27100,18100,18100,33100,40500,40500,33100,33100,27100,27100,22200,22200,18100
large sleeve dress,27100,18100,18100,33100,40500,40500,33100,33100,27100,27100,22200,22200,18100
sweatshirt,27100,18100,27100,40500,33100,40500,33100,27100,22200,27100,22200,18100,14800
black jeans,22200,14800,22200,27100,33100,40500,33100,27100,22200,22200,18100,14800,12100
womens ski jacket,22200,5400,8100,14800,22200,40500,40500,60500,27100,14800,4400,2900,2400
womens fleece jacket,22200,6600,14800,40500,40500,40500,33100,27100,18100,22200,18100,14800,6600
waterproof coat,22200,9900,14800,49500,33100,40500,22200,27100,22200,12100,6600,8100,9900
boys coats,18100,9900,27100,40500,27100,40500,27100,22200,12100,8100,4400,3600,3600
black coat,18100,5400,14800,27100,27100,40500,27100,22200,14800,9900,5400,3600,2900
rab jacket,18100,6600,9900,22200,27100,40500,33100,33100,22200,18100,12100,9900,8100
black coat women,18100,3600,9900,22200,27100,40500,33100,33100,18100,12100,6600,3600,2400
womens pajamas sets,18100,9900,12100,18100,22200,40500,49500,14800,12100,12100,8100,9900,8100
knitted jumper,18100,6600,14800,27100,27100,40500,33100,18100,12100,9900,6600,5400,3600
gym shark leggings,18100,12100,14800,18100,22200,40500,33100,22200,18100,18100,14800,14800,9900
knitted dress,14800,4400,6600,22200,33100,40500,33100,18100,8100,5400,3600,3600,2900
long female coat,14800,2900,6600,18100,22200,40500,33100,22200,12100,8100,5400,2900,1900
coats long womens,14800,2900,6600,18100,22200,40500,33100,22200,12100,8100,5400,2900,1900
ladies coat long,14800,2900,6600,18100,22200,40500,33100,22200,12100,8100,5400,2900,1900
winter jacket,14800,6600,14800,33100,33100,40500,18100,14800,6600,3600,2400,2400,2400
wool coat,14800,3600,8100,22200,27100,40500,33100,27100,12100,6600,3600,2400,1900
long coat women,14800,2900,6600,18100,22200,40500,33100,22200,12100,8100,5400,2900,1900
fur jacket,14800,2900,6600,14800,22200,40500,40500,22200,12100,8100,3600,2400,1600
long jacket women,14800,2900,6600,18100,22200,40500,33100,22200,12100,8100,5400,2900,1900
ladies long coat,14800,2900,6600,18100,22200,40500,33100,22200,12100,8100,5400,2900,1900
male winter coats,12100,2400,6600,22200,27100,40500,18100,14800,5400,2400,1600,1300,1000
rugby shirts,12100,8100,9900,14800,14800,40500,14800,8100,9900,12100,9900,8100,6600
christmas cardigan,9900,390,720,2900,9900,40500,60500,880,210,260,210,210,170
christmas outfits women,8100,480,1300,4400,12100,40500,49500,320,260,260,260,170,210
christmas outfits for ladies,8100,480,1300,4400,12100,40500,49500,320,260,260,260,170,210
christmas outfits female,8100,480,1300,4400,12100,40500,49500,320,260,260,260,170,210
white dress,60500,90500,60500,49500,49500,33100,33100,49500,49500,60500,60500,74000,74000
midi dress,49500,60500,49500,40500,33100,33100,27100,33100,33100,49500,60500,60500,60500
maternity clothes,40500,33100,40500,40500,33100,33100,40500,40500,40500,40500,40500,33100,27100
polo shirts,40500,49500,40500,33100,27100,33100,33100,22200,22200,33100,33100,49500,49500
tank top,40500,49500,40500,33100,33100,33100,33100,33100,33100,40500,40500,49500,49500
windbreakers,40500,49500,49500,49500,40500,33100,27100,27100,33100,49500,49500,49500,40500
white womens trainers,40500,49500,49500,40500,27100,33100,33100,33100,33100,49500,60500,60500,49500
shirts,33100,33100,33100,33100,27100,33100,27100,27100,27100,33100,33100,33100,33100
chino's,33100,40500,40500,33100,33100,33100,33100,27100,27100,33100,33100,33100,33100
formal dresses,27100,22200,22200,33100,27100,33100,18100,33100,27100,33100,27100,27100,22200
mens polo shirts,27100,33100,33100,22200,18100,33100,33100,14800,18100,22200,27100,33100,33100
gym clothes,27100,27100,27100,27100,27100,33100,33100,40500,27100,27100,27100,22200,22200
flare jeans,27100,22200,27100,33100,33100,33100,33100,33100,27100,27100,22200,18100,14800
harrington jacket,27100,18100,22200,27100,27100,33100,27100,27100,22200,33100,33100,27100,18100
black dresses for women,27100,27100,27100,33100,33100,33100,27100,27100,27100,27100,22200,22200,22200
long sleeve tops,27100,12100,18100,33100,33100,33100,33100,27100,22200,27100,22200,22200,18100
smart casual men,27100,33100,27100,33100,33100,33100,27100,22200,22200,27100,27100,27100,27100
morrisons clothes,27100,22200,27100,27100,33100,33100,33100,18100,18100,22200,22200,27100,22200
smart casual attire men,27100,33100,27100,33100,33100,33100,27100,22200,22200,27100,27100,27100,27100
harriton jacket,27100,18100,22200,27100,27100,33100,27100,27100,22200,33100,33100,27100,18100
waterproof rain coats men,22200,14800,18100,40500,27100,33100,27100,18100,18100,12100,8100,9900,12100
girls clothes,22200,14800,18100,22200,22200,33100,33100,14800,18100,22200,18100,14800,14800
black mini dress,22200,18100,18100,22200,33100,33100,33100,22200,22200,22200,18100,14800,18100
mens waterproof jacket,22200,14800,18100,40500,27100,33100,27100,18100,18100,12100,8100,9900,12100
brown dresses,22200,18100,22200,33100,33100,33100,22200,22200,18100,22200,18100,22200,22200
kids clothes,18100,18100,18100,22200,22200,33100,27100,14800,14800,22200,18100,18100,12100
juicy couture tracksuit,18100,12100,14800,18100,22200,33100,33100,18100,14800,14800,12100,9900,8100
sweaters,18100,12100,18100,27100,27100,33100,33100,18100,18100,14800,12100,12100,12100
jackets for women,18100,6600,12100,27100,27100,33100,27100,22200,18100,22200,22200,14800,9900
loungewear set,18100,8100,12100,18100,22200,33100,40500,18100,14800,14800,9900,9900,8100
overshirt men,18100,9900,14800,22200,22200,33100,33100,14800,14800,18100,18100,14800,9900
mensovershirt,18100,9900,14800,22200,22200,33100,33100,14800,14800,18100,18100,14800,9900
chelsea boots women,14800,4400,9900,27100,33100,33100,27100,18100,12100,8100,4400,3600,2900
chelsea boots ladies,14800,4400,9900,27100,33100,33100,27100,18100,12100,8100,4400,3600,2900
mens coats sale,14800,5400,8100,14800,18100,33100,33100,22200,12100,12100,8100,6600,4400
mens designer coats,14800,5400,9900,22200,27100,33100,27100,14800,12100,12100,6600,6600,4400
coat mens designer,14800,5400,9900,22200,27100,33100,27100,14800,12100,12100,6600,6600,4400
men fleece coat,14800,3600,6600,18100,27100,33100,27100,18100,12100,9900,8100,6600,3600
black puffer jacket,14800,5400,12100,22200,22200,33100,22200,18100,9900,6600,3600,2900,1900
mens sweatshirts,14800,5400,8100,18100,22200,33100,40500,14800,12100,14800,9900,8100,5400
winter wedding guest dresses,14800,9900,18100,27100,33100,33100,18100,18100,9900,5400,4400,5400,5400
mens ski jacket,14800,3600,5400,12100,18100,33100,27100,40500,22200,12100,3600,2400,1900
mens fleece jacket,14800,3600,6600,18100,27100,33100,27100,18100,12100,9900,8100,6600,3600
long coat,14800,3600,6600,18100,22200,33100,27100,22200,12100,6600,4400,2900,2400
mens jackets sale,14800,5400,8100,14800,18100,33100,33100,22200,12100,12100,8100,6600,4400
duffle coat,14800,9900,14800,22200,33100,33100,22200,22200,12100,9900,8100,6600,5400
sequin shorts,14800,6600,5400,4400,8100,33100,74000,5400,3600,4400,3600,6600,12100
rab coat,14800,4400,8100,22200,27100,33100,33100,27100,14800,9900,5400,4400,3600
mens designer jackets,14800,5400,9900,22200,27100,33100,27100,14800,12100,12100,6600,6600,4400
fleece jacket men,14800,3600,6600,18100,27100,33100,27100,18100,12100,9900,8100,6600,3600
mens fleece coat,14800,3600,6600,18100,27100,33100,27100,18100,12100,9900,8100,6600,3600
mens microfleece jacket,14800,3600,6600,18100,27100,33100,27100,18100,12100,9900,8100,6600,3600
jacket fleece mens,14800,3600,6600,18100,27100,33100,27100,18100,12100,9900,8100,6600,3600
womens jumper dress,12100,1300,3600,14800,27100,33100,33100,14800,6600,2900,1600,880,720
ladies jumper dress,12100,1300,3600,14800,27100,33100,33100,14800,6600,2900,1600,880,720
dress jumper womens,12100,1300,3600,14800,27100,33100,33100,14800,6600,2900,1600,880,720
dress jumpers ladies,12100,1300,3600,14800,27100,33100,33100,14800,6600,2900,1600,880,720
doc marten chelsea boot,12100,5400,8100,18100,22200,33100,27100,18100,9900,6600,4400,3600,2900
dr marten boots chelsea,12100,5400,8100,18100,22200,33100,27100,18100,9900,6600,4400,3600,2900
dms chelsea boots,12100,5400,8100,18100,22200,33100,27100,18100,9900,6600,4400,3600,2900
polo ralph puffer,12100,2400,12100,22200,22200,33100,22200,14800,6600,3600,2400,1900,1600
ladies coats,12100,1900,5400,22200,22200,33100,27100,18100,12100,8100,3600,2400,1600
moose knuckle coat,12100,2400,4400,12100,18100,33100,22200,18100,14800,6600,3600,2900,1900
christmas day outfit,12100,320,720,2400,6600,33100,90500,260,210,140,110,110,110
mens knit sweater,12100,2900,5400,14800,18100,33100,33100,12100,8100,6600,4400,2900,1900
thermal leggings,9900,1300,2400,8100,14800,33100,14800,27100,8100,3600,1900,1000,720
heated jacket,8100,1300,2400,9900,14800,33100,14800,14800,5400,2400,1300,1000,720
ladies christmas jumpers,8100,260,480,2400,9900,33100,49500,1000,320,260,210,140,110
girls christmas dress,6600,480,1300,5400,12100,33100,27100,390,260,390,140,140,170
christmas dress women,6600,480,1000,5400,12100,33100,33100,260,260,170,140,170,210
mother of the bride dresses,49500,60500,49500,40500,40500,27100,22200,90500,74000,60500,60500,49500,40500
anna wintour,49500,60500,27100,49500,74000,27100,40500,22200,22200,33100,60500,135000,18100
swimsuits,40500,49500,49500,33100,27100,27100,27100,40500,33100,40500,40500,49500,49500
monsoon dresses,40500,49500,33100,27100,27100,27100,22200,33100,27100,33100,40500,60500,60500
blouses,33100,33100,33100,33100,27100,27100,27100,33100,33100,40500,33100,40500,33100
birthday dress,27100,27100,27100,33100,33100,27100,22200,40500,27100,27100,27100,27100,22200
disturbia clothing,27100,18100,27100,27100,27100,27100,27100,27100,27100,22200,22200,33100,33100
corset dresses,27100,27100,22200,22200,27100,27100,22200,27100,27100,27100,27100,33100,27100
trench coat women,22200,8100,18100,40500,33100,27100,27100,22200,22200,33100,27100,14800,9900
female trench coat,22200,8100,18100,40500,33100,27100,27100,22200,22200,33100,27100,14800,9900
trench jacket ladies,22200,8100,18100,40500,33100,27100,27100,22200,22200,33100,27100,14800,9900
ladies trenchcoats,22200,8100,18100,40500,33100,27100,27100,22200,22200,33100,27100,14800,9900
mini skirt,22200,27100,22200,22200,27100,27100,27100,22200,18100,22200,18100,22200,22200
gym clothes for women,22200,22200,22200,22200,22200,27100,33100,33100,22200,22200,22200,18100,18100
womens gym wear,22200,22200,22200,22200,22200,27100,33100,33100,22200,22200,22200,18100,18100
mens designer t shirts,22200,27100,22200,18100,18100,27100,27100,12100,14800,18100,18100,27100,22200
golden dress,22200,18100,18100,22200,22200,27100,27100,22200,18100,18100,18100,18100,18100
ladies gym clothes,22200,22200,22200,22200,22200,27100,33100,33100,22200,22200,22200,18100,18100
leather jacket women,18100,8100,12100,27100,27100,27100,18100,14800,14800,18100,14800,14800,8100
leather coat women,18100,8100,12100,27100,27100,27100,18100,14800,14800,18100,14800,14800,8100
female leather jacket,18100,8100,12100,27100,27100,27100,18100,14800,14800,18100,14800,14800,8100
brown pleather jacket,18100,8100,18100,33100,33100,27100,22200,18100,18100,18100,14800,9900,5400
brown leather coats,18100,8100,18100,33100,33100,27100,22200,18100,18100,18100,14800,9900,5400
leather coat brown,18100,8100,18100,33100,33100,27100,22200,18100,18100,18100,14800,9900,5400
browns leather jacket,18100,8100,18100,33100,33100,27100,22200,18100,18100,18100,14800,9900,5400
women in leather jacket,18100,8100,12100,27100,27100,27100,18100,14800,14800,18100,14800,14800,8100
brown colour leather jacket,18100,8100,18100,33100,33100,27100,22200,18100,18100,18100,14800,9900,5400
brown leather coat,18100,8100,18100,33100,33100,27100,22200,18100,18100,18100,14800,9900,5400
brown leather overcoat,18100,8100,18100,33100,33100,27100,22200,18100,18100,18100,14800,9900,5400
flare leggings,18100,12100,18100,22200,27100,27100,22200,22200,18100,18100,14800,14800,12100
quilted jacket,18100,9900,18100,33100,33100,27100,18100,18100,18100,27100,22200,14800,6600
boys clothes,18100,14800,18100,22200,22200,27100,27100,14800,14800,22200,18100,14800,12100
brown leather jacket,18100,8100,18100,33100,33100,27100,22200,18100,18100,18100,14800,9900,5400
mens clothing sale,18100,18100,18100,18100,18100,27100,40500,22200,14800,18100,14800,14800,14800
quilted coat,18100,9900,18100,33100,33100,27100,18100,18100,18100,27100,22200,14800,6600
black skirts,18100,18100,18100,22200,33100,27100,33100,18100,14800,14800,12100,12100,14800
man with leather jacket,14800,8100,12100,18100,27100,27100,27100,18100,14800,14800,12100,9900,6600
leather coats for men,14800,8100,12100,18100,27100,27100,27100,18100,14800,14800,12100,9900,6600
cords trousers,14800,6600,9900,18100,22200,27100,22200,18100,12100,9900,8100,6600,5400
male leather jacket,14800,8100,12100,18100,27100,27100,27100,18100,14800,14800,12100,9900,6600
mens leather coats and jackets,14800,8100,12100,18100,27100,27100,27100,18100,14800,14800,12100,9900,6600
mens leather clothing,14800,8100,12100,18100,27100,27100,27100,18100,14800,14800,12100,9900,6600
guys leather jacket,14800,8100,12100,18100,27100,27100,27100,18100,14800,14800,12100,9900,6600
man in leather jacket,14800,8100,12100,18100,27100,27100,27100,18100,14800,14800,12100,9900,6600
mens leather jackets,14800,8100,12100,18100,27100,27100,27100,18100,14800,14800,12100,9900,6600
napapijri jacket,14800,6600,8100,14800,22200,27100,27100,18100,12100,9900,6600,5400,5400
mens tracksuit bottoms,14800,8100,8100,18100,18100,27100,27100,18100,12100,12100,12100,9900,8100
corduroy trousers,14800,6600,9900,18100,22200,27100,22200,18100,12100,9900,8100,6600,5400
napapijri coat,14800,6600,8100,14800,22200,27100,27100,18100,12100,9900,6600,5400,5400
brown coat women,14800,2900,8100,27100,33100,27100,22200,18100,12100,12100,9900,6600,3600
brown jacket women,14800,2900,8100,27100,33100,27100,22200,18100,12100,12100,9900,6600,3600
mens aviator jacket,14800,6600,9900,18100,22200,27100,22200,14800,12100,14800,12100,8100,5400
knee boots for women,12100,3600,6600,18100,22200,27100,27100,12100,6600,4400,2900,1900,1600
ladies knee high boots,12100,3600,6600,18100,22200,27100,27100,12100,6600,4400,2900,1900,1600
ladies knee boots,12100,3600,6600,18100,22200,27100,27100,12100,6600,4400,2900,1900,1600
ladies high boots,12100,3600,6600,18100,22200,27100,27100,12100,6600,4400,2900,1900,1600
black boots women,12100,3600,6600,14800,22200,27100,22200,14800,8100,5400,3600,2900,2900
overcoat men,12100,3600,5400,12100,18100,27100,27100,18100,12100,8100,4400,2900,1900
mens over coat,12100,3600,5400,12100,18100,27100,27100,18100,12100,8100,4400,2900,1900
men's overcoats,12100,3600,5400,12100,18100,27100,27100,18100,12100,8100,4400,2900,1900
over coat for men,12100,3600,5400,12100,18100,27100,27100,18100,12100,8100,4400,2900,1900
topcoats mens,12100,3600,5400,12100,18100,27100,27100,18100,12100,8100,4400,2900,1900
topcoats for men,12100,3600,5400,12100,18100,27100,27100,18100,12100,8100,4400,2900,1900
male overcoat,12100,3600,5400,12100,18100,27100,27100,18100,12100,8100,4400,2900,1900
boys winter coats,12100,5400,12100,33100,22200,27100,12100,12100,3600,1900,1000,1000,1600
mens overcoat,12100,3600,5400,12100,18100,27100,27100,18100,12100,8100,4400,2900,1900
boys winter jacket,12100,5400,12100,33100,22200,27100,12100,12100,3600,1900,1000,1000,1600
wide calf knee high boots,9900,2900,5400,14800,22200,27100,18100,12100,6600,4400,2900,1900,1300
wide leg knee high boots,9900,2900,5400,14800,22200,27100,18100,12100,6600,4400,2900,1900,1300
wide calf knee boots,9900,2900,5400,14800,22200,27100,18100,12100,6600,4400,2900,1900,1300
wide calf high boots,9900,2900,5400,14800,22200,27100,18100,12100,6600,4400,2900,1900,1300
ankle boots women,9900,2400,5400,14800,18100,27100,18100,14800,8100,5400,3600,1900,1600
puffer jacket men,9900,2400,6600,18100,18100,27100,18100,14800,8100,5400,2900,2400,1900
winter dresses,9900,2400,6600,22200,27100,27100,18100,9900,4400,1900,880,880,880
winter jackets women,9900,3600,8100,22200,27100,27100,12100,9900,4400,2400,1600,1600,1600
ladies pyjamas,9900,4400,5400,9900,12100,27100,33100,8100,6600,6600,4400,4400,3600
fleece lined leggings,8100,590,1600,8100,14800,27100,18100,18100,6600,2400,1300,1000,1900
baby christmas outfit,8100,4400,6600,12100,14800,27100,22200,880,880,1300,1300,1300,1900
christmas cardigan womens,6600,260,480,1900,8100,27100,40500,720,210,210,110,140,110
ladies christmas cardigan,6600,260,480,1900,8100,27100,40500,720,210,210,110,140,110
milwaukee heated jacket,6600,880,1600,9900,12100,27100,12100,12100,4400,1900,1000,880,720
christmas shirts women,6600,590,720,2400,6600,27100,40500,480,480,390,210,140,140
denim dress,49500,74000,60500,49500,33100,22200,14800,27100,40500,60500,60500,60500,60500
pink dress,40500,49500,40500,33100,33100,22200,18100,40500,40500,49500,49500,49500,49500
mens swimming shorts,33100,49500,40500,33100,22200,22200,22200,27100,27100,27100,33100,49500,49500
denim skirts,33100,60500,40500,33100,27100,22200,18100,22200,22200,33100,40500,49500,40500
maternity dresses,27100,33100,27100,27100,22200,22200,22200,27100,27100,33100,33100,33100,27100
ax paris dresses,27100,33100,27100,18100,18100,22200,14800,18100,22200,33100,40500,40500,40500
runway,27100,27100,27100,27100,27100,22200,27100,40500,33100,33100,33100,33100,33100
dungaree,27100,33100,27100,27100,33100,22200,22200,27100,27100,33100,33100,27100,27100
barrel jeans,22200,12100,18100,27100,27100,22200,18100,22200,27100,27100,22200,18100,14800
wide leg trousers,22200,27100,27100,33100,27100,22200,18100,22200,18100,22200,22200,22200,18100
suedette jacket,22200,8100,33100,49500,33100,22200,18100,18100,18100,27100,22200,14800,8100
jeans barrel,22200,12100,18100,27100,27100,22200,18100,22200,27100,27100,22200,18100,14800
wide leg dress trousers,22200,27100,27100,33100,27100,22200,18100,22200,18100,22200,22200,22200,18100
wide leg jeans,22200,14800,22200,27100,27100,22200,22200,22200,18100,22200,18100,14800,9900
girls dresses,22200,27100,18100,18100,18100,22200,27100,18100,22200,33100,22200,27100,22200
vintage clothing,22200,22200,22200,27100,22200,22200,18100,18100,18100,18100,18100,18100,14800
suede jacket,22200,8100,33100,49500,33100,22200,18100,18100,18100,27100,22200,14800,8100
tunics,22200,27100,27100,27100,27100,22200,18100,27100,22200,22200,22200,22200,22200
toast clothes,22200,22200,22200,22200,22200,22200,27100,27100,18100,22200,22200,27100,27100
tunic clothing,22200,27100,27100,27100,27100,22200,18100,27100,22200,22200,22200,22200,22200
nutmeg morrisons,22200,22200,27100,27100,27100,22200,27100,22200,22200,22200,22200,27100,22200
cargo pants,18100,22200,22200,22200,22200,22200,22200,18100,14800,18100,18100,18100,14800
workwear,18100,18100,18100,27100,27100,22200,14800,22200,18100,18100,18100,14800,14800
low rise jeans,18100,18100,22200,22200,22200,22200,22200,18100,18100,22200,18100,14800,12100
pants,18100,27100,18100,18100,22200,22200,22200,18100,18100,18100,18100,18100,18100
bootcut jeans,18100,12100,14800,22200,22200,22200,22200,22200,18100,22200,18100,14800,12100
long dresses,18100,18100,14800,14800,18100,22200,18100,18100,14800,22200,18100,18100,18100
womens waterproof jacket,18100,14800,18100,49500,22200,22200,18100,14800,14800,12100,8100,12100,14800
black trousers women,18100,14800,18100,22200,22200,22200,18100,22200,18100,18100,14800,14800,12100
leotards,18100,18100,14800,18100,18100,22200,18100,18100,18100,18100,18100,18100,14800
smart casual women,18100,22200,22200,22200,22200,22200,14800,18100,18100,22200,18100,18100,22200
smart casual attire women,18100,22200,22200,22200,22200,22200,14800,18100,18100,22200,18100,18100,22200
varsity jacket,14800,12100,14800,18100,18100,22200,18100,18100,14800,18100,14800,12100,8100
mens trousers,14800,14800,14800,18100,18100,22200,22200,14800,12100,14800,14800,14800,12100
red dresses for women,14800,14800,14800,14800,14800,22200,27100,18100,18100,12100,12100,14800,14800
black jacket,14800,8100,12100,18100,22200,22200,18100,14800,14800,18100,14800,12100,8100
girls party dresses,14800,14800,9900,14800,18100,22200,22200,14800,14800,14800,12100,14800,12100
black lace dress,14800,9900,12100,14800,22200,22200,18100,18100,18100,14800,12100,12100,9900
ed hardy jeans,14800,12100,14800,12100,14800,22200,22200,14800,12100,12100,9900,9900,9900
women's cardigans,14800,8100,14800,22200,22200,22200,22200,14800,12100,14800,14800,12100,8100
trouser pants for men,14800,14800,14800,18100,18100,22200,22200,14800,12100,14800,14800,14800,12100
black trench coat,12100,4400,8100,18100,22200,22200,18100,14800,12100,14800,9900,6600,3600
black trench jacket,12100,4400,8100,18100,22200,22200,18100,14800,12100,14800,9900,6600,3600
dark trench coat,12100,4400,8100,18100,22200,22200,18100,14800,12100,14800,9900,6600,3600
trench black coat,12100,4400,8100,18100,22200,22200,18100,14800,12100,14800,9900,6600,3600
black coat trench,12100,4400,8100,18100,22200,22200,18100,14800,12100,14800,9900,6600,3600
chelsea boots men,12100,6600,8100,12100,18100,22200,22200,14800,12100,9900,8100,8100,6600
mens dress chelsea boots,12100,6600,8100,12100,18100,22200,22200,14800,12100,9900,8100,8100,6600
male chelsea boots,12100,6600,8100,12100,18100,22200,22200,14800,12100,9900,8100,8100,6600
chelsea dress boots mens,12100,6600,8100,12100,18100,22200,22200,14800,12100,9900,8100,8100,6600
boots chelsea mens,12100,6600,8100,12100,18100,22200,22200,14800,12100,9900,8100,8100,6600
coat men black,12100,5400,8100,14800,18100,22200,18100,14800,12100,9900,8100,6600,4400
black coat male,12100,5400,8100,14800,18100,22200,18100,14800,12100,9900,8100,6600,4400
chelsea boots guys,12100,6600,8100,12100,18100,22200,22200,14800,12100,9900,8100,8100,6600
chelsea boots on men,12100,6600,8100,12100,18100,22200,22200,14800,12100,9900,8100,8100,6600
men with chelsea boots,12100,6600,8100,12100,18100,22200,22200,14800,12100,9900,8100,8100,6600
running jacket,12100,3600,5400,12100,14800,22200,22200,27100,14800,12100,8100,6600,4400
lounge wear sets,12100,5400,8100,14800,14800,22200,27100,14800,9900,9900,6600,5400,4400
mens black jacket,12100,5400,8100,14800,18100,22200,18100,14800,12100,9900,8100,6600,4400
womens coats sale,12100,3600,6600,12100,14800,22200,33100,27100,14800,9900,5400,3600,2400
mens designer sweatshirts,12100,5400,6600,12100,14800,22200,22200,9900,9900,12100,6600,5400,3600
black sweatshirt mens,12100,5400,8100,12100,14800,22200,22200,12100,9900,9900,8100,6600,4400
black ankle boots,9900,3600,6600,18100,22200,22200,18100,12100,9900,6600,4400,3600,2400
brown boots women,9900,2900,6600,18100,22200,22200,18100,9900,6600,4400,2900,1900,1900
black ankle boots for women,9900,3600,6600,18100,18100,22200,18100,12100,8100,6600,3600,2400,1900
ladies black ankle boots,9900,3600,6600,18100,18100,22200,18100,12100,8100,6600,3600,2400,1900
black boots women ankle,9900,3600,6600,18100,18100,22200,18100,12100,8100,6600,3600,2400,1900
ankle boots for women black,9900,3600,6600,18100,18100,22200,18100,12100,8100,6600,3600,2400,1900
mens down coat,9900,2900,4400,12100,14800,22200,14800,14800,8100,6600,3600,2900,1600
down jackets for men,9900,2900,4400,12100,14800,22200,14800,14800,8100,6600,3600,2900,1600
men's goose down jacket,9900,2900,4400,12100,14800,22200,14800,14800,8100,6600,3600,2900,1600
mens feather down jacket,9900,2900,4400,12100,14800,22200,14800,14800,8100,6600,3600,2900,1600
wool coat women,9900,1600,4400,12100,18100,22200,18100,14800,6600,3600,1900,1000,720
down jacket men,9900,2900,4400,12100,14800,22200,14800,14800,8100,6600,3600,2900,1600
black puffer coat,9900,2400,8100,14800,14800,22200,14800,14800,6600,3600,1600,1300,1000
kids tracksuits,9900,5400,6600,12100,14800,22200,22200,8100,8100,9900,6600,5400,3600
girls tracksuit,9900,4400,6600,12100,14800,22200,18100,9900,8100,8100,5400,5400,4400
womens waterproof coat,9900,4400,6600,27100,18100,22200,14800,12100,9900,5400,2900,2900,4400
down jackets,9900,3600,5400,12100,14800,22200,14800,14800,8100,6600,4400,3600,2900
wool coat men,8100,1600,2900,8100,12100,22200,22200,14800,6600,4400,1900,1300,1000
mens puffer coat,8100,1300,2900,9900,14800,22200,18100,9900,4400,2400,1300,880,720
long puffer coats,8100,1300,2900,9900,12100,22200,14800,14800,5400,2400,1000,720,480
mens wool dress coat,8100,1600,2900,8100,12100,22200,22200,14800,6600,4400,1900,1300,1000
wool overcoat men's,8100,1600,2900,8100,12100,22200,22200,14800,6600,4400,1900,1300,1000
parka men coat,8100,2900,4400,12100,18100,22200,18100,12100,6600,3600,1900,1600,1300
coat men wool,8100,1600,2900,8100,12100,22200,22200,14800,6600,4400,1900,1300,1000
coats for men wool,8100,1600,2900,8100,12100,22200,22200,14800,6600,4400,1900,1300,1000
woolen overcoat men's,8100,1600,2900,8100,12100,22200,22200,14800,6600,4400,1900,1300,1000
mens jacket woolen,8100,1600,2900,8100,12100,22200,22200,14800,6600,4400,1900,1300,1000
gents woolen coat,8100,1600,2900,8100,12100,22200,22200,14800,6600,4400,1900,1300,1000
jacket woolen for men,8100,1600,2900,8100,12100,22200,22200,14800,6600,4400,1900,1300,1000
wool coat male,8100,1600,2900,8100,12100,22200,22200,14800,6600,4400,1900,1300,1000
long puffer coat,8100,1300,2900,9900,12100,22200,14800,14800,5400,2400,1000,720,480
girls winter coats,8100,4400,12100,27100,18100,22200,8100,8100,2900,1600,1000,880,1300
winter dresses for women,8100,1600,4400,18100,22200,22200,12100,9900,3600,1300,720,590,720
mens parka jacket,8100,2900,4400,12100,18100,22200,18100,12100,6600,3600,1900,1600,1300
ladies jumpers,8100,1300,3600,14800,18100,22200,18100,9900,6600,4400,2900,1900,1000
black fur coat,8100,1300,2400,6600,12100,22200,27100,14800,6600,3600,1600,1000,720
men's wool coat,8100,1600,2900,8100,12100,22200,22200,14800,6600,4400,1900,1300,1000
long winter coat women,8100,2400,4400,12100,14800,22200,12100,12100,4400,2400,1900,1300,720
fast fashion,8100,5400,2400,8100,8100,22200,6600,8100,6600,8100,6600,8100,8100
mens parka coat,8100,2900,4400,12100,18100,22200,18100,12100,6600,3600,1900,1600,1300
mens rab jacket,8100,1900,4400,9900,14800,22200,18100,12100,8100,5400,3600,2900,2400
long fur coat,6600,1000,2400,5400,8100,22200,22200,14800,5400,2400,1000,720,590
thermal tights,4400,480,1000,3600,6600,22200,9900,9900,2900,1000,480,390,260
mens shorts,49500,90500,49500,27100,18100,18100,18100,18100,22200,40500,60500,90500,90500
dresses for occasions,33100,49500,40500,33100,27100,18100,12100,27100,33100,40500,40500,49500,40500
shirt dress,27100,49500,33100,27100,22200,18100,18100,18100,22200,27100,33100,40500,40500
dress shirt dress,27100,49500,33100,27100,22200,18100,18100,18100,22200,27100,33100,40500,40500
dress with shirt,27100,49500,33100,27100,22200,18100,18100,18100,22200,27100,33100,40500,40500
dress and shirt,27100,49500,33100,27100,22200,18100,18100,18100,22200,27100,33100,40500,40500
shirt and dress,27100,49500,33100,27100,22200,18100,18100,18100,22200,27100,33100,40500,40500
denim jacket,27100,27100,27100,27100,22200,18100,18100,18100,22200,40500,49500,40500,27100
running shorts,27100,33100,27100,22200,14800,18100,18100,22200,22200,33100,40500,40500,33100
green dress,22200,27100,22200,18100,22200,18100,14800,14800,18100,22200,22200,22200,22200
long sleeve maxi dress,18100,22200,18100,18100,18100,18100,18100,18100,14800,18100,18100,22200,18100
long sleeve maxi gown,18100,22200,18100,18100,18100,18100,18100,18100,14800,18100,18100,22200,18100
long sleeve long maxi dress,18100,22200,18100,18100,18100,18100,18100,18100,14800,18100,18100,22200,18100
maxi long dress with sleeves,18100,22200,18100,18100,18100,18100,18100,18100,14800,18100,18100,22200,18100
rave outfits,18100,27100,22200,18100,18100,18100,12100,18100,18100,18100,18100,18100,14800
custom tee shirts,18100,18100,18100,14800,14800,18100,22200,12100,12100,14800,14800,18100,18100
gym wear,18100,14800,14800,18100,14800,18100,22200,27100,18100,18100,14800,14800,12100
women's suits,18100,18100,18100,22200,22200,18100,14800,22200,18100,22200,18100,18100,14800
quilted jacket womens,18100,8100,12100,27100,27100,18100,14800,14800,14800,27100,22200,14800,5400
baby clothes sale,18100,18100,18100,18100,18100,18100,27100,22200,14800,18100,14800,12100,14800
lace dress,18100,12100,12100,14800,18100,18100,18100,18100,18100,18100,14800,14800,14800
going out outfits,18100,14800,14800,18100,18100,18100,14800,22200,22200,27100,22200,18100,14800
white shirts,18100,22200,18100,18100,22200,18100,14800,14800,14800,18100,18100,18100,22200
outfits,18100,14800,14800,18100,18100,18100,22200,18100,18100,22200,18100,18100,18100
sandbanks clothing,18100,8100,6600,6600,8100,18100,22200,18100,12100,12100,49500,22200,14800
preppy,18100,27100,22200,22200,22200,18100,18100,18100,14800,18100,14800,14800,12100
windbreaker jackets,18100,12100,14800,22200,18100,18100,12100,14800,14800,22200,22200,18100,14800
leopard print jeans,14800,8100,12100,22200,22200,18100,14800,18100,18100,18100,12100,8100,4400
jeans with leopard print,14800,8100,12100,22200,22200,18100,14800,18100,18100,18100,12100,8100,4400
black cardigan,14800,12100,18100,22200,18100,18100,14800,14800,12100,14800,14800,12100,8100
black cardigan sweater,14800,12100,18100,22200,18100,18100,14800,14800,12100,14800,14800,12100,8100
mens rain coat,14800,14800,14800,40500,22200,18100,12100,9900,12100,8100,6600,8100,12100
mens rain coats,14800,14800,14800,40500,22200,18100,12100,9900,12100,8100,6600,8100,12100
rain jacket,14800,18100,18100,40500,22200,18100,12100,12100,12100,9900,8100,12100,18100
gym leggings,14800,12100,12100,18100,18100,18100,18100,22200,14800,18100,12100,9900,8100
straight leg jeans,14800,9900,12100,18100,18100,18100,18100,14800,14800,18100,14800,9900,8100
cargo trousers,14800,12100,14800,18100,18100,18100,18100,14800,14800,18100,18100,18100,14800
wide leg jeans women,14800,8100,12100,22200,18100,18100,18100,14800,12100,14800,12100,9900,6600
rain jacket men,14800,14800,14800,40500,22200,18100,12100,9900,12100,8100,6600,8100,12100
black trousers,14800,14800,14800,18100,18100,18100,18100,18100,14800,14800,14800,14800,12100
puddle suit,14800,9900,14800,33100,22200,18100,9900,14800,14800,9900,6600,4400,6600
black tops,14800,14800,14800,14800,18100,18100,18100,14800,14800,18100,14800,14800,14800
gym outfit men,14800,12100,12100,12100,14800,18100,22200,18100,14800,14800,12100,12100,9900
gym apparel for men,14800,12100,12100,12100,14800,18100,22200,18100,14800,14800,12100,12100,9900
gym dress for men,14800,12100,12100,12100,14800,18100,22200,18100,14800,14800,12100,12100,9900
black leather jacket,12100,6600,8100,14800,18100,18100,14800,14800,12100,14800,12100,8100,6600
black leather coat,12100,6600,8100,14800,18100,18100,14800,14800,12100,14800,12100,8100,6600
black pleather jacket,12100,6600,8100,14800,18100,18100,14800,14800,12100,14800,12100,8100,6600
long cardigans for women,12100,5400,9900,22200,18100,18100,18100,14800,9900,12100,12100,9900,5400
ladies long cardigans,12100,5400,9900,22200,18100,18100,18100,14800,9900,12100,12100,9900,5400
black leather jackets,12100,6600,8100,14800,18100,18100,14800,14800,12100,14800,12100,8100,6600
tweed jacket,12100,6600,8100,18100,18100,18100,14800,14800,12100,14800,9900,8100,6600
grey jeans,12100,8100,9900,14800,18100,18100,18100,12100,9900,12100,8100,8100,5400
snickers work trousers,12100,9900,9900,14800,18100,18100,12100,14800,14800,14800,12100,9900,8100
gym tops,12100,12100,9900,12100,12100,18100,18100,18100,14800,14800,12100,12100,9900
aybl leggings,12100,6600,9900,9900,12100,18100,18100,18100,14800,18100,14800,9900,8100
baggy jeans men,12100,9900,9900,12100,14800,18100,18100,12100,9900,12100,9900,8100,6600
brown jacket,12100,3600,8100,18100,22200,18100,12100,9900,9900,12100,9900,8100,4400
womens waterproof trousers,12100,6600,8100,22200,14800,18100,14800,18100,14800,9900,6600,6600,8100
womens going out tops,12100,6600,8100,14800,14800,18100,14800,14800,18100,18100,14800,9900,8100
style up,12100,6600,8100,12100,14800,18100,18100,12100,8100,9900,9900,9900,8100
long sleeve mini dress,9900,4400,6600,12100,14800,18100,18100,12100,9900,9900,8100,5400,4400
ankle wellies,9900,4400,4400,14800,14800,18100,14800,12100,8100,5400,2900,2900,2900
ankle wellington boots,9900,4400,4400,14800,14800,18100,14800,12100,8100,5400,2900,2900,2900
long sleeve long black dress,9900,4400,5400,9900,14800,18100,14800,12100,9900,8100,5400,4400,3600
ankle welly boots,9900,4400,4400,14800,14800,18100,14800,12100,8100,5400,2900,2900,2900
long sleeve mini,9900,4400,6600,12100,14800,18100,18100,12100,9900,9900,8100,5400,4400
leather jacket men,9900,4400,6600,12100,14800,18100,14800,12100,9900,9900,8100,6600,4400
male trench coat,9900,3600,5400,12100,14800,18100,14800,12100,8100,8100,5400,4400,3600
mens trench overcoat,9900,3600,5400,12100,14800,18100,14800,12100,8100,8100,5400,4400,3600
trench coat guy,9900,3600,5400,12100,14800,18100,14800,12100,8100,8100,5400,4400,3600
trench coat men,9900,3600,5400,12100,14800,18100,14800,12100,8100,8100,5400,4400,3600
helly hansen jacket,9900,4400,6600,12100,12100,18100,14800,14800,9900,8100,6600,6600,5400
gore tex jacket,9900,6600,6600,18100,14800,18100,12100,12100,9900,6600,4400,4400,4400
hi vis jacket,9900,8100,8100,12100,14800,18100,9900,12100,9900,9900,6600,6600,6600
mens tracksuit set,9900,3600,5400,9900,12100,18100,18100,9900,8100,8100,6600,5400,3600
tracksuit bottoms,9900,6600,8100,12100,14800,18100,14800,12100,9900,9900,8100,8100,6600
moose knuckle jacket,9900,4400,6600,14800,14800,18100,14800,14800,8100,5400,4400,3600,2900
running jacket women,9900,2900,3600,8100,9900,18100,18100,22200,12100,9900,6600,5400,3600
grey tracksuit,9900,5400,8100,12100,14800,18100,14800,12100,9900,9900,8100,6600,4400
black dress long sleeve,9900,4400,5400,9900,14800,18100,14800,12100,9900,8100,5400,4400,3600
schoffel gilet,9900,6600,6600,12100,14800,18100,18100,9900,8100,9900,8100,8100,8100
flat knee high boots,8100,3600,5400,14800,18100,18100,14800,8100,5400,4400,2400,1900,1600
flat knee boots,8100,3600,5400,14800,18100,18100,14800,8100,5400,4400,2400,1900,1600
flat high boots,8100,3600,5400,14800,18100,18100,14800,8100,5400,4400,2400,1900,1600
brown ankle boots,8100,1900,5400,14800,18100,18100,12100,8100,6600,4400,2400,1900,1600
ankle booties for women,8100,2900,5400,14800,18100,18100,18100,9900,6600,4400,2900,2400,1600
female ankle boots,8100,2900,5400,14800,18100,18100,18100,9900,6600,4400,2900,2400,1600
ladies ankle shoes,8100,2900,5400,14800,18100,18100,18100,9900,6600,4400,2900,2400,1600
merino wool base layer,8100,2400,3600,6600,9900,18100,14800,22200,9900,6600,4400,2900,2900
leather trousers,8100,3600,4400,9900,14800,18100,14800,9900,8100,8100,4400,3600,2400
aviator jacket,8100,2400,4400,12100,14800,18100,14800,9900,6600,5400,3600,2400,1600
boys hoodies,8100,3600,5400,9900,12100,18100,18100,5400,5400,6600,5400,4400,2900
black puffer jacket women,8100,2400,6600,12100,14800,18100,14800,12100,6600,4400,2400,1600,1000
girls hoodies,8100,4400,5400,9900,9900,18100,18100,5400,5400,5400,4400,4400,3600
party tops,8100,3600,3600,6600,8100,18100,18100,8100,6600,8100,5400,5400,6600
mens hoodies sale,8100,3600,5400,9900,12100,18100,22200,9900,6600,6600,5400,4400,2900
parka coat,8100,5400,6600,14800,14800,18100,12100,9900,6600,4400,3600,3600,2400
mens waterproof trousers,8100,3600,4400,14800,12100,18100,12100,12100,9900,5400,3600,3600,4400
woolen jacket for women,8100,1600,3600,9900,14800,18100,14800,12100,6600,3600,1900,1000,720
mens quarter zip jumper,8100,2400,3600,6600,9900,18100,22200,8100,6600,6600,4400,3600,2400
quarter zip sweater mens,8100,2400,3600,6600,9900,18100,22200,8100,6600,6600,4400,3600,2400
knee high boots for women,6600,1600,3600,9900,14800,18100,18100,9900,5400,3600,1900,1600,1000
mens long coat,6600,1600,2400,8100,12100,18100,14800,9900,6600,3600,2400,1300,1000
mens pea coats,6600,2400,3600,8100,12100,18100,14800,9900,5400,4400,2400,1900,1300
mens winter dress coats,6600,1600,4400,12100,14800,18100,9900,8100,2900,1600,880,880,880
long coat male,6600,1600,2400,8100,12100,18100,14800,9900,6600,3600,2400,1300,1000
winter mens overcoat,6600,1600,4400,12100,14800,18100,9900,8100,2900,1600,880,880,880
long coats black,6600,1600,2900,8100,12100,18100,14800,12100,8100,3600,1900,1300,720
coat long men,6600,1600,2400,8100,12100,18100,14800,9900,6600,3600,2400,1300,1000
coat men long,6600,1600,2400,8100,12100,18100,14800,9900,6600,3600,2400,1300,1000
overcoat for men winter,6600,1600,4400,12100,14800,18100,9900,8100,2900,1600,880,880,880
long coat for male,6600,1600,2400,8100,12100,18100,14800,9900,6600,3600,2400,1300,1000
man in long coat,6600,1600,2400,8100,12100,18100,14800,9900,6600,3600,2400,1300,1000
long black coat,6600,1600,2900,8100,12100,18100,14800,12100,8100,3600,1900,1300,720
puffer coat women,6600,1600,4400,9900,12100,18100,12100,12100,5400,2400,1300,880,880
winter clothes for women,6600,2400,6600,18100,18100,18100,9900,5400,2400,1300,1000,880,880
sparkly tops for women,6600,1900,2400,3600,6600,18100,27100,2900,2400,2400,2900,2900,3600
winter wear for women,6600,2400,6600,18100,18100,18100,9900,5400,2400,1300,1000,880,880
winter clothes for ladies,6600,2400,6600,18100,18100,18100,9900,5400,2400,1300,1000,880,880
winter wear for ladies,6600,2400,6600,18100,18100,18100,9900,5400,2400,1300,1000,880,880
knitted dress women,5400,1300,2400,8100,12100,18100,12100,6600,3600,1600,1300,1000,880
ladies knitted dress,5400,1300,2400,8100,12100,18100,12100,6600,3600,1600,1300,1000,880
knit dress womens,5400,1300,2400,8100,12100,18100,12100,6600,3600,1600,1300,1000,880
knit dress for women,5400,1300,2400,8100,12100,18100,12100,6600,3600,1600,1300,1000,880
ladies long puffer jackets,5400,1000,2900,8100,9900,18100,12100,9900,3600,1600,880,590,480
long puffer jacket women,5400,1000,2900,8100,9900,18100,12100,9900,3600,1600,880,590,480
party tops for women,5400,1900,2400,4400,8100,18100,14800,3600,3600,2900,2900,2400,1900
velvet dress women,5400,1000,1600,4400,9900,18100,18100,4400,2400,1300,880,720,480
baerskin hoodie,4400,320,590,880,9900,18100,14800,4400,2900,1000,880,1000,2400
party wear,4400,1300,1300,2900,6600,18100,12100,1900,1600,1600,1300,1300,1000
maxi skirts,27100,40500,27100,18100,14800,14800,14800,18100,18100,27100,33100,40500,40500
petite dresses,22200,33100,22200,18100,14800,14800,12100,14800,18100,22200,27100,33100,33100
halter neck dress,22200,40500,27100,14800,14800,14800,12100,14800,18100,22200,27100,40500,40500
midi skirts,22200,27100,22200,18100,14800,14800,14800,18100,18100,27100,33100,40500,40500
cropped trench coat,18100,8100,22200,33100,22200,14800,12100,9900,12100,27100,22200,14800,8100
cropped trench jacket,18100,8100,22200,33100,22200,14800,12100,9900,12100,27100,22200,14800,8100
trenchcoat cropped,18100,8100,22200,33100,22200,14800,12100,9900,12100,27100,22200,14800,8100
plus size clothing,18100,18100,18100,18100,14800,14800,14800,14800,14800,18100,22200,22200,18100
womens clothes sale,18100,18100,18100,14800,14800,14800,33100,22200,14800,14800,14800,12100,14800
plus size dress clothes,18100,18100,18100,18100,14800,14800,14800,14800,14800,18100,22200,22200,18100
ladies clothes sale,18100,18100,18100,14800,14800,14800,33100,22200,14800,14800,14800,12100,14800
wide leg trousers women,14800,18100,14800,18100,18100,14800,14800,14800,12100,14800,18100,18100,14800
wide leg pants women,14800,18100,14800,18100,18100,14800,14800,14800,12100,14800,18100,18100,14800
short trench coat,14800,6600,14800,33100,22200,14800,12100,9900,12100,22200,22200,12100,5400
ladies wide leg trousers,14800,18100,14800,18100,18100,14800,14800,14800,12100,14800,18100,18100,14800
ladies wide leg pants,14800,18100,14800,18100,18100,14800,14800,14800,12100,14800,18100,18100,14800
wide leg womens dress pants,14800,18100,14800,18100,18100,14800,14800,14800,12100,14800,18100,18100,14800
short trench jacket,14800,6600,14800,33100,22200,14800,12100,9900,12100,22200,22200,12100,5400
female loafers,14800,12100,18100,22200,18100,14800,14800,14800,14800,22200,18100,14800,9900
womens wide leg trouser pants,14800,18100,14800,18100,18100,14800,14800,14800,12100,14800,18100,18100,14800
trench short coat,14800,6600,14800,33100,22200,14800,12100,9900,12100,22200,22200,12100,5400
ladies slip on loafers,14800,12100,18100,22200,18100,14800,14800,14800,14800,22200,18100,14800,9900
trousers women wide leg,14800,18100,14800,18100,18100,14800,14800,14800,12100,14800,18100,18100,14800
wide leg trouser pants for women,14800,18100,14800,18100,18100,14800,14800,14800,12100,14800,18100,18100,14800
small trench coat,14800,6600,14800,33100,22200,14800,12100,9900,12100,22200,22200,12100,5400
women in loafers,14800,12100,18100,22200,18100,14800,14800,14800,14800,22200,18100,14800,9900
plus size dresses,14800,22200,18100,14800,12100,14800,12100,12100,14800,14800,18100,18100,18100
t shirts for men,14800,18100,14800,12100,9900,14800,14800,8100,8100,12100,14800,18100,18100
bomber jacket women,14800,6600,12100,18100,18100,14800,12100,12100,12100,22200,18100,14800,8100
going out dresses,14800,14800,14800,18100,14800,14800,12100,14800,14800,14800,14800,12100,12100
80s fashion,14800,18100,14800,14800,14800,14800,12100,14800,12100,12100,9900,12100,9900
mng clothing,14800,14800,12100,12100,14800,14800,14800,14800,12100,14800,18100,18100,18100
maria b pk,14800,9900,12100,12100,14800,14800,14800,18100,18100,14800,18100,18100,12100
nishat linen pk,14800,9900,9900,12100,14800,14800,14800,18100,12100,12100,14800,18100,14800
men in chinos,14800,14800,14800,18100,14800,14800,14800,12100,9900,12100,14800,14800,12100
doc marten penny loafers,12100,12100,14800,14800,14800,14800,12100,12100,9900,9900,9900,8100,8100
sweatpants,12100,9900,9900,12100,12100,14800,12100,12100,9900,9900,9900,9900,8100
maternity leggings,12100,9900,14800,18100,14800,14800,14800,14800,12100,12100,9900,8100,6600
jeans for women,12100,8100,12100,18100,14800,14800,14800,12100,12100,14800,12100,9900,8100
petite jeans,12100,8100,12100,18100,14800,14800,14800,14800,12100,14800,12100,8100,5400
kids clothes sale,12100,12100,12100,12100,12100,14800,27100,14800,9900,12100,12100,9900,9900
evening dresses for women,12100,8100,9900,14800,18100,14800,8100,12100,12100,12100,12100,12100,9900
victoria beckham clothing,12100,1000,1300,1300,90500,14800,9900,12100,5400,2400,1900,2400,1600
wranglers jeans,12100,9900,12100,14800,14800,14800,14800,14800,12100,12100,12100,12100,9900
apple bottom jeans,12100,14800,14800,12100,12100,14800,12100,12100,9900,12100,9900,8100,8100
childrens clothes sale,12100,12100,12100,12100,12100,14800,27100,14800,9900,12100,12100,9900,9900
waterproofs,12100,9900,9900,18100,14800,14800,9900,12100,12100,9900,6600,8100,9900
charizma pk,12100,6600,12100,9900,12100,14800,22200,14800,14800,12100,12100,9900,9900
shirt clothes for men,12100,14800,12100,12100,12100,14800,14800,9900,8100,12100,12100,14800,14800
flannel shirts,12100,9900,9900,12100,14800,14800,14800,9900,9900,12100,12100,9900,9900
flannelette shirt,12100,9900,9900,12100,14800,14800,14800,9900,9900,12100,12100,9900,9900
flan shirt,12100,9900,9900,12100,14800,14800,14800,9900,9900,12100,12100,9900,9900
flannel and shirt,12100,9900,9900,12100,14800,14800,14800,9900,9900,12100,12100,9900,9900
flannel with shirt,12100,9900,9900,12100,14800,14800,14800,9900,9900,12100,12100,9900,9900
brown suede bag,9900,5400,12100,22200,18100,14800,14800,9900,8100,8100,6600,5400,3600
brown suede purse,9900,5400,12100,22200,18100,14800,14800,9900,8100,8100,6600,5400,3600
brown suede handbag,9900,5400,12100,22200,18100,14800,14800,9900,8100,8100,6600,5400,3600
suede bag brown,9900,5400,12100,22200,18100,14800,14800,9900,8100,8100,6600,5400,3600
suede brown handbags,9900,5400,12100,22200,18100,14800,14800,9900,8100,8100,6600,5400,3600
satin skirt,9900,12100,12100,12100,12100,14800,14800,8100,6600,8100,9900,9900,9900
black cardigan women,9900,5400,9900,14800,12100,14800,12100,12100,9900,9900,9900,8100,6600
red cardigan,9900,4400,8100,12100,12100,14800,18100,6600,8100,8100,6600,5400,3600
red cardigan sweater,9900,4400,8100,12100,12100,14800,18100,6600,8100,8100,6600,5400,3600
ladies black cardigan,9900,5400,9900,14800,12100,14800,12100,12100,9900,9900,9900,8100,6600
women's black cardigan sweater,9900,5400,9900,14800,12100,14800,12100,12100,9900,9900,9900,8100,6600
skirt satin,9900,12100,12100,12100,12100,14800,14800,8100,6600,8100,9900,9900,9900
m & s cardigans,9900,5400,8100,14800,14800,14800,12100,8100,8100,8100,9900,8100,5400
marks spencer cardigan,9900,5400,8100,14800,14800,14800,12100,8100,8100,8100,9900,8100,5400
leather bomber jacket,9900,5400,8100,14800,14800,14800,12100,12100,9900,9900,8100,5400,3600
dealer boots,9900,9900,9900,12100,12100,14800,12100,9900,8100,9900,8100,8100,8100
leather bomber coat,9900,5400,8100,14800,14800,14800,12100,12100,9900,9900,8100,5400,3600
mens bomber jacket,9900,4400,5400,12100,12100,14800,14800,8100,8100,9900,8100,6600,4400
black leggings,9900,8100,9900,14800,14800,14800,12100,12100,8100,9900,8100,6600,5400
blue jeans,9900,9900,9900,12100,12100,14800,14800,9900,9900,12100,9900,8100,6600
juicy tracksuit,9900,6600,8100,9900,14800,14800,14800,9900,6600,8100,6600,5400,4400
brown jeans,9900,2900,8100,18100,22200,14800,12100,12100,9900,9900,6600,5400,3600
outdoor clothing,9900,8100,8100,12100,14800,14800,12100,12100,8100,8100,6600,6600,6600
boys jacket,9900,6600,9900,14800,12100,14800,12100,9900,8100,9900,6600,5400,3600
mens walking trousers,9900,5400,6600,12100,12100,14800,14800,14800,12100,12100,8100,8100,5400
brown jeans women,9900,1900,6600,18100,22200,14800,9900,9900,9900,8100,5400,3600,1900
ankle wellies womens,8100,2900,3600,12100,12100,14800,12100,9900,8100,5400,2900,2400,2900
ladies ankle wellies,8100,2900,3600,12100,12100,14800,12100,9900,8100,5400,2900,2400,2900
ankle wellington boots womens,8100,2900,3600,12100,12100,14800,12100,9900,8100,5400,2900,2400,2900
brown trench coats,8100,1900,6600,18100,18100,14800,9900,6600,5400,6600,3600,2400,1300
brown trench jacket,8100,1900,6600,18100,18100,14800,9900,6600,5400,6600,3600,2400,1300
mens trench coat,8100,2900,4400,9900,14800,14800,12100,9900,6600,6600,3600,2900,2400
mens cargo pants,8100,5400,6600,9900,12100,14800,14800,8100,8100,8100,8100,6600,5400
leather shorts,8100,5400,4400,8100,12100,14800,18100,8100,6600,8100,5400,4400,4400
brown leggings,8100,1900,4400,14800,18100,14800,12100,9900,6600,5400,3600,2900,1900
black jeans women,8100,5400,8100,12100,12100,14800,12100,9900,8100,8100,6600,5400,3600
parka jacket,8100,8100,8100,12100,14800,14800,12100,9900,6600,5400,3600,5400,2900
kids coats,8100,4400,14800,18100,14800,14800,9900,9900,5400,4400,2900,2400,2400
sequin mini dress,8100,6600,6600,6600,8100,14800,18100,5400,4400,5400,5400,6600,6600
party outfit,8100,5400,5400,6600,8100,14800,12100,8100,6600,6600,6600,5400,5400
mens grey jeans,8100,6600,6600,9900,12100,14800,14800,8100,8100,8100,5400,5400,4400
mens tracksuits sale,8100,3600,4400,8100,9900,14800,18100,8100,6600,6600,5400,5400,3600
running jacket men,8100,2900,3600,9900,9900,14800,18100,14800,9900,6600,5400,4400,2900
black tracksuit,8100,4400,6600,9900,12100,14800,12100,9900,6600,6600,5400,4400,3600
over the knee boots,6600,2400,4400,9900,12100,14800,12100,6600,4400,2900,1900,1600,1300
knee high heeled boots,6600,2900,4400,9900,12100,14800,12100,6600,5400,3600,2400,1900,1300
black knee high boots flat,6600,1900,3600,9900,12100,14800,12100,6600,4400,2900,1600,1300,1000
over the knee high boots,6600,2400,4400,9900,12100,14800,12100,6600,4400,2900,1900,1600,1300
above the knee boots,6600,2400,4400,9900,12100,14800,12100,6600,4400,2900,1900,1600,1300
high heel knee high boots,6600,2900,4400,9900,12100,14800,12100,6600,5400,3600,2400,1900,1300
heeled knee boots,6600,2900,4400,9900,12100,14800,12100,6600,5400,3600,2400,1900,1300
black flat high boots,6600,1900,3600,9900,12100,14800,12100,6600,4400,2900,1600,1300,1000
heeled ankle boots,6600,2900,4400,9900,12100,14800,12100,8100,6600,5400,2900,2400,1600
brown ankle boots women,6600,1600,4400,14800,18100,14800,12100,8100,5400,3600,1900,1300,1000
wool jumper,6600,2400,4400,12100,12100,14800,14800,9900,5400,3600,2900,2400,1900
brown heel boots,6600,1900,4400,9900,12100,14800,12100,8100,6600,5400,2900,1600,1300
ladies brown ankle boots,6600,1600,4400,14800,18100,14800,12100,8100,5400,3600,1900,1300,1000
kitten heels boots,6600,1300,2900,8100,12100,14800,12100,8100,6600,4400,2400,1600,880
mens waterproof coat,6600,1900,2900,12100,9900,14800,12100,6600,5400,2400,1300,1300,1600
mens padded jacket,6600,1600,2400,8100,9900,14800,12100,8100,5400,4400,2900,1900,1000
zavetti canada jacket,6600,2400,3600,6600,8100,14800,12100,12100,6600,5400,2900,2400,1900
mens padded coat,6600,1600,2400,8100,9900,14800,12100,8100,5400,4400,2900,1900,1000
pufferjackets,6600,1900,5400,12100,12100,14800,8100,8100,4400,4400,2400,1600,1300
long black coat for ladies,6600,1600,2900,6600,9900,14800,14800,12100,6600,3600,2400,1000,720
cashmere sweater,6600,2900,5400,9900,12100,14800,12100,8100,5400,4400,3600,2900,2400
mens cashmere sweaters,6600,2400,2900,6600,9900,14800,14800,6600,4400,4400,2400,1900,1300
baby snowsuit,6600,2900,4400,9900,12100,14800,9900,9900,3600,1900,1600,1600,1900
black party dress,6600,4400,5400,8100,9900,14800,9900,6600,5400,5400,5400,4400,3600
long black coat women,6600,1600,2900,6600,9900,14800,14800,12100,6600,3600,2400,1000,720
mens smart jackets,6600,2400,3600,8100,9900,14800,14800,6600,6600,6600,5400,4400,2400
velour garments,6600,5400,8100,9900,9900,14800,8100,5400,5400,4400,3600,6600,3600
roll neck jumper women's,5400,1000,2400,8100,12100,14800,12100,9900,5400,2900,1600,1000,480
teddy coat,5400,1000,2400,9900,12100,14800,12100,8100,2900,1900,1000,590,390
sequin trousers,5400,2400,2400,2900,4400,14800,27100,2900,2400,2400,2900,3600,4400
womens long puffer coat,5400,880,1900,5400,8100,14800,12100,9900,3600,1600,720,590,320
black sparkly dress,5400,2900,3600,5400,8100,14800,14800,4400,3600,3600,2900,2400,2400
ladies winter coats,5400,1600,5400,14800,14800,14800,8100,6600,2900,1000,720,480,590
white fur coat,5400,1300,2400,5400,8100,14800,14800,8100,4400,2400,1600,1000,880
petite coats,5400,1300,2900,9900,12100,14800,12100,8100,4400,2900,1600,1000,720
black fur jacket,5400,880,1600,4400,8100,14800,14800,8100,5400,2900,1600,880,480
white fur jacket,5400,1300,2400,5400,8100,14800,14800,8100,4400,2400,1600,1000,880
half zip sweater men,5400,1900,2900,6600,8100,14800,14800,6600,4400,4400,2900,1900,1300
mens half zip jumper,5400,1900,2900,6600,8100,14800,14800,6600,4400,4400,2900,1900,1300
mens half zip pullover sweater,5400,1900,2900,6600,8100,14800,14800,6600,4400,4400,2900,1900,1300
half zipper sweater mens,5400,1900,2900,6600,8100,14800,14800,6600,4400,4400,2900,1900,1300
half zip men's jumper,5400,1900,2900,6600,8100,14800,14800,6600,4400,4400,2900,1900,1300
half zip men's pullover,5400,1900,2900,6600,8100,14800,14800,6600,4400,4400,2900,1900,1300
half zipper sweater men's,5400,1900,2900,6600,8100,14800,14800,6600,4400,4400,2900,1900,1300
green velvet dress,4400,1000,1600,3600,8100,14800,12100,2900,1600,1300,880,880,590
black velvet dress,4400,1000,1600,3600,8100,14800,14800,3600,1900,1300,1000,720,590
heated jacket men,4400,260,720,2900,6600,14800,9900,8100,2900,1300,590,590,320
thermal leggings women,4400,880,1300,4400,8100,14800,8100,12100,2900,1600,720,720,390
thermal vests ladies,4400,720,1300,6600,9900,14800,8100,9900,3600,1900,1300,880,590
thermal top,4400,590,1000,3600,6600,14800,6600,9900,3600,1900,1000,720,480
winter outfits women,4400,1300,2900,8100,9900,14800,9900,5400,2400,880,390,390,390
winter look for women,4400,1300,2900,8100,9900,14800,9900,5400,2400,880,390,390,390
winter outfits for ladies,4400,1300,2900,8100,9900,14800,9900,5400,2400,880,390,390,390
christmas jumper dress,3600,210,390,1000,3600,14800,18100,210,170,140,210,170,140
xmas jumper dress,3600,210,390,1000,3600,14800,18100,210,170,140,210,170,140
jumper dress for christmas,3600,210,390,1000,3600,14800,18100,210,170,140,210,170,140
toddler snowsuit,3600,390,1000,2900,5400,14800,8100,12100,1600,480,210,170,140
red velvet dress,3600,880,1000,2900,6600,14800,14800,1900,1600,880,720,590,480
party wear women,2900,880,1000,1900,5400,14800,8100,1900,1300,1300,1300,880,720
linen trousers,40500,60500,40500,18100,12100,12100,12100,18100,22200,40500,49500,74000,74000
polka dot dress,40500,49500,40500,22200,18100,12100,9900,18100,27100,49500,74000,74000,60500
white dress for women,22200,33100,27100,18100,18100,12100,12100,18100,18100,22200,27100,27100,33100
swimming shorts,22200,40500,27100,22200,14800,12100,12100,18100,18100,22200,22200,33100,33100
schiaparelli,22200,12100,8100,12100,14800,12100,18100,22200,22200,40500,40500,40500,33100
self portrait dress,18100,22200,14800,12100,12100,12100,12100,14800,14800,18100,22200,22200,22200
halter neck top,18100,27100,22200,14800,12100,12100,14800,14800,14800,18100,22200,33100,33100
reformation dresses,14800,18100,14800,9900,9900,12100,8100,12100,12100,18100,22200,22200,22200
gym shorts,14800,27100,18100,12100,12100,12100,12100,14800,12100,14800,14800,22200,22200
wrap dress,14800,22200,18100,14800,12100,12100,12100,12100,12100,18100,18100,22200,18100
white jeans,14800,12100,12100,12100,12100,12100,12100,12100,12100,22200,22200,22200,14800
mens running shorts,14800,14800,14800,12100,9900,12100,14800,12100,12100,14800,18100,18100,14800
90s fashion,14800,18100,14800,18100,14800,12100,8100,14800,12100,14800,14800,12100,12100
camisole tops,14800,22200,18100,14800,12100,12100,12100,12100,12100,14800,18100,22200,18100
sahara clothing,14800,14800,14800,12100,14800,12100,9900,12100,12100,14800,18100,18100,18100
joe brown dresses,14800,18100,12100,12100,12100,12100,9900,9900,12100,14800,18100,22200,22200
suede brown coat,12100,3600,14800,27100,22200,12100,8100,8100,8100,12100,9900,6600,2900
brown suedette jacket,12100,3600,14800,27100,22200,12100,8100,8100,8100,12100,9900,6600,2900
mom jeans,12100,12100,14800,14800,14800,12100,9900,12100,12100,14800,12100,9900,6600
maternity jeans,12100,8100,12100,14800,14800,12100,14800,14800,14800,14800,9900,8100,6600
yoga pants,12100,9900,9900,12100,12100,12100,9900,12100,12100,12100,12100,9900,9900
satin dress,12100,14800,12100,12100,12100,12100,12100,12100,9900,12100,12100,14800,14800
rain coat,12100,14800,14800,33100,14800,12100,6600,8100,8100,6600,5400,8100,14800
womens trousers,12100,9900,12100,14800,14800,12100,12100,12100,9900,12100,12100,12100,9900
cargo trousers women,12100,12100,14800,14800,14800,12100,9900,12100,12100,14800,14800,12100,9900
walking trousers,12100,6600,8100,12100,12100,12100,12100,14800,12100,12100,12100,9900,8100
cargo jeans women,12100,12100,14800,14800,14800,12100,9900,12100,12100,14800,14800,12100,9900
clothing sales,12100,12100,12100,12100,9900,12100,27100,14800,9900,9900,9900,9900,9900
black shirts,12100,12100,12100,12100,14800,12100,9900,9900,8100,9900,9900,9900,12100
brown suede jacket,12100,3600,14800,27100,22200,12100,8100,8100,8100,12100,9900,6600,2900
checkered shirt,12100,12100,12100,14800,14800,12100,12100,9900,9900,12100,9900,9900,9900
reserved clothing,12100,12100,12100,9900,12100,12100,12100,14800,9900,12100,9900,12100,9900
brown jacket suede,12100,3600,14800,27100,22200,12100,8100,8100,8100,12100,9900,6600,2900
knit chunky cardigan,9900,3600,8100,14800,14800,12100,8100,33100,9900,8100,6600,4400,2400
long sleeve midi dress,9900,6600,8100,12100,12100,12100,8100,9900,8100,9900,8100,8100,6600
chunky knit cardigan,9900,3600,8100,14800,14800,12100,8100,33100,9900,8100,6600,4400,2400
brown cardigan,9900,3600,9900,22200,18100,12100,8100,6600,6600,6600,5400,5400,3600
brown cardigan sweater,9900,3600,9900,22200,18100,12100,8100,6600,6600,6600,5400,5400,3600
chunky knit cardigan sweater,9900,3600,8100,14800,14800,12100,8100,33100,9900,8100,6600,4400,2400
flared trouser,9900,8100,12100,12100,9900,12100,9900,9900,8100,9900,8100,8100,6600
dress long sleeve midi,9900,6600,8100,12100,12100,12100,8100,9900,8100,9900,8100,8100,6600
dress midi long sleeve,9900,6600,8100,12100,12100,12100,8100,9900,8100,9900,8100,8100,6600
long sleeve mid dress,9900,6600,8100,12100,12100,12100,8100,9900,8100,9900,8100,8100,6600
skinny jeans,9900,6600,8100,9900,12100,12100,12100,12100,9900,9900,8100,6600,4400
boss t shirt,9900,14800,9900,8100,8100,12100,14800,5400,5400,6600,8100,9900,9900
axel arigato trainers,9900,8100,8100,8100,8100,12100,14800,9900,8100,8100,9900,8100,6600
y2k fashion,9900,9900,12100,12100,12100,12100,8100,8100,9900,12100,12100,12100,9900
black jacket women,9900,5400,8100,14800,14800,12100,9900,9900,8100,12100,9900,8100,5400
tweed jacket womens,9900,3600,6600,18100,14800,12100,9900,9900,8100,9900,6600,4400,2900
ladies jackets,9900,4400,6600,14800,12100,12100,9900,8100,8100,14800,12100,9900,5400
gym leggings women,9900,6600,8100,9900,9900,12100,14800,14800,12100,12100,8100,6600,5400
mens graphic t shirts,9900,14800,12100,9900,8100,12100,14800,5400,6600,8100,9900,12100,12100
flared trousers,9900,8100,12100,12100,9900,12100,9900,9900,8100,9900,8100,8100,6600
folk clothing,9900,9900,8100,9900,9900,12100,12100,9900,8100,8100,9900,9900,9900
brown trousers,9900,4400,8100,14800,18100,12100,9900,9900,8100,8100,6600,6600,5400
gym tops for women,9900,9900,8100,9900,9900,12100,12100,14800,12100,12100,9900,8100,8100
nighty dress,9900,14800,12100,9900,9900,12100,12100,9900,8100,9900,8100,9900,9900
suede bag,8100,6600,12100,14800,12100,12100,9900,8100,6600,6600,6600,5400,3600
suede handbags,8100,6600,12100,14800,12100,12100,9900,8100,6600,6600,6600,5400,3600
suede pocketbook,8100,6600,12100,14800,12100,12100,9900,8100,6600,6600,6600,5400,3600
bag suede,8100,6600,12100,14800,12100,12100,9900,8100,6600,6600,6600,5400,3600
purse suede,8100,6600,12100,14800,12100,12100,9900,8100,6600,6600,6600,5400,3600
dress long black,8100,6600,6600,9900,12100,12100,8100,8100,6600,6600,5400,5400,5400
sweatshirts for women,8100,4400,6600,14800,14800,12100,9900,9900,8100,9900,8100,6600,4400
nakd fashion,8100,6600,8100,8100,8100,12100,6600,6600,5400,6600,6600,8100,6600
mens boxer shorts,8100,8100,8100,6600,8100,12100,14800,5400,5400,5400,5400,6600,8100
1920s fashion,8100,8100,8100,9900,12100,12100,9900,12100,8100,8100,6600,6600,5400
mens designer clothes,8100,8100,9900,8100,8100,12100,12100,6600,6600,8100,6600,6600,5400
mens black cargo pants,8100,6600,8100,12100,12100,12100,12100,8100,8100,8100,6600,5400,4400
chrome hearts hoodie,8100,4400,5400,6600,9900,12100,12100,9900,8100,8100,6600,6600,4400
men's slim fit jeans,8100,5400,6600,9900,9900,12100,12100,8100,8100,8100,6600,5400,4400
mens slim jeans,8100,5400,6600,9900,9900,12100,12100,8100,8100,8100,6600,5400,4400
women jackets sale,8100,4400,6600,9900,9900,12100,12100,12100,8100,9900,8100,5400,3600
mens designer wear,8100,8100,9900,8100,8100,12100,12100,6600,6600,8100,6600,6600,5400
overshirts,8100,6600,6600,9900,9900,12100,12100,8100,6600,8100,8100,8100,6600
overshirt shirt,8100,6600,6600,9900,9900,12100,12100,8100,6600,8100,8100,8100,6600
short wellies,6600,3600,3600,9900,9900,12100,9900,6600,6600,4400,2400,1900,2400
burgundy cardigan,6600,1900,5400,14800,12100,12100,9900,4400,2900,2900,1900,1600,1000
short wellington boots,6600,3600,3600,9900,9900,12100,9900,6600,6600,4400,2400,1900,2400
short welly boots,6600,3600,3600,9900,9900,12100,9900,6600,6600,4400,2400,1900,2400
hoodrich tracksuit,6600,5400,5400,6600,8100,12100,12100,5400,4400,5400,3600,3600,2400
knit sweater,6600,2900,6600,9900,9900,12100,9900,5400,4400,3600,2900,1900,1600
holland cooper coat,6600,1600,2400,6600,8100,12100,12100,9900,5400,8100,2900,1900,1900
country clothes,6600,5400,5400,8100,9900,12100,12100,6600,5400,5400,4400,4400,4400
chunky boots,5400,2900,8100,8100,9900,12100,8100,6600,4400,3600,2400,2400,1900
boots chunky,5400,2900,8100,8100,9900,12100,8100,6600,4400,3600,2400,2400,1900
black long sleeve dress,5400,2400,2900,6600,9900,12100,9900,8100,6600,4400,2900,2400,1900
knitwear women,5400,1600,4400,12100,12100,12100,9900,5400,3600,2900,1900,1600,880
cashmere jumper women's,5400,1300,2900,8100,9900,12100,12100,6600,3600,2900,1600,1300,880
red ladies jumper,5400,1000,1900,4400,8100,12100,18100,5400,5400,3600,1600,1000,720
laced boots womens,5400,1900,3600,8100,9900,12100,8100,6600,3600,2400,1600,1000,880
mens fur coat,5400,2400,2900,5400,8100,12100,12100,8100,4400,3600,2400,1900,1300
mens winter coat sale,5400,2400,3600,8100,9900,12100,8100,8100,3600,2400,1900,1300,1000
chelsea black boots,5400,1900,2900,6600,8100,12100,9900,6600,3600,2900,1900,1900,1300
mens fur overcoat,5400,2400,2900,5400,8100,12100,12100,8100,4400,3600,2400,1900,1300
mens fluffy coat,5400,2400,2900,5400,8100,12100,12100,8100,4400,3600,2400,1900,1300
male fur coats,5400,2400,2900,5400,8100,12100,12100,8100,4400,3600,2400,1900,1300
man in fur coat,5400,2400,2900,5400,8100,12100,12100,8100,4400,3600,2400,1900,1300
sherpa jacket,5400,1600,2900,8100,9900,12100,8100,6600,3600,2900,1900,1600,1000
mens sweaters,5400,1600,2900,6600,8100,12100,12100,5400,3600,3600,2400,1900,1300
cashmere sweater women,5400,1300,2900,8100,9900,12100,12100,6600,3600,2900,1600,1300,880
leather pants women,5400,1900,2900,6600,8100,12100,12100,6600,5400,4400,2900,1900,1600
max mara coat,5400,1900,2900,6600,9900,12100,9900,8100,4400,3600,1900,1300,1300
shearling jacket,5400,1600,2900,6600,9900,12100,9900,8100,4400,2900,1600,1300,1000
black wool coat,5400,1000,2400,5400,8100,12100,9900,9900,4400,2400,1300,720,480
winter clothes,5400,2900,5400,12100,9900,12100,5400,4400,1900,1300,1000,1300,1600
ganni hat,5400,1300,1300,1900,6600,12100,14800,14800,5400,2400,1300,1000,880
sequin dress for women,5400,3600,3600,4400,6600,12100,12100,3600,2900,2900,3600,3600,3600
leather trousers women,5400,1900,2900,6600,8100,12100,12100,6600,5400,4400,2900,1900,1600
aviator jacket womens,5400,1000,2400,8100,12100,12100,12100,6600,3600,2400,1300,720,480
fur jacket men,5400,2400,2900,5400,8100,12100,12100,8100,4400,3600,2400,1900,1300
long boots,4400,1900,3600,8100,9900,12100,9900,5400,2900,2400,1600,1300,1300
long boots for women,4400,1600,2900,8100,9900,12100,9900,5400,2900,1900,1300,880,720
women's flat boots,4400,1300,2900,8100,9900,12100,8100,5400,3600,2400,1300,1000,720
long womens boots,4400,1600,2900,8100,9900,12100,9900,5400,2900,1900,1300,880,720
waterproof dress boots women's,4400,1000,1900,8100,8100,12100,6600,6600,3600,1300,720,720,720
mens winter coat,4400,880,2400,8100,9900,12100,6600,4400,1600,590,390,320,390
mens smart coat,4400,880,1300,4400,6600,12100,9900,5400,3600,2400,1300,880,480
warm coats for men,4400,880,1600,4400,8100,12100,8100,8100,2900,1600,880,720,320
long wool coats,4400,880,1900,5400,8100,12100,9900,8100,3600,1900,880,590,390
puffer jacket brown,4400,590,1900,6600,9900,12100,8100,8100,3600,2400,880,480,320
mens smart overcoat,4400,880,1300,4400,6600,12100,9900,5400,3600,2400,1300,880,480
marks and spencers mens coats,4400,1000,1600,5400,8100,12100,9900,6600,3600,2400,1300,880,720
marks and spencer's men's coats,4400,1000,1600,5400,8100,12100,9900,6600,3600,2400,1300,880,720
black sequin dress,4400,2900,3600,5400,6600,12100,12100,3600,2400,2400,2400,2400,1900
northface jacket men,4400,1600,2900,5400,8100,12100,8100,5400,3600,2900,1900,1300,1000
plus size party dresses,4400,3600,3600,4400,6600,12100,8100,4400,3600,3600,2900,2900,2400
sparkle dress,4400,2900,2900,4400,5400,12100,12100,3600,2900,2900,2900,2900,2900
brown puffer jacket,4400,590,1900,6600,9900,12100,8100,8100,3600,2400,880,480,320
mens thermal underwear,4400,720,1000,3600,6600,12100,8100,8100,2900,1600,1000,880,390
long wool coat,4400,880,1900,5400,8100,12100,9900,8100,3600,1900,880,590,390
mens cable knit sweater,4400,1600,2400,5400,8100,12100,12100,5400,2900,2400,1600,1000,720
winter outfits,4400,1600,3600,6600,8100,12100,8100,4400,1900,880,480,590,590
warm jackets for men,4400,880,1600,4400,8100,12100,8100,8100,2900,1600,880,720,320
polo jacket men,4400,1600,2900,6600,8100,12100,8100,5400,2900,2400,1600,1300,1000
fluffy coat,4400,1300,2400,5400,6600,12100,12100,6600,2900,1900,1000,880,720
mens duffle coat,4400,1300,1900,4400,8100,12100,9900,5400,2900,1600,1000,880,720
equidry coat,4400,1000,1900,6600,8100,12100,8100,6600,4400,1900,1300,1300,1300
cable knit sweater men,4400,1600,2400,5400,8100,12100,12100,5400,2900,2400,1600,1000,720
mens cable knit jumper,4400,1600,2400,5400,8100,12100,12100,5400,2900,2400,1600,1000,720
men's cable knit sweaters,4400,1600,2400,5400,8100,12100,12100,5400,2900,2400,1600,1000,720
men's sweaters cable knit,4400,1600,2400,5400,8100,12100,12100,5400,2900,2400,1600,1000,720
cable knit cardigan for men,4400,1600,2400,5400,8100,12100,12100,5400,2900,2400,1600,1000,720
cable knit sweater male,4400,1600,2400,5400,8100,12100,12100,5400,2900,2400,1600,1000,720
cable stitch sweater mens,4400,1600,2400,5400,8100,12100,12100,5400,2900,2400,1600,1000,720
mens cable knit pullover,4400,1600,2400,5400,8100,12100,12100,5400,2900,2400,1600,1000,720
fairisle cardigan,3600,720,1600,4400,6600,12100,9900,3600,1600,1000,720,590,390
christmas sweaters,2900,390,590,1300,2900,12100,14800,390,260,390,170,210,170
christmas party outfit men,2400,170,210,720,2900,12100,12100,140,140,110,50,40,70
capri pants,22200,22200,18100,9900,9900,9900,6600,8100,9900,27100,49500,60500,49500
maxi dresses for women,18100,22200,14800,12100,9900,9900,8100,12100,12100,18100,22200,27100,27100
tshirt dress women,14800,22200,14800,12100,9900,9900,8100,12100,12100,14800,18100,22200,22200
ladies shirt dress,14800,22200,14800,12100,9900,9900,8100,12100,12100,14800,18100,22200,22200
tshirt dress for women,14800,22200,14800,12100,9900,9900,8100,12100,12100,14800,18100,22200,22200
women tshirt dress,14800,22200,14800,12100,9900,9900,8100,12100,12100,14800,18100,22200,22200
wedding suits,14800,18100,18100,18100,12100,9900,8100,18100,14800,14800,14800,14800,12100
work dresses,12100,14800,14800,14800,12100,9900,6600,12100,9900,12100,12100,14800,14800
purple dress,12100,14800,12100,12100,18100,9900,6600,9900,9900,12100,12100,12100,12100
ladies dresses,12100,18100,14800,12100,9900,9900,9900,9900,12100,12100,14800,14800,14800
black shorts,12100,18100,14800,9900,14800,9900,12100,8100,8100,12100,12100,18100,22200
wallis dresses,12100,18100,12100,8100,9900,9900,6600,8100,9900,12100,12100,14800,14800
apricot dresses,12100,22200,14800,9900,8100,9900,8100,8100,8100,9900,12100,18100,18100
80s outfits,12100,12100,9900,9900,9900,9900,9900,14800,12100,12100,12100,12100,9900
1980s outfit,12100,12100,9900,9900,9900,9900,9900,14800,12100,12100,12100,12100,9900
barrel leg jeans,9900,5400,9900,12100,12100,9900,8100,9900,12100,12100,12100,8100,5400
amiri jeans,9900,9900,9900,12100,9900,9900,12100,9900,8100,9900,8100,6600,5400
long dresses for women,9900,9900,8100,8100,8100,9900,8100,8100,8100,9900,9900,9900,9900
petite jumpsuit,9900,12100,9900,8100,8100,9900,8100,8100,9900,12100,12100,12100,9900
sexy dresses,9900,9900,9900,9900,9900,9900,9900,9900,9900,8100,8100,8100,8100
cropped jacket,9900,8100,9900,12100,12100,9900,8100,8100,9900,14800,14800,12100,6600
sexy outfits,9900,9900,9900,9900,12100,9900,12100,12100,9900,9900,9900,9900,8100
petite trousers,9900,8100,9900,12100,9900,9900,8100,9900,8100,9900,12100,9900,8100
hiking trousers,9900,6600,8100,9900,8100,9900,8100,14800,9900,12100,9900,9900,9900
90s outfits,9900,9900,8100,8100,9900,9900,6600,12100,9900,12100,12100,12100,9900
womens walking trousers,9900,6600,8100,9900,9900,9900,8100,14800,9900,12100,9900,9900,6600
gym shark shorts,9900,18100,12100,8100,8100,9900,9900,6600,6600,9900,12100,14800,14800
mens black trousers,9900,8100,12100,9900,9900,9900,9900,8100,8100,8100,8100,6600,6600
concert outfit,9900,14800,12100,9900,8100,9900,5400,8100,8100,8100,18100,12100,18100
cardigan women,8100,6600,9900,12100,9900,9900,9900,6600,5400,8100,8100,8100,5400
leggings for women,8100,5400,6600,9900,9900,9900,9900,8100,6600,8100,6600,6600,4400
emerald green dress,8100,9900,8100,8100,9900,9900,6600,8100,6600,8100,8100,8100,8100
mens fashion,8100,8100,8100,9900,9900,9900,9900,8100,6600,8100,8100,6600,5400
alo leggings,8100,4400,5400,8100,8100,9900,12100,12100,9900,9900,9900,8100,6600
dsquared jeans,8100,6600,8100,8100,9900,9900,12100,8100,6600,8100,5400,5400,4400
carpenter jeans,8100,4400,4400,6600,27100,9900,9900,6600,5400,4400,4400,3600,3600
scruffs work trousers,8100,5400,6600,9900,9900,9900,6600,8100,8100,8100,6600,6600,5400
goth clothing,8100,6600,8100,8100,9900,9900,8100,6600,5400,6600,6600,6600,5400
girls jackets,8100,5400,9900,9900,9900,9900,8100,6600,6600,9900,8100,5400,3600
mens blazer jacket,8100,6600,6600,9900,9900,9900,9900,8100,6600,8100,8100,8100,5400
crewneck,8100,6600,8100,8100,9900,9900,9900,9900,6600,6600,8100,6600,6600
night dress for women,8100,8100,8100,6600,8100,9900,9900,8100,6600,6600,6600,8100,8100
mens white t shirts,8100,9900,8100,6600,6600,9900,9900,5400,5400,8100,8100,9900,9900
mens designer shirts,8100,9900,8100,8100,8100,9900,12100,5400,6600,8100,6600,8100,8100
premature baby clothes,8100,8100,8100,8100,9900,9900,9900,9900,6600,8100,6600,6600,6600
flare jeans men,8100,6600,8100,9900,9900,9900,12100,9900,6600,8100,6600,5400,4400
ferrari jacket,8100,8100,6600,8100,9900,9900,12100,8100,6600,9900,6600,5400,5400
mens sports jacket,8100,6600,6600,9900,9900,9900,9900,8100,6600,8100,8100,8100,5400
scotch and soda clothing,8100,6600,6600,8100,8100,9900,9900,8100,6600,6600,6600,6600,6600
going out clothes women,8100,5400,6600,9900,9900,9900,8100,9900,9900,9900,8100,6600,5400
going out outfits women,8100,5400,6600,9900,9900,9900,8100,9900,9900,9900,8100,6600,5400
gothic style clothing,8100,6600,8100,8100,9900,9900,8100,6600,5400,6600,6600,6600,5400
faux leather jacket,6600,2400,5400,9900,12100,9900,8100,6600,6600,8100,6600,4400,2400
faux leather blazer,6600,2400,5400,9900,12100,9900,8100,6600,6600,8100,6600,4400,2400
faux leather coat,6600,2400,5400,9900,12100,9900,8100,6600,6600,8100,6600,4400,2400
pleather jacket,6600,2400,5400,9900,12100,9900,8100,6600,6600,8100,6600,4400,2400
fake leather jackets,6600,2400,5400,9900,12100,9900,8100,6600,6600,8100,6600,4400,2400
fake leather coat,6600,2400,5400,9900,12100,9900,8100,6600,6600,8100,6600,4400,2400
jacket faux leather,6600,2400,5400,9900,12100,9900,8100,6600,6600,8100,6600,4400,2400
large cardigan sweater,6600,3600,6600,14800,12100,9900,8100,6600,5400,6600,6600,4400,2900
leather & faux leather jackets,6600,2400,5400,9900,12100,9900,8100,6600,6600,8100,6600,4400,2400
long cardigan,6600,3600,6600,14800,12100,9900,8100,6600,5400,6600,6600,4400,2900
black trench coat women,6600,2900,4400,9900,9900,9900,8100,8100,8100,8100,6600,4400,2400
black wide leg trousers,6600,5400,8100,9900,9900,9900,8100,8100,5400,6600,5400,5400,4400
slouchy boots,6600,3600,8100,9900,12100,9900,8100,6600,4400,4400,2900,2900,2400
ladies black trench coat,6600,2900,4400,9900,9900,9900,8100,8100,8100,8100,6600,4400,2400
shirt for tuxedo,6600,8100,8100,8100,8100,9900,8100,5400,5400,6600,6600,8100,8100
womens black trench,6600,2900,4400,9900,9900,9900,8100,8100,8100,8100,6600,4400,2400
black mac coat womens,6600,2900,4400,9900,9900,9900,8100,8100,8100,8100,6600,4400,2400
black trench jacket women's,6600,2900,4400,9900,9900,9900,8100,8100,8100,8100,6600,4400,2400
mens casual coats,6600,4400,5400,9900,8100,9900,8100,5400,5400,8100,8100,6600,4400
men clothing,6600,5400,5400,6600,8100,9900,9900,5400,5400,6600,6600,6600,5400
black jeans men,6600,5400,6600,8100,9900,9900,9900,6600,6600,6600,5400,4400,3600
black bomber jacket,6600,4400,6600,9900,9900,9900,8100,6600,6600,8100,6600,5400,3600
red maxi dress,6600,8100,6600,5400,6600,9900,6600,6600,6600,6600,8100,8100,8100
satin pants,6600,4400,5400,6600,8100,9900,12100,5400,5400,6600,6600,8100,5400
boss polo shirts,6600,9900,8100,6600,5400,9900,9900,4400,4400,5400,6600,8100,8100
mens casual jackets,6600,4400,5400,9900,8100,9900,8100,5400,5400,8100,8100,6600,4400
dark blue jeans,6600,4400,6600,9900,9900,9900,9900,8100,6600,6600,5400,4400,3600
satin trousers,6600,4400,5400,6600,8100,9900,12100,5400,5400,6600,6600,8100,5400
mens straight leg jeans,6600,4400,5400,8100,8100,9900,12100,6600,5400,6600,4400,4400,2900
pinafore dress women,6600,3600,5400,9900,12100,9900,8100,6600,4400,3600,2900,2400,1900
running gear for men,6600,5400,5400,6600,6600,9900,12100,9900,8100,8100,8100,6600,4400
running clothes men,6600,5400,5400,6600,6600,9900,12100,9900,8100,8100,8100,6600,4400
brown mini dress,6600,4400,4400,8100,9900,9900,8100,5400,5400,5400,4400,4400,4400
hera clothing,6600,4400,4400,5400,6600,9900,8100,8100,5400,5400,5400,5400,4400
donkey jacket,6600,4400,4400,8100,8100,9900,12100,8100,6600,5400,4400,5400,5400
burgundy leather jacket,5400,1600,4400,12100,12100,9900,6600,5400,4400,4400,2900,2400,1300
burgundy leather coat,5400,1600,4400,12100,12100,9900,6600,5400,4400,4400,2900,2400,1300
corduroy trousers men,5400,1900,2900,6600,8100,9900,9900,6600,4400,4400,2900,2400,1900
mens cord trousers,5400,1900,2900,6600,8100,9900,9900,6600,4400,4400,2900,2400,1900
brown coat men,5400,1900,2900,5400,9900,9900,9900,6600,5400,5400,4400,2900,1900
mens pants,5400,5400,5400,5400,6600,9900,9900,4400,4400,4400,4400,4400,4400
boss tracksuit,5400,2900,3600,5400,6600,9900,9900,4400,3600,4400,3600,3600,2400
work jacket,5400,2400,3600,8100,8100,9900,5400,6600,5400,5400,3600,2900,1900
red coat,5400,3600,3600,6600,8100,9900,8100,6600,4400,4400,3600,3600,2900
ski suits,5400,1900,2900,4400,6600,9900,12100,14800,8100,4400,1600,1300,1000
dress with feathers,5400,3600,3600,5400,6600,9900,9900,5400,4400,4400,3600,3600,3600
mens corduroy trousers,5400,1900,2900,6600,8100,9900,9900,6600,4400,4400,2900,2400,1900
mens designer tracksuits,5400,2900,3600,6600,8100,9900,9900,5400,5400,6600,4400,4400,2900
long sleeve going out tops,5400,1300,1900,5400,6600,9900,8100,8100,8100,6600,4400,2400,1600
rab waterproof jacket,5400,3600,4400,9900,6600,9900,6600,6600,5400,3600,2900,3600,3600
brown hoodies,5400,2400,5400,9900,9900,9900,8100,6600,5400,4400,3600,2900,2400
brown jacket men,5400,1900,2900,5400,9900,9900,9900,6600,5400,5400,4400,2900,1900
suede knee high boots,4400,1600,2900,8100,9900,9900,8100,4400,2900,2400,1600,1000,720
brown suede knee high boots,4400,720,2400,9900,12100,9900,8100,4400,2900,1900,1000,590,480
burgundy knee high boots,4400,880,2400,8100,9900,9900,8100,3600,1900,1300,590,390,320
leather knee boots,4400,1900,3600,8100,9900,9900,8100,5400,2900,1900,1600,1000,720
suede knee boots,4400,1600,2900,8100,9900,9900,8100,4400,2900,2400,1600,1000,720
suede high boots,4400,1600,2900,8100,9900,9900,8100,4400,2900,2400,1600,1000,720
brown suede knee boots,4400,720,2400,9900,12100,9900,8100,4400,2900,1900,1000,590,480
burgundy knee boots,4400,880,2400,8100,9900,9900,8100,3600,1900,1300,590,390,320
burgundy high boots,4400,880,2400,8100,9900,9900,8100,3600,1900,1300,590,390,320
boots leather knee high,4400,1900,3600,8100,9900,9900,8100,5400,2900,1900,1600,1000,720
black chelsea boots women,4400,1300,2400,6600,8100,9900,8100,6600,3600,1900,1600,1000,720
wool trench coat,4400,1300,2900,6600,8100,9900,8100,5400,2900,1900,1000,720,590
shoe boots for women,4400,1900,3600,8100,9900,9900,8100,5400,3600,2900,2400,1600,1300
flat black boots,4400,1300,2400,6600,8100,9900,8100,4400,2900,2400,1600,1300,1000
black heeled ankle boots,4400,1600,2900,5400,8100,9900,8100,6600,5400,3600,2400,1600,880
ladies black chelsea boots,4400,1300,2400,6600,8100,9900,8100,6600,3600,1900,1600,1000,720
wool jumpers womens,4400,1000,2400,6600,8100,9900,9900,6600,2900,1900,1300,880,590
ladies wool jumpers,4400,1000,2400,6600,8100,9900,9900,6600,2900,1900,1300,880,590
argyle sweater women's,4400,260,1300,8100,12100,9900,9900,8100,3600,1300,480,320,170
argyle jumper womens,4400,260,1300,8100,12100,9900,9900,8100,3600,1300,480,320,170
wool coat trench,4400,1300,2900,6600,8100,9900,8100,5400,2900,1900,1000,720,590
wool trench jacket,4400,1300,2900,6600,8100,9900,8100,5400,2900,1900,1000,720,590
brown chelsea boots,4400,1600,2900,6600,8100,9900,6600,4400,2900,2400,1900,1600,1600
mens black puffer jacket,4400,1300,2900,6600,6600,9900,8100,6600,3600,1900,1000,720,590
wool jacket mens,4400,1000,1900,5400,8100,9900,8100,5400,3600,2400,1600,1000,720
mens quilted coat,4400,1300,1900,5400,8100,9900,8100,5400,4400,4400,2900,1900,1000
mens quilted coats,4400,1300,1900,5400,8100,9900,8100,5400,4400,4400,2900,1900,1000
brown chelsea shoes,4400,1600,2900,6600,8100,9900,6600,4400,2900,2400,1900,1600,1600
jacket men wool,4400,1000,1900,5400,8100,9900,8100,5400,3600,2400,1600,1000,720
snowboard jacket,4400,1300,1900,3600,5400,9900,8100,12100,8100,2900,1000,880,720
mens quilted jacket,4400,1300,1900,5400,8100,9900,8100,5400,4400,4400,2900,1900,1000
sheepskin coat,4400,1600,2400,5400,6600,9900,8100,8100,3600,2400,1600,1300,1300
wool jacket,4400,2400,4400,6600,8100,9900,6600,5400,3600,3600,1900,1600,880
long wool coat women,4400,880,1900,5400,8100,9900,9900,9900,3600,2400,1000,590,390
black wool coat womens,4400,1000,1900,5400,8100,9900,9900,9900,4400,2900,1600,720,390
boss jacket,4400,1900,2400,5400,8100,9900,9900,5400,3600,3600,2400,1900,1300
boss sweatshirt,4400,1600,2400,4400,5400,9900,12100,4400,3600,3600,1900,1600,1000
party wear dresses for women,4400,4400,3600,4400,6600,9900,8100,3600,3600,3600,3600,3600,3600
fluffy jacket,4400,1000,1900,5400,6600,9900,9900,5400,3600,2400,1600,1000,720
manish malhotra,4400,2400,2400,2400,5400,9900,3600,3600,2400,8100,2900,4400,2400
black leather knee high boots,3600,1300,2400,6600,8100,9900,8100,4400,2900,1600,1000,720,720
womens black knee high boots,3600,1000,1900,5400,8100,9900,8100,4400,2900,1600,1000,590,590
black leather knee boots,3600,1300,2400,6600,8100,9900,8100,4400,2900,1600,1000,720,720
black boots women knee high,3600,1000,1900,5400,8100,9900,8100,4400,2900,1600,1000,590,590
brown knee high boots flat,3600,1000,2400,6600,9900,9900,8100,3600,2400,1900,1000,880,720
ladies black knee high boots,3600,1000,1900,5400,8100,9900,8100,4400,2900,1600,1000,590,590
black knee boots womens,3600,1000,1900,5400,8100,9900,8100,4400,2900,1600,1000,590,590
black leather high boots,3600,1300,2400,6600,8100,9900,8100,4400,2900,1600,1000,720,720
womens black knee boots,3600,1000,1900,5400,8100,9900,8100,4400,2900,1600,1000,590,590
womens black high boots,3600,1000,1900,5400,8100,9900,8100,4400,2900,1600,1000,590,590
leather black boots knee high,3600,1300,2400,6600,8100,9900,8100,4400,2900,1600,1000,720,720
knee high boots leather black,3600,1300,2400,6600,8100,9900,8100,4400,2900,1600,1000,720,720
black high boots women,3600,1000,1900,5400,8100,9900,8100,4400,2900,1600,1000,590,590
ladies black knee boots,3600,1000,1900,5400,8100,9900,8100,4400,2900,1600,1000,590,590
black high boots leather,3600,1300,2400,6600,8100,9900,8100,4400,2900,1600,1000,720,720
ladies black boots knee high,3600,1000,1900,5400,8100,9900,8100,4400,2900,1600,1000,590,590
cream ladies jumper,3600,590,1600,5400,8100,9900,9900,5400,2900,2400,1600,1000,480
cream jumper women,3600,590,1600,5400,8100,9900,9900,5400,2900,2400,1600,1000,480
northface puffer jacket men,3600,1300,1900,4400,5400,9900,6600,4400,2400,1600,880,720,480
brown leather pants,3600,590,1300,5400,8100,9900,8100,4400,3600,2400,1000,720,390
plus size coats,3600,880,1600,6600,8100,9900,5400,5400,2400,1600,1000,720,320
red sequin dress,3600,1600,1900,3600,6600,9900,9900,2400,1600,1300,1300,1300,1300
mens lounge pants,3600,1600,1600,2900,4400,9900,9900,2900,2400,1900,1900,1600,1600
snowsuit,3600,1000,1600,3600,4400,9900,6600,9900,1900,1000,720,720,590
stranger things hoodie,3600,390,480,880,2400,9900,18100,8100,2900,1900,1000,720,390
teddy coat womens,3600,480,1000,4400,6600,9900,8100,6600,1900,1300,590,320,170
pleather pants,3600,720,1300,4400,6600,9900,8100,3600,2900,1900,1300,720,480
rhinestone jeans,3600,1900,2400,2900,4400,9900,9900,3600,2900,2900,2900,2400,1900
brown leather skirt,3600,720,1300,5400,8100,9900,8100,3600,2900,1600,880,590,390
sparkly pants,3600,880,1000,1300,2900,9900,14800,1900,1300,1600,1300,1600,1900
brown leather trousers,3600,590,1300,5400,8100,9900,8100,4400,3600,2400,1000,720,390
mens hooded fleece,3600,880,1600,4400,6600,9900,8100,4400,2400,1900,1300,1000,590
black jumper dress,2900,320,880,3600,6600,9900,8100,5400,2900,1300,480,320,170
jumper black dress,2900,320,880,3600,6600,9900,8100,5400,2900,1300,480,320,170
long sleeve party dress,2900,1000,1300,2400,4400,9900,6600,2900,1900,1900,1300,1000,720
bow cardigan,2900,590,880,1600,3600,9900,18100,1900,1000,720,480,320,210
womens thermal tops,2900,390,720,3600,5400,9900,5400,8100,2400,1300,720,480,320
plus size christmas jumper,2400,210,320,720,2400,9900,12100,110,170,110,70,40,40
denim shorts,33100,60500,40500,14800,12100,8100,8100,14800,18100,27100,40500,74000,60500
met gala,33100,6600,6600,6600,8100,8100,6600,6600,6600,8100,14800,301000,6600
holiday dresses,27100,40500,33100,22200,12100,8100,8100,18100,22200,27100,33100,49500,40500
summer dress for women,27100,49500,27100,12100,8100,8100,9900,22200,22200,27100,40500,60500,60500
wedding guest outfit,22200,33100,27100,22200,12100,8100,5400,22200,22200,33100,33100,27100,22200
holiday clothes,22200,22200,22200,18100,9900,8100,8100,22200,22200,27100,33100,33100,27100
white mini dress,14800,22200,14800,12100,14800,8100,8100,12100,12100,18100,18100,22200,27100
rain jacket women,14800,18100,18100,33100,12100,8100,5400,6600,8100,9900,8100,12100,22200
vest tops women,14800,27100,22200,14800,9900,8100,8100,9900,9900,12100,18100,27100,27100
ladies vest tops,14800,27100,22200,14800,9900,8100,8100,9900,9900,12100,18100,27100,27100
claires accessories,14800,5400,12100,5400,6600,8100,5400,12100,22200,27100,40500,18100,12100
white maxi dress,12100,22200,14800,9900,8100,8100,6600,9900,9900,12100,14800,18100,18100
mens short sleeve shirts,12100,22200,18100,9900,6600,8100,8100,6600,6600,8100,9900,18100,22200
smocked dress,12100,18100,12100,9900,8100,8100,8100,8100,8100,9900,12100,14800,14800
baby swimwear,12100,12100,12100,12100,9900,8100,8100,14800,12100,9900,9900,12100,9900
midi dress for women,12100,14800,12100,9900,8100,8100,6600,8100,9900,12100,14800,18100,18100
vest tops,12100,22200,18100,12100,8100,8100,6600,8100,8100,12100,14800,22200,22200
womens t shirt,12100,18100,14800,12100,8100,8100,9900,8100,8100,14800,18100,22200,18100
suede jacket women,9900,4400,14800,22200,14800,8100,6600,8100,9900,14800,12100,6600,3600
black loafers women,9900,8100,9900,14800,12100,8100,6600,9900,8100,9900,8100,6600,6600
pink cardigan,9900,8100,9900,12100,12100,8100,6600,8100,9900,12100,9900,8100,4400
pink cardigan sweater,9900,8100,9900,12100,12100,8100,6600,8100,9900,12100,9900,8100,4400
ladies black loafers,9900,8100,9900,14800,12100,8100,6600,9900,8100,9900,8100,6600,6600
black slip on loafers women's,9900,8100,9900,14800,12100,8100,6600,9900,8100,9900,8100,6600,6600
womens black slip on loafers,9900,8100,9900,14800,12100,8100,6600,9900,8100,9900,8100,6600,6600
black female loafers,9900,8100,9900,14800,12100,8100,6600,9900,8100,9900,8100,6600,6600
jacket suede women's,9900,4400,14800,22200,14800,8100,6600,8100,9900,14800,12100,6600,3600
women jacket suede,9900,4400,14800,22200,14800,8100,6600,8100,9900,14800,12100,6600,3600
modest dresses,9900,12100,9900,8100,8100,8100,8100,8100,8100,12100,9900,12100,12100
black and white dress,9900,14800,12100,9900,8100,8100,6600,8100,6600,8100,9900,9900,9900
ladies trouser suits,9900,9900,9900,12100,9900,8100,5400,12100,12100,14800,14800,12100,8100
john galliano,9900,9900,8100,9900,9900,8100,6600,9900,8100,18100,8100,12100,6600
daphne guinness,9900,5400,5400,22200,22200,8100,12100,8100,8100,6600,4400,5400,4400
ladies cardigans,8100,4400,6600,9900,8100,8100,8100,6600,5400,8100,8100,8100,5400
ladies cardigan sweaters,8100,4400,6600,9900,8100,8100,8100,6600,5400,8100,8100,8100,5400
long sleeve dresses for weddings,8100,9900,9900,12100,9900,8100,6600,12100,8100,8100,8100,8100,6600
boyfriend jeans,8100,8100,9900,9900,9900,8100,8100,8100,8100,8100,8100,6600,4400
long sleeve shirts,8100,6600,6600,8100,8100,8100,6600,6600,6600,8100,8100,8100,8100
work clothes,8100,8100,8100,12100,9900,8100,5400,8100,8100,8100,6600,6600,6600
activewear,8100,8100,8100,8100,8100,8100,8100,9900,8100,9900,8100,8100,8100
birthday dresses for women,8100,8100,8100,8100,8100,8100,6600,9900,6600,8100,6600,6600,6600
baby girl dresses,8100,8100,8100,8100,8100,8100,8100,8100,9900,12100,8100,9900,6600
sportswear,8100,8100,8100,9900,8100,8100,8100,8100,6600,6600,6600,6600,6600
designer t shirts,8100,9900,8100,6600,6600,8100,8100,4400,5400,6600,6600,8100,8100
women's cocktail dresses,8100,6600,6600,8100,9900,8100,5400,6600,6600,8100,8100,8100,6600
brown maxi dress,8100,8100,8100,9900,9900,8100,5400,6600,6600,8100,8100,8100,8100
short skirt,8100,9900,9900,8100,8100,8100,8100,6600,6600,6600,6600,9900,8100
virgil abloh,8100,6600,6600,9900,12100,8100,6600,9900,8100,9900,8100,6600,6600
2000s fashion,8100,9900,8100,8100,8100,8100,6600,9900,8100,9900,8100,8100,8100
80s fashion women,8100,9900,8100,8100,8100,8100,6600,8100,6600,6600,6600,6600,5400
women's running clothes,8100,6600,6600,6600,6600,8100,9900,12100,8100,9900,9900,8100,5400
phoebe philo,8100,8100,6600,9900,9900,8100,8100,9900,8100,9900,8100,8100,9900
running outfit women,8100,6600,6600,6600,6600,8100,9900,12100,8100,9900,9900,8100,5400
blue and black dress,8100,9900,8100,6600,8100,8100,6600,8100,8100,9900,6600,6600,6600
smart casual outfits for ladies,8100,6600,6600,8100,8100,8100,5400,8100,8100,9900,8100,8100,8100
00s fashion,8100,9900,8100,8100,8100,8100,6600,9900,8100,9900,8100,8100,8100
2000s style,8100,9900,8100,8100,8100,8100,6600,9900,8100,9900,8100,8100,8100
2000 style,8100,9900,8100,8100,8100,8100,6600,9900,8100,9900,8100,8100,8100
style attic,8100,9900,8100,8100,8100,8100,6600,6600,8100,8100,9900,9900,8100
red leather jacket,6600,3600,5400,8100,14800,8100,5400,5400,5400,5400,5400,5400,3600
red leather coat,6600,3600,5400,8100,14800,8100,5400,5400,5400,5400,5400,5400,3600
red leather biker jacket,6600,3600,5400,8100,14800,8100,5400,5400,5400,5400,5400,5400,3600
leather faux,6600,6600,6600,8100,8100,8100,6600,6600,6600,6600,5400,5400,5400
mens casual dress shirts,6600,8100,8100,8100,6600,8100,8100,4400,4400,5400,5400,6600,5400
casual shirts mens,6600,8100,8100,8100,6600,8100,8100,4400,4400,5400,5400,6600,5400
leather red jacket,6600,3600,5400,8100,14800,8100,5400,5400,5400,5400,5400,5400,3600
black cargo pants,6600,6600,6600,8100,8100,8100,6600,5400,5400,6600,5400,5400,4400
dress shirts,6600,6600,6600,6600,6600,8100,6600,6600,5400,6600,5400,6600,6600
gym clothes men,6600,5400,5400,6600,6600,8100,8100,8100,6600,6600,5400,5400,5400
white sequin dress,6600,6600,6600,5400,5400,8100,6600,6600,6600,8100,8100,8100,6600
psg tracksuit,6600,8100,6600,6600,8100,8100,8100,4400,4400,5400,4400,5400,3600
cute tops,6600,6600,5400,5400,5400,8100,6600,6600,6600,8100,8100,8100,6600
flare jeans women,6600,5400,6600,9900,9900,8100,9900,8100,6600,8100,6600,4400,3600
baggy jeans women,6600,6600,8100,8100,8100,8100,8100,6600,5400,8100,6600,5400,4400
mens casual shirts,6600,8100,8100,8100,6600,8100,8100,4400,4400,5400,5400,6600,5400
baby girl outfits,6600,5400,5400,6600,6600,8100,8100,6600,6600,6600,6600,5400,5400
embroidered jeans,6600,4400,5400,5400,5400,8100,8100,6600,6600,8100,6600,5400,4400
black cargo trousers,6600,6600,6600,8100,8100,8100,6600,5400,5400,6600,5400,5400,4400
baby coat,6600,3600,6600,14800,9900,8100,6600,5400,4400,4400,3600,2900,2400
singlet,6600,8100,8100,6600,6600,8100,6600,6600,6600,6600,6600,8100,8100
mens shirts sale,6600,9900,8100,8100,6600,8100,9900,6600,5400,5400,5400,6600,6600
mens harrington jacket,6600,4400,5400,6600,6600,8100,8100,5400,6600,9900,9900,6600,4400
religion clothing,6600,6600,6600,6600,6600,8100,6600,6600,6600,6600,6600,6600,6600
mens casual trousers,6600,5400,6600,8100,8100,8100,6600,5400,5400,6600,6600,5400,4400
joe brown clothing,6600,5400,4400,5400,6600,8100,6600,5400,5400,6600,6600,6600,5400
brown leather jacket womens,5400,2400,5400,8100,9900,8100,6600,5400,5400,6600,5400,3600,2400
ladies brown leather jacket,5400,2400,5400,8100,9900,8100,6600,5400,5400,6600,5400,3600,2400
brown leather coat womens,5400,2400,5400,8100,9900,8100,6600,5400,5400,6600,5400,3600,2400
brown leather jacket female,5400,2400,5400,8100,9900,8100,6600,5400,5400,6600,5400,3600,2400
womens brown biker jacket,5400,2400,5400,8100,9900,8100,6600,5400,5400,6600,5400,3600,2400
cashmere cardigan,5400,2900,5400,8100,8100,8100,8100,4400,2900,3600,2900,2900,2400
chunky loafers,5400,4400,6600,9900,8100,8100,5400,6600,5400,5400,4400,3600,2400
grey cardigan,5400,3600,6600,9900,8100,8100,5400,5400,4400,5400,4400,3600,2400
knit cardigan,5400,3600,6600,9900,8100,8100,6600,5400,4400,4400,3600,3600,2400
gray cardigan,5400,3600,6600,9900,8100,8100,5400,5400,4400,5400,4400,3600,2400
brown wide leg pants,5400,2400,5400,12100,12100,8100,5400,5400,5400,5400,4400,3600,2900
cashmere cardigan sweater,5400,2900,5400,8100,8100,8100,8100,4400,2900,3600,2900,2900,2400
brown wide leg trousers,5400,2400,5400,12100,12100,8100,5400,5400,5400,5400,4400,3600,2900
grey cardigan sweater,5400,3600,6600,9900,8100,8100,5400,5400,4400,5400,4400,3600,2400
loafers chunky,5400,4400,6600,9900,8100,8100,5400,6600,5400,5400,4400,3600,2400
knit cardigan sweater,5400,3600,6600,9900,8100,8100,6600,5400,4400,4400,3600,3600,2400
wide leg trousers brown,5400,2400,5400,12100,12100,8100,5400,5400,5400,5400,4400,3600,2900
brown trousers wide leg,5400,2400,5400,12100,12100,8100,5400,5400,5400,5400,4400,3600,2900
brown pants wide leg,5400,2400,5400,12100,12100,8100,5400,5400,5400,5400,4400,3600,2900
mens tweed coat,5400,1900,2900,8100,8100,8100,8100,5400,4400,5400,2900,2400,1600
leather jacket brown womens,5400,2400,5400,8100,9900,8100,6600,5400,5400,6600,5400,3600,2400
track pants,5400,4400,5400,6600,6600,8100,6600,5400,5400,5400,5400,5400,4400
corduroy jacket,5400,2900,4400,8100,9900,8100,6600,5400,4400,5400,4400,3600,2400
mens jeans sale,5400,2900,3600,4400,5400,8100,12100,6600,4400,4400,3600,2900,2400
black flare jeans,5400,2900,4400,6600,8100,8100,8100,6600,5400,5400,3600,2900,2400
1920s dress,5400,4400,5400,6600,8100,8100,5400,6600,4400,4400,3600,3600,2900
low rise baggy jeans,5400,4400,6600,6600,5400,8100,8100,5400,4400,5400,4400,3600,2900
black leggings for women,5400,3600,4400,8100,8100,8100,8100,6600,5400,5400,4400,3600,2900
kids designer clothes,5400,4400,4400,6600,5400,8100,8100,4400,5400,6600,4400,4400,3600
kids jackets,5400,2900,5400,9900,6600,8100,6600,5400,3600,4400,3600,2900,2400
varsity jacket mens,5400,3600,4400,6600,6600,8100,8100,6600,5400,5400,4400,3600,2400
mens tuxedos,5400,4400,4400,5400,5400,8100,4400,5400,4400,4400,4400,4400,4400
dinner jacket,5400,4400,4400,6600,6600,8100,6600,4400,3600,4400,5400,4400,4400
designer clothes,5400,6600,5400,5400,6600,8100,6600,5400,4400,5400,4400,5400,4400
smoking jacket,5400,4400,4400,5400,6600,8100,9900,6600,5400,5400,4400,4400,4400
black wide leg jeans,5400,2400,4400,8100,8100,8100,8100,6600,5400,4400,3600,2400,1600
designer hoodies,5400,2900,3600,6600,6600,8100,8100,4400,4400,4400,3600,2900,1900
tracksuit set,5400,2900,4400,6600,6600,8100,8100,5400,4400,5400,3600,3600,2400
men's clothing brands,5400,4400,4400,5400,5400,8100,8100,4400,4400,4400,4400,4400,3600
pink tracksuit,5400,3600,4400,5400,6600,8100,6600,6600,6600,6600,5400,4400,2900
mens tweed jacket,5400,1900,2900,8100,8100,8100,8100,5400,4400,5400,2900,2400,1600
mens dinner jacket,5400,3600,4400,6600,8100,8100,5400,5400,4400,4400,4400,4400,3600
mens designer sale,5400,4400,4400,4400,5400,8100,9900,5400,4400,4400,3600,4400,4400
black going out top,5400,3600,4400,5400,6600,8100,8100,6600,6600,6600,5400,4400,3600
short skirts for women,5400,5400,4400,5400,6600,8100,8100,5400,4400,4400,4400,5400,4400
ball gown dress,5400,4400,5400,6600,8100,8100,4400,6600,5400,5400,5400,4400,4400
childrens designer clothes,5400,4400,4400,6600,5400,8100,8100,4400,5400,6600,4400,4400,3600
louis vuitton jacket,5400,3600,4400,5400,6600,8100,6600,6600,4400,4400,3600,2900,2400
castore clothing,5400,4400,4400,4400,4400,8100,8100,4400,4400,4400,4400,6600,5400
lv jacket,5400,3600,4400,5400,6600,8100,6600,6600,4400,4400,3600,2900,2400
leather trench coat,4400,1900,3600,8100,9900,8100,6600,5400,4400,3600,2400,1900,1300
leather trench jacket,4400,1900,3600,8100,9900,8100,6600,5400,4400,3600,2400,1900,1300
black satin skirt,4400,5400,4400,5400,5400,8100,8100,3600,2900,3600,3600,3600,3600
wrap cardigan,4400,1900,4400,6600,8100,8100,5400,5400,4400,4400,2900,1900,1600
black skirt satin,4400,5400,4400,5400,5400,8100,8100,3600,2900,3600,3600,3600,3600
leather coat trench,4400,1900,3600,8100,9900,8100,6600,5400,4400,3600,2400,1900,1300
mens black chelsea boots,4400,2400,2900,4400,5400,8100,8100,5400,4400,3600,2900,2400,1900
black trench coat mens,4400,1900,2400,4400,6600,8100,6600,5400,4400,3600,2900,1900,1600
chelsea mens boots black,4400,2400,2900,4400,5400,8100,8100,5400,4400,3600,2900,2400,1900
mens black boots chelsea,4400,2400,2900,4400,5400,8100,8100,5400,4400,3600,2900,2400,1900
black trench coat male,4400,1900,2400,4400,6600,8100,6600,5400,4400,3600,2900,1900,1600
chelsea boots black for men,4400,2400,2900,4400,5400,8100,8100,5400,4400,3600,2900,2400,1900
boys jeans,4400,2900,2900,5400,6600,8100,9900,4400,4400,5400,3600,2900,1900
gold sequin dress,4400,3600,3600,4400,6600,8100,6600,3600,2900,2900,2900,2900,3600
teddy jacket,4400,880,2400,12100,12100,8100,6600,4400,2400,2400,1600,880,480
mens ski pants,4400,1000,1600,2900,4400,8100,8100,12100,8100,4400,1000,880,590
parka jacket women,4400,1600,2900,8100,8100,8100,5400,5400,2900,2900,1900,1600,1000
hoodrich hoodie,4400,3600,4400,5400,6600,8100,8100,4400,3600,3600,2900,2900,2400
mens designer jeans,4400,3600,3600,5400,6600,8100,8100,4400,4400,5400,3600,3600,2400
jack wolfskin jacket,4400,1900,2900,5400,6600,8100,6600,6600,4400,3600,2400,1900,1900
polo sweatshirt,4400,2900,3600,5400,6600,8100,8100,4400,3600,3600,2900,2900,2400
rab microlight alpine jacket,4400,1300,2400,4400,6600,8100,6600,8100,5400,4400,2900,2400,2400
padded jacket,4400,1600,2400,6600,8100,8100,5400,5400,4400,4400,3600,2400,1300
black baggy jeans,4400,3600,4400,5400,5400,8100,6600,4400,3600,4400,2900,2900,2400
1920s mens fashion,4400,3600,3600,5400,6600,8100,8100,6600,4400,4400,3600,2900,2900
coat sale,4400,1900,2900,4400,5400,8100,12100,9900,4400,2900,1900,1300,1000
mens hybrid jacket,4400,1000,2400,6600,6600,8100,6600,4400,2900,3600,2400,1900,1000
hooded coat,4400,1300,2900,9900,8100,8100,5400,4400,3600,1900,1300,1300,1000
mens ski wear,4400,1300,1900,4400,5400,8100,9900,12100,8100,3600,1300,880,880
chunky boots women,3600,1300,2400,5400,8100,8100,6600,4400,2900,1600,1000,880,880
knee boots,3600,1600,2900,6600,8100,8100,6600,3600,2400,1900,1300,1000,1000
wide fit knee high boots,3600,1000,2400,6600,6600,8100,6600,3600,2400,1600,1000,720,480
black knee high boots with heel,3600,1300,1900,4400,6600,8100,6600,3600,2900,1900,1000,880,590
ladies chunky boots,3600,1300,2400,5400,8100,8100,6600,4400,2900,1600,1000,880,880
wide fit knee boots,3600,1000,2400,6600,6600,8100,6600,3600,2400,1600,1000,720,480
black heeled knee boots,3600,1300,1900,4400,6600,8100,6600,3600,2900,1900,1000,880,590
black high heel boots knee high,3600,1300,1900,4400,6600,8100,6600,3600,2900,1900,1000,880,590
chunky boots ladies,3600,1300,2400,5400,8100,8100,6600,4400,2900,1600,1000,880,880
boots for women chunky,3600,1300,2400,5400,8100,8100,6600,4400,2900,1600,1000,880,880
boots women chunky,3600,1300,2400,5400,8100,8100,6600,4400,2900,1600,1000,880,880
chunky boots for ladies,3600,1300,2400,5400,8100,8100,6600,4400,2900,1600,1000,880,880
ladies boots chunky,3600,1300,2400,5400,8100,8100,6600,4400,2900,1600,1000,880,880
brown chelsea boots women,3600,1000,2400,6600,8100,8100,6600,4400,2400,1600,880,720,480
leather ankle boots for women,3600,1000,2400,6600,8100,8100,6600,4400,2400,1900,1000,880,590
brown suede ankle boots,3600,590,1600,6600,8100,8100,5400,3600,2400,1900,880,480,320
black knitted jumper,3600,1600,3600,5400,6600,8100,6600,4400,3600,2400,1600,1300,880
ladies leather ankle boots,3600,1000,2400,6600,8100,8100,6600,4400,2400,1900,1000,880,590
brown suede boots ankle,3600,590,1600,6600,8100,8100,5400,3600,2400,1900,880,480,320
ankle boots leather women's,3600,1000,2400,6600,8100,8100,6600,4400,2400,1900,1000,880,590
knitted black sweater,3600,1600,3600,5400,6600,8100,6600,4400,3600,2400,1600,1300,880
mens long waterproof coat,3600,1000,1600,6600,5400,8100,6600,4400,3600,1600,880,880,880
mens long coat waterproof,3600,1000,1600,6600,5400,8100,6600,4400,3600,1600,880,880,880
montbell jackets,3600,1000,1900,4400,6600,8100,5400,5400,3600,2400,1900,1600,1900
shearling coat,3600,880,1900,4400,6600,8100,6600,6600,2400,1600,880,720,590
turtleneck sweater,3600,1600,2400,5400,6600,8100,6600,4400,2900,2400,1600,1300,880
long gilet womens,3600,880,1900,6600,8100,8100,5400,3600,2400,2900,1900,1000,480
cream coat,3600,880,1900,4400,6600,8100,6600,5400,2900,2400,1600,720,480
mens coats and jackets,3600,1300,1900,5400,6600,8100,8100,4400,2900,2900,1900,1300,880
long waterproof coat,3600,1300,2400,9900,6600,8100,4400,5400,3600,1300,720,880,1300
grey coat,3600,1300,2400,5400,6600,8100,6600,5400,3600,2400,1900,1300,1000
red coat women,3600,1000,1600,3600,5400,8100,8100,4400,2400,1900,1300,880,390
designer coats,3600,1600,2900,6600,6600,8100,5400,4400,2400,1900,1300,1000,880
party outfits for women,3600,1600,1900,2900,4400,8100,5400,3600,2400,2400,2400,1900,1900
mens quarter zip fleece,3600,880,1300,3600,4400,8100,8100,4400,2900,2400,1600,1000,720
fleece gilet mens,3600,1300,2400,5400,6600,8100,8100,4400,2900,2900,2400,1900,1300
mens 1 4 zip sweater,3600,1000,1900,4400,5400,8100,8100,3600,2900,2400,1600,1300,880
mens 1 4 zip jumper,3600,1000,1900,4400,5400,8100,8100,3600,2900,2400,1600,1300,880
northface fleece jacket,3600,1000,1600,4400,5400,8100,6600,4400,2400,2400,1600,1000,720
mens 1 4 zip pullover sweater,3600,1000,1900,4400,5400,8100,8100,3600,2900,2400,1600,1300,880
1 4 zip mens pullovers,3600,1000,1900,4400,5400,8100,8100,3600,2900,2400,1600,1300,880
long black boots,2900,1000,1900,4400,6600,8100,6600,3600,2400,1300,880,720,590
chunky knee high boots,2900,1000,1900,5400,6600,8100,6600,3600,1900,1300,880,720,590
chunky knee boots,2900,1000,1900,5400,6600,8100,6600,3600,1900,1300,880,720,590
chunky high boots,2900,1000,1900,5400,6600,8100,6600,3600,1900,1300,880,720,590
chunky boots knee high,2900,1000,1900,5400,6600,8100,6600,3600,1900,1300,880,720,590
chunky high knee boots,2900,1000,1900,5400,6600,8100,6600,3600,1900,1300,880,720,590
high knee chunky boots,2900,1000,1900,5400,6600,8100,6600,3600,1900,1300,880,720,590
knee boots chunky,2900,1000,1900,5400,6600,8100,6600,3600,1900,1300,880,720,590
high boots chunky,2900,1000,1900,5400,6600,8100,6600,3600,1900,1300,880,720,590
leather boots women,2900,480,880,2900,5400,8100,5400,3600,1900,1300,880,720,590
doc marten chelsea boots womens,2900,880,1600,3600,5400,8100,8100,4400,2400,1600,880,590,480
dr marten chelsea boots women's,2900,880,1600,3600,5400,8100,8100,4400,2400,1600,880,590,480
best winter coats for men,2900,1000,1900,5400,6600,8100,4400,4400,1600,880,480,480,320
mens long puffer coat,2900,480,880,2900,4400,8100,6600,5400,2400,1000,590,390,260
mens waterproof winter coat,2900,720,1300,5400,5400,8100,4400,2900,1900,1000,590,590,320
best winter coats for guys,2900,1000,1900,5400,6600,8100,4400,4400,1600,880,480,480,320
mens puffer long coat,2900,480,880,2900,4400,8100,6600,5400,2400,1000,590,390,260
long jacket puffer,2900,590,1600,4400,5400,8100,4400,5400,1900,1000,590,390,260
fair isle sweater,2900,1000,2400,4400,4400,8100,6600,2900,1300,1000,880,720,720
long puffer jacket,2900,590,1600,4400,5400,8100,4400,5400,1900,1000,590,390,260
teddy bear coat,2900,590,1300,4400,5400,8100,5400,4400,1900,1300,590,480,260
maternity coat,2900,1000,2400,8100,6600,8100,3600,2400,1000,720,480,480,480
boys puffer jacket,2900,1000,2400,5400,5400,8100,5400,3600,1900,1600,880,720,480
girls puffer jacket,2900,1000,2900,5400,5400,8100,4400,3600,1900,1600,1000,880,720
best winter jackets for men,2900,1000,1900,5400,6600,8100,4400,4400,1600,880,480,480,320
longline puffer coat,2900,390,1000,2900,4400,8100,5400,6600,1900,880,390,260,170
velvet jacket women,2900,720,1300,3600,6600,8100,8100,2900,1900,1900,1300,1000,590
long jacket men,2900,1000,1600,3600,5400,8100,5400,4400,2900,1900,1300,1000,720
party clothes for women,2900,1300,1300,2400,3600,8100,5400,2400,1900,1900,1600,1600,1300
mens sherpa fleece,2900,590,1000,3600,5400,8100,6600,4400,2400,1600,880,720,390
mens fleece half zip,2900,880,1600,3600,5400,8100,6600,2900,1900,1600,1300,1000,590
mens fleece sherpa,2900,590,1000,3600,5400,8100,6600,4400,2400,1600,880,720,390
sherpa fleece for men,2900,590,1000,3600,5400,8100,6600,4400,2400,1600,880,720,390
long sleeve sequin dress,2400,1000,1300,1900,3600,8100,8100,1600,1300,1300,1300,1000,720
long sleeve glitter dress,2400,1000,1300,1900,3600,8100,8100,1600,1300,1300,1300,1000,720
red party dress,2400,1600,1600,2400,4400,8100,5400,2400,1900,1600,1300,1300,1300
christmas clothes,2400,590,1000,2400,3600,8100,9900,480,320,480,480,390,320
winter outfits men,2400,590,1600,4400,5400,8100,5400,2400,880,390,260,210,210
xmas clothes,2400,590,1000,2400,3600,8100,9900,480,320,480,480,390,320
velvet tops for women,1900,260,480,1000,2900,8100,8100,1300,880,480,390,260,140
winter formal dresses,1600,480,720,2400,3600,8100,2400,1300,480,260,170,210,390
festival outfits,40500,110000,74000,14800,5400,6600,8100,12100,12100,22200,40500,74000,74000
yellow dress,22200,49500,27100,14800,14800,6600,6600,12100,14800,27100,33100,40500,40500
cargo shorts,18100,40500,27100,12100,8100,6600,5400,6600,8100,14800,22200,40500,40500
linen shirt,18100,40500,22200,12100,8100,6600,6600,9900,9900,14800,22200,40500,49500
plus size wedding guest dresses,18100,27100,22200,18100,9900,6600,4400,12100,14800,18100,22200,27100,22200
summer clothes,18100,18100,8100,6600,6600,6600,8100,18100,18100,27100,27100,40500,27100
holiday clothes women,18100,18100,18100,14800,9900,6600,8100,22200,22200,22200,27100,27100,22200
airport outfits,18100,33100,33100,22200,12100,6600,5400,8100,8100,12100,18100,27100,33100
plus size wedding guest outfits,18100,27100,22200,18100,9900,6600,4400,12100,14800,18100,22200,27100,22200
holiday wear for women,18100,18100,18100,14800,9900,6600,8100,22200,22200,22200,27100,27100,22200
ladies holiday clothes,18100,18100,18100,14800,9900,6600,8100,22200,22200,22200,27100,27100,22200
running shorts women,14800,22200,18100,12100,8100,6600,8100,9900,12100,22200,27100,27100,22200
denim dress for women,14800,18100,18100,14800,9900,6600,4400,9900,14800,18100,18100,18100,18100
womens swimsuits,12100,14800,14800,12100,8100,6600,6600,12100,12100,12100,12100,14800,14800
sage green dress,12100,14800,12100,9900,6600,6600,4400,12100,9900,12100,14800,14800,14800
maternity swimwear,12100,14800,12100,9900,8100,6600,6600,14800,14800,14800,14800,18100,12100
halter top,12100,14800,12100,8100,8100,6600,8100,12100,9900,12100,12100,14800,14800
pink dress for women,12100,18100,12100,9900,8100,6600,5400,9900,9900,14800,14800,18100,14800
baby shower dresses,9900,12100,12100,9900,9900,6600,4400,12100,9900,12100,12100,9900,9900
womens workwear,9900,9900,12100,12100,9900,6600,5400,12100,9900,9900,9900,8100,8100
baby tee,9900,9900,9900,6600,5400,6600,6600,6600,8100,9900,12100,12100,12100
cowboy outfit,9900,12100,9900,9900,18100,6600,4400,6600,5400,6600,8100,8100,9900
office wear for ladies,9900,9900,12100,12100,9900,6600,5400,12100,9900,9900,9900,8100,8100
silk dress,8100,12100,8100,8100,6600,6600,6600,8100,8100,9900,8100,9900,9900
navy blue dress,8100,9900,8100,8100,6600,6600,5400,6600,6600,8100,8100,8100,9900
babydoll dress,8100,9900,8100,5400,6600,6600,6600,6600,6600,8100,9900,18100,12100
long skirts,8100,12100,9900,8100,8100,6600,6600,8100,6600,8100,9900,12100,9900
red prom dress,8100,8100,4400,6600,6600,6600,4400,9900,8100,9900,8100,8100,9900
70s outfits,8100,8100,8100,8100,8100,6600,5400,9900,8100,8100,8100,6600,6600
birthday outfits,8100,6600,6600,8100,8100,6600,5400,9900,8100,8100,8100,6600,6600
backless top,8100,8100,8100,6600,5400,6600,8100,8100,8100,8100,8100,8100,8100
hot pants,8100,12100,9900,6600,8100,6600,8100,6600,6600,8100,8100,9900,14800
jeans and a nice top,8100,4400,5400,8100,6600,6600,6600,8100,9900,9900,9900,6600,4400
70 outfits,8100,8100,8100,8100,8100,6600,5400,9900,8100,8100,8100,6600,6600
1970s outfit,8100,8100,8100,8100,8100,6600,5400,9900,8100,8100,8100,6600,6600
parachute pants,6600,6600,6600,6600,6600,6600,5400,6600,5400,8100,8100,8100,6600
skims dress,6600,9900,8100,6600,6600,6600,6600,8100,6600,6600,6600,6600,6600
high waisted jeans,6600,5400,6600,8100,8100,6600,6600,8100,6600,8100,8100,5400,4400
jeggings,6600,6600,6600,8100,8100,6600,6600,6600,5400,14800,6600,5400,4400
chino pants,6600,8100,8100,8100,6600,6600,5400,5400,5400,5400,6600,6600,6600
rain coat women,6600,6600,8100,22200,8100,6600,3600,3600,4400,3600,2900,4400,8100
tunic tops,6600,6600,6600,8100,6600,6600,4400,5400,5400,6600,6600,6600,5400
gym shorts men,6600,9900,8100,6600,5400,6600,6600,5400,5400,6600,6600,8100,8100
ladies tops,6600,8100,8100,6600,5400,6600,6600,5400,6600,8100,9900,9900,6600
newborn baby clothes,6600,6600,6600,6600,6600,6600,6600,6600,5400,5400,5400,5400,5400
elegant dresses,6600,8100,6600,6600,6600,6600,5400,6600,6600,8100,6600,8100,6600
childrens clothes,6600,14800,6600,6600,6600,6600,6600,3600,3600,5400,3600,3600,2900
designer baby clothes,6600,6600,6600,6600,6600,6600,6600,6600,5400,6600,5400,5400,4400
formal dresses for women,6600,6600,5400,6600,6600,6600,4400,5400,6600,6600,6600,6600,6600
70s fashion,6600,8100,6600,8100,6600,6600,5400,8100,6600,6600,6600,6600,5400
petite jeans for women,6600,3600,5400,8100,8100,6600,6600,6600,6600,8100,6600,4400,2900
fashion eyewear,6600,6600,6600,5400,5400,6600,5400,6600,5400,6600,6600,6600,6600
green dress for women,6600,9900,6600,6600,6600,6600,6600,5400,6600,8100,6600,8100,8100
dorothy perkins dresses,6600,9900,6600,5400,4400,6600,4400,4400,5400,5400,6600,12100,9900
cowl neck top,6600,6600,6600,6600,6600,6600,6600,5400,5400,5400,6600,6600,6600
chino trousers,6600,8100,8100,8100,6600,6600,5400,5400,5400,5400,6600,6600,6600
mens t shirt sale,6600,9900,8100,5400,4400,6600,8100,4400,4400,5400,6600,8100,8100
plaid shirts,6600,6600,6600,8100,8100,6600,5400,5400,4400,5400,5400,5400,5400
black leather jacket women,5400,2400,3600,6600,8100,6600,6600,5400,5400,6600,5400,3600,2400
leather bomber jacket women,5400,1900,4400,6600,8100,6600,6600,5400,5400,5400,4400,2900,1900
chunky cardigan sweater,5400,2400,6600,9900,8100,6600,4400,8100,4400,3600,3600,2900,1300
ladies black leather jacket,5400,2400,3600,6600,8100,6600,6600,5400,5400,6600,5400,3600,2400
black leather coat womens,5400,2400,3600,6600,8100,6600,6600,5400,5400,6600,5400,3600,2400
ladies leather bomber jacket,5400,1900,4400,6600,8100,6600,6600,5400,5400,5400,4400,2900,1900
bomber womens leather jackets,5400,1900,4400,6600,8100,6600,6600,5400,5400,5400,4400,2900,1900
bulky cardigan sweaters,5400,2400,6600,9900,8100,6600,4400,8100,4400,3600,3600,2900,1300
female black leather jacket,5400,2400,3600,6600,8100,6600,6600,5400,5400,6600,5400,3600,2400
black jacket women leather,5400,2400,3600,6600,8100,6600,6600,5400,5400,6600,5400,3600,2400
petite trench coat,5400,1900,4400,12100,8100,6600,4400,3600,4400,6600,4400,2400,1600
longline cardigan,5400,2400,4400,9900,8100,6600,6600,5400,3600,5400,5400,4400,2400
chunky cardigans,5400,2400,6600,9900,8100,6600,4400,8100,4400,3600,3600,2900,1300
petite trench,5400,1900,4400,12100,8100,6600,4400,3600,4400,6600,4400,2400,1600
petite mac coat,5400,1900,4400,12100,8100,6600,4400,3600,4400,6600,4400,2400,1600
ben sherman dress shirts,5400,6600,6600,5400,5400,6600,6600,4400,4400,5400,5400,5400,5400
trench coat petite size,5400,1900,4400,12100,8100,6600,4400,3600,4400,6600,4400,2400,1600
petite size trench coat,5400,1900,4400,12100,8100,6600,4400,3600,4400,6600,4400,2400,1600
petite trench jacket,5400,1900,4400,12100,8100,6600,4400,3600,4400,6600,4400,2400,1600
trench petite coat,5400,1900,4400,12100,8100,6600,4400,3600,4400,6600,4400,2400,1600
biker jacket,5400,4400,5400,6600,6600,6600,5400,5400,5400,6600,5400,4400,2900
ladies black leather jackets,5400,2400,3600,6600,8100,6600,6600,5400,5400,6600,5400,3600,2400
work pants,5400,5400,6600,9900,6600,6600,4400,5400,5400,5400,5400,4400,4400
anine bing sweatshirt,5400,3600,4400,6600,6600,6600,8100,6600,4400,3600,3600,2900,1900
sweater vest,5400,3600,5400,6600,8100,6600,6600,6600,4400,5400,3600,2900,2400
mesh dress,5400,6600,6600,6600,6600,6600,6600,5400,5400,5400,5400,5400,4400
girls leggings,5400,3600,5400,8100,6600,6600,5400,5400,4400,5400,5400,4400,3600
hiking pants men,5400,3600,4400,5400,6600,6600,5400,8100,6600,6600,5400,5400,3600
mens denim jacket,5400,4400,5400,6600,6600,6600,5400,4400,4400,6600,6600,5400,4400
boys clothes sale,5400,5400,5400,5400,5400,6600,9900,6600,5400,6600,5400,4400,3600
bdg jeans,5400,4400,5400,5400,6600,6600,6600,5400,4400,5400,5400,4400,3600
racer jacket,5400,5400,4400,5400,6600,6600,5400,5400,5400,6600,5400,4400,3600
gold dresses for women,5400,4400,4400,5400,6600,6600,6600,5400,4400,4400,4400,4400,4400
avirex jacket,5400,3600,4400,6600,6600,6600,8100,6600,6600,5400,4400,3600,3600
sports jacket,5400,4400,4400,6600,6600,6600,5400,4400,4400,5400,5400,4400,3600
petite wide leg jeans,5400,3600,5400,9900,8100,6600,5400,5400,4400,5400,4400,2900,1900
ladies clothes,5400,5400,5400,6600,5400,6600,6600,5400,5400,6600,6600,5400,4400
jean jacket men,5400,4400,5400,6600,6600,6600,5400,4400,4400,6600,6600,5400,4400
pleated trousers,5400,5400,5400,6600,5400,6600,5400,5400,5400,6600,5400,6600,6600
night out outfits,5400,5400,4400,6600,6600,6600,4400,6600,6600,8100,6600,5400,4400
black shirts for men,5400,5400,5400,6600,6600,6600,6600,4400,4400,5400,4400,5400,5400
sergio tacchini track top,5400,4400,4400,5400,5400,6600,6600,4400,4400,5400,6600,5400,4400
workwear pants,5400,5400,6600,9900,6600,6600,4400,5400,5400,5400,5400,4400,4400
jacket avirex,5400,3600,4400,6600,6600,6600,8100,6600,6600,5400,4400,3600,3600
oversized leather jacket,4400,1900,3600,6600,6600,6600,4400,4400,4400,5400,3600,2400,1600
all saints leather jacket,4400,2900,3600,5400,6600,6600,5400,4400,3600,4400,3600,2900,1900
all saints biker jacket,4400,2900,3600,5400,6600,6600,5400,4400,3600,4400,3600,2900,1900
oversized leather coat,4400,1900,3600,6600,6600,6600,4400,4400,4400,5400,3600,2400,1600
biker jacket oversized,4400,1900,3600,6600,6600,6600,4400,4400,4400,5400,3600,2400,1600
all saints leather coat,4400,2900,3600,5400,6600,6600,5400,4400,3600,4400,3600,2900,1900
leather jacket allsaints,4400,2900,3600,5400,6600,6600,5400,4400,3600,4400,3600,2900,1900
all saints biker leather jacket,4400,2900,3600,5400,6600,6600,5400,4400,3600,4400,3600,2900,1900
oversized jacket leather,4400,1900,3600,6600,6600,6600,4400,4400,4400,5400,3600,2400,1600
women's chunky cardigan sweater,4400,1600,4400,8100,6600,6600,5400,8100,4400,3600,3600,2900,1300
chunky cardigan womens,4400,1600,4400,8100,6600,6600,5400,8100,4400,3600,3600,2900,1300
brown satin skirt,4400,2400,3600,6600,8100,6600,6600,2900,2400,2400,1900,2400,2400
flared black trousers,4400,3600,5400,6600,5400,6600,5400,5400,4400,4400,3600,2900,2400
ladies chunky cardigan,4400,1600,4400,8100,6600,6600,5400,8100,4400,3600,3600,2900,1300
satin brown skirt,4400,2400,3600,6600,8100,6600,6600,2900,2400,2400,1900,2400,2400
satin skirt brown,4400,2400,3600,6600,8100,6600,6600,2900,2400,2400,1900,2400,2400
brown skirt satin,4400,2400,3600,6600,8100,6600,6600,2900,2400,2400,1900,2400,2400
craghopper coat,4400,2400,2400,5400,6600,6600,5400,5400,4400,3600,2900,2900,2400
mens leather dress coat,4400,1900,2400,4400,6600,6600,6600,5400,4400,4400,3600,2900,1900
pants with cords,4400,2400,3600,5400,6600,6600,6600,4400,3600,3600,2900,2400,1900
corduroy pants,4400,2400,3600,5400,6600,6600,6600,4400,3600,3600,2900,2400,1900
black formal dresses,4400,4400,4400,6600,6600,6600,3600,5400,4400,4400,4400,4400,3600
maternity pajamas,4400,4400,5400,5400,5400,6600,6600,4400,3600,3600,3600,3600,2900
cute clothes,4400,2900,2900,3600,4400,6600,5400,4400,3600,4400,3600,3600,3600
low rise flare jeans,4400,3600,5400,5400,5400,6600,6600,4400,3600,4400,3600,2900,2400
black and gold dress,4400,4400,4400,5400,5400,6600,5400,5400,4400,4400,3600,3600,2900
mens suede jacket,4400,1900,3600,5400,6600,6600,6600,5400,4400,5400,4400,3600,2400
princess dresses for girls,4400,3600,3600,4400,5400,6600,5400,3600,4400,4400,2900,2900,3600
mens gym wear,4400,2900,2900,3600,3600,6600,6600,5400,4400,3600,2900,2900,2900
ski outfit,4400,1600,1900,3600,4400,6600,8100,9900,6600,3600,1300,880,880
harris tweed jacket,4400,2400,2900,5400,6600,6600,5400,5400,4400,3600,2900,2400,1900
ladies sweatshirts,4400,1600,2900,8100,6600,6600,5400,3600,3600,4400,3600,2900,1600
women's winter coats on sale,4400,2400,3600,6600,6600,6600,6600,8100,3600,2900,1600,1300,1300
grey jeans women,4400,2400,4400,6600,6600,6600,5400,5400,4400,4400,3600,2400,1600
all saints clothing,4400,3600,3600,3600,4400,6600,5400,3600,2900,3600,3600,4400,3600
sports clothes,4400,5400,4400,5400,5400,6600,4400,4400,3600,4400,4400,4400,3600
black flared trousers,4400,3600,5400,6600,5400,6600,5400,5400,4400,4400,3600,2900,2400
long sleeve black top,4400,1900,2900,4400,6600,6600,6600,4400,4400,4400,2900,2900,1900
mens smart trousers,4400,4400,5400,6600,5400,6600,5400,4400,3600,4400,4400,4400,3600
victorian dress,4400,4400,3600,5400,6600,6600,4400,5400,4400,4400,3600,4400,3600
musto jacket,4400,2400,3600,5400,5400,6600,6600,5400,4400,2900,2900,2400,2400
mens smart casual outfits,4400,4400,4400,5400,5400,6600,5400,3600,3600,4400,4400,3600,3600
1920s women fashion,4400,3600,3600,5400,6600,6600,5400,6600,4400,4400,3600,3600,2900
morrisons nutmeg clothing,4400,4400,4400,5400,5400,6600,6600,3600,4400,4400,4400,5400,4400
suede men's jacket,4400,1900,3600,5400,6600,6600,6600,5400,4400,5400,4400,3600,2400
mens jacket suede,4400,1900,3600,5400,6600,6600,6600,5400,4400,5400,4400,3600,2400
jacket suede mens,4400,1900,3600,5400,6600,6600,6600,5400,4400,5400,4400,3600,2400
suede overcoat men,4400,1900,3600,5400,6600,6600,6600,5400,4400,5400,4400,3600,2400
chunky knit sweater,3600,1300,2900,5400,6600,6600,5400,5400,2400,1300,1000,590,480
faux leather jacket womens,3600,1300,2900,5400,6600,6600,5400,3600,3600,4400,3600,2400,1600
brown leather knee high boots,3600,1300,2900,8100,8100,6600,5400,3600,1900,1600,880,720,590
faux leather blazer womens,3600,1300,2900,5400,6600,6600,5400,3600,3600,4400,3600,2400,1600
ladies faux leather jacket,3600,1300,2900,5400,6600,6600,5400,3600,3600,4400,3600,2400,1600
pleather jacket womens,3600,1300,2900,5400,6600,6600,5400,3600,3600,4400,3600,2400,1600
faux leather biker jacket womens,3600,1300,2900,5400,6600,6600,5400,3600,3600,4400,3600,2400,1600
faux leather coat womens,3600,1300,2900,5400,6600,6600,5400,3600,3600,4400,3600,2400,1600
brown leather knee boots,3600,1300,2900,8100,8100,6600,5400,3600,1900,1600,880,720,590
fake leather jacket womens,3600,1300,2900,5400,6600,6600,5400,3600,3600,4400,3600,2400,1600
high boots heels,3600,2400,2900,4400,6600,6600,5400,4400,3600,2900,2400,1900,1600
brown leather high boots,3600,1300,2900,8100,8100,6600,5400,3600,1900,1600,880,720,590
oversized ladies jumper,3600,880,2400,6600,6600,6600,6600,4400,2400,1900,1300,880,590
faux biker jacket womens,3600,1300,2900,5400,6600,6600,5400,3600,3600,4400,3600,2400,1600
long trench coat,3600,1000,2900,6600,6600,6600,5400,3600,3600,3600,2900,1900,1000
red cardigan womens,3600,1900,2400,4400,4400,6600,8100,2900,3600,3600,2900,2900,1600
leopard print cardigan,3600,1300,2900,6600,8100,6600,4400,3600,3600,2900,2400,1600,880
animal print cardigan,3600,1300,2900,6600,8100,6600,4400,3600,3600,2900,2400,1600,880
ladies white jumper,3600,1300,1900,3600,5400,6600,6600,4400,2900,2900,2400,1600,1000
leopard print cardigan sweater,3600,1300,2900,6600,8100,6600,4400,3600,3600,2900,2400,1600,880
animal print cardigan sweater,3600,1300,2900,6600,8100,6600,4400,3600,3600,2900,2400,1600,880
wedge shoe boots,3600,1600,2400,5400,5400,6600,5400,4400,2900,2400,1600,1300,880
long trench jacket,3600,1000,2900,6600,6600,6600,5400,3600,3600,3600,2900,1900,1000
large trench coat,3600,1000,2900,6600,6600,6600,5400,3600,3600,3600,2900,1900,1000
long coat trench,3600,1000,2900,6600,6600,6600,5400,3600,3600,3600,2900,1900,1000
dealer boots mens,3600,2400,2900,3600,4400,6600,5400,3600,2900,2900,2400,2400,2400
mens leather bomber,3600,1600,2400,4400,5400,6600,5400,4400,3600,2900,2400,1900,1300
leather aviator jacket mens,3600,1600,2400,4400,5400,6600,5400,4400,3600,2900,2400,1900,1300
bomber men leather jacket,3600,1600,2400,4400,5400,6600,5400,4400,3600,2900,2400,1900,1300
aran sweater,3600,1600,2400,3600,5400,6600,8100,5400,2900,2400,1600,1600,1300
mercier tracksuit,3600,2900,3600,4400,5400,6600,6600,3600,2900,3600,2400,1900,1300
black leather shorts,3600,1900,1900,3600,8100,6600,9900,3600,2900,3600,2400,1900,1900
ski wear,3600,880,1600,2900,3600,6600,6600,8100,5400,2400,880,720,590
pink coat,3600,1300,2400,5400,5400,6600,5400,6600,3600,3600,1900,1000,880
black straight leg jeans,3600,1900,2900,5400,5400,6600,5400,4400,3600,3600,2900,1900,1300
soft shell jacket,3600,2900,2900,6600,6600,6600,2400,1900,1900,3600,3600,2900,2400
mink coat,3600,2400,2900,3600,4400,6600,8100,6600,3600,2400,2400,1900,1600
jordan tracksuit,3600,2400,2900,3600,5400,6600,6600,2900,2900,3600,2400,1900,1300
moleskin trousers,3600,1600,2400,4400,5400,6600,6600,5400,2900,2400,2400,1600,4400
mens black bomber jacket,3600,1900,2900,5400,5400,6600,5400,3600,3600,4400,2900,2400,1600
womens ski wear,3600,1300,1900,3600,4400,6600,8100,9900,5400,2900,1000,880,880
named collective hoodie,3600,1900,2900,3600,3600,6600,5400,3600,2900,2900,2400,2400,1900
cortez clothing,3600,4400,4400,3600,3600,6600,5400,2900,2400,2900,2900,2900,2400
mens flannelette shirts,3600,2400,2900,4400,5400,6600,6600,2900,2400,2900,2900,2400,1900
mens dress flannel shirts,3600,2400,2900,4400,5400,6600,6600,2900,2400,2900,2900,2400,1900
quarter zip fleeces,3600,1000,1900,4400,5400,6600,6600,4400,2900,2400,1600,1300,880
mens flannel tops,3600,2400,2900,4400,5400,6600,6600,2900,2400,2900,2900,2400,1900
chunky chelsea boots,2900,720,1600,4400,5400,6600,5400,3600,1900,1300,720,480,390
black chunky boots,2900,1600,1900,4400,5400,6600,4400,2900,1900,1600,1000,1000,880
knit midi dress,2900,1300,1900,4400,5400,6600,5400,3600,1900,1300,1000,880,720
black suede knee high boots,2900,720,1300,3600,5400,6600,6600,3600,2400,1300,720,480,320
leather jacket with fur,2900,880,1900,3600,4400,6600,5400,3600,1900,1600,1000,720,480
leather and fur jacket,2900,880,1900,3600,4400,6600,5400,3600,1900,1600,1000,720,480
leather coat with fur,2900,880,1900,3600,4400,6600,5400,3600,1900,1600,1000,720,480
black suede knee boots,2900,720,1300,3600,5400,6600,6600,3600,2400,1300,720,480,320
over the thigh boots,2900,1000,1600,4400,5400,6600,5400,2900,1900,1300,880,590,590
knitwear midi dress,2900,1300,1900,4400,5400,6600,5400,3600,1900,1300,1000,880,720
chunky boots chelsea,2900,720,1600,4400,5400,6600,5400,3600,1900,1300,720,480,390
leather coat fur,2900,880,1900,3600,4400,6600,5400,3600,1900,1600,1000,720,480
fur jacket leather,2900,880,1900,3600,4400,6600,5400,3600,1900,1600,1000,720,480
boots chunky chelsea,2900,720,1600,4400,5400,6600,5400,3600,1900,1300,720,480,390
boots chelsea chunky,2900,720,1600,4400,5400,6600,5400,3600,1900,1300,720,480,390
boots chunky black,2900,1600,1900,4400,5400,6600,4400,2900,1900,1600,1000,1000,880
ladies ankle boots,2900,880,1900,6600,6600,6600,5400,3600,2400,1300,880,590,480
wide fit ankle boots,2900,880,1600,5400,5400,6600,4400,3600,1900,1300,880,590,390
short wellies womens,2900,1600,1600,5400,5400,6600,5400,4400,2900,1900,1000,1000,1300
brown long sleeve dress,2900,880,1600,4400,6600,6600,4400,3600,2900,2400,1600,1300,880
knit jumper womens,2900,880,1900,4400,5400,6600,6600,2900,1600,1300,1000,720,480
black boots ladies,2900,1000,1600,4400,5400,6600,5400,3600,2400,1600,1000,880,590
brown knitted jumper,2900,720,2400,5400,5400,6600,5400,2400,1600,1000,720,590,320
women's tan boots,2900,1300,2400,6600,6600,6600,4400,3600,2400,1900,1000,720,480
long brown dress with sleeves,2900,880,1600,4400,6600,6600,4400,3600,2900,2400,1600,1300,880
long sleeve dress brown,2900,880,1600,4400,6600,6600,4400,3600,2900,2400,1600,1300,880
mens turtleneck sweater,2900,720,1300,2900,4400,6600,6600,3600,2400,1600,1000,720,480
men's corduroy pants,2900,1300,1600,3600,5400,6600,5400,4400,2900,2400,1900,1600,1000
mens sheepskin coat,2900,1000,1600,3600,5400,6600,6600,4400,2400,1600,880,720,590
rab puffer jacket,2900,720,1300,3600,4400,6600,5400,4400,2400,1600,1300,880,590
puffa jacket,2900,880,1600,3600,5400,6600,4400,4400,2400,1600,1300,1000,880
mens cord pants,2900,1300,1600,3600,5400,6600,5400,4400,2900,2400,1900,1600,1000
mens designer coats on sale,2900,1000,1600,3600,5400,6600,5400,3600,2400,2400,1300,1000,720
men's designer coats on sale,2900,1000,1600,3600,5400,6600,5400,3600,2400,2400,1300,1000,720
coat double breasted,2900,1300,1900,4400,5400,6600,5400,4400,2400,1900,1300,880,590
sweater mens turtleneck,2900,720,1300,2900,4400,6600,6600,3600,2400,1600,1000,720,480
pants corduroy mens,2900,1300,1600,3600,5400,6600,5400,4400,2900,2400,1900,1600,1000
male turtleneck sweater,2900,720,1300,2900,4400,6600,6600,3600,2400,1600,1000,720,480
corduroy slacks mens,2900,1300,1600,3600,5400,6600,5400,4400,2900,2400,1900,1600,1000
guys corduroy pants,2900,1300,1600,3600,5400,6600,5400,4400,2900,2400,1900,1600,1000
m & s corduroy trousers,2900,590,1300,4400,6600,6600,4400,3600,1900,1600,880,590,390
men in corduroy pants,2900,1300,1600,3600,5400,6600,5400,4400,2900,2400,1900,1600,1000
turtle neck pullover for men,2900,720,1300,2900,4400,6600,6600,3600,2400,1600,1000,720,480
turtle neck pullover men,2900,720,1300,2900,4400,6600,6600,3600,2400,1600,1000,720,480
sweater dress,2900,1000,1900,4400,5400,6600,5400,3600,2400,1600,1300,1000,880
cropped puffer jacket,2900,880,2400,5400,5400,6600,4400,3600,2900,1900,1000,590,390
mens corduroy pants,2900,1300,1600,3600,5400,6600,5400,4400,2900,2400,1900,1600,1000
cable knit sweater,2900,1600,3600,5400,5400,6600,5400,2900,1900,1900,1300,1000,880
corduroy pants women,2900,720,1900,5400,6600,6600,5400,5400,2400,1600,1300,720,590
kids winter coats,2900,1300,3600,8100,5400,6600,2400,2400,880,590,390,390,480
pea coat men,2900,880,1600,3600,5400,6600,5400,4400,2400,1600,1000,880,590
green sequin dress,2900,1900,1900,2400,4400,6600,5400,1600,1600,1600,1600,1900,1900
plus size coats for women,2900,720,1300,4400,5400,6600,4400,4400,1900,1300,1000,590,320
green coat,2900,1600,1900,4400,5400,6600,4400,4400,3600,2400,1600,1300,1000
michael kors coat,2900,1600,1900,3600,5400,6600,5400,3600,2400,1600,1000,590,480
double breasted coat,2900,1300,1900,4400,5400,6600,5400,4400,2400,1900,1300,880,590
long jacket,2900,1000,1600,3600,4400,6600,4400,3600,2400,1900,1300,1000,720
sequin maxi dress,2900,2900,2900,3600,3600,6600,4400,2400,1900,2400,2900,2900,2900
ganni beanie,2900,590,880,1900,4400,6600,8100,6600,2400,720,260,140,140
wool sweater mens,2900,880,1600,4400,4400,6600,6600,3600,1900,1600,1000,880,590
longline coat,2900,590,1300,4400,5400,6600,5400,5400,2400,1600,880,480,320
padded coat,2900,720,1600,4400,5400,6600,4400,4400,2400,1300,880,590,320
knitted midi dress,2900,1300,1900,4400,5400,6600,5400,3600,1900,1300,1000,880,720
mens shearling jacket,2900,1000,1600,3600,5400,6600,6600,4400,2400,1600,880,720,590
hybrid jacket,2900,880,2400,5400,5400,6600,5400,3600,2400,2900,1900,1300,880
real fur coat,2900,1000,1900,3600,4400,6600,6600,5400,2400,1300,1000,880,720
mens full zip fleece,2900,1300,1900,4400,5400,6600,5400,2900,2400,2400,2400,1900,1000
mens fleece jacket full zip,2900,1300,1900,4400,5400,6600,5400,2900,2400,2400,2400,1900,1000
mens fleeces full zip,2900,1300,1900,4400,5400,6600,5400,2900,2400,2400,2400,1900,1000
full zip mens fleece jacket,2900,1300,1900,4400,5400,6600,5400,2900,2400,2400,2400,1900,1000
black knit dress,2400,720,1000,2900,5400,6600,5400,4400,1900,1000,720,590,390
brown long boots,2400,590,1600,4400,6600,6600,4400,2400,1600,1000,590,480,390
womens flat knee high boots,2400,480,1000,2900,4400,6600,5400,2900,1600,1000,590,390,320
ladies flat knee high boots,2400,480,1000,2900,4400,6600,5400,2900,1600,1000,590,390,320
knee high flat boots for women,2400,480,1000,2900,4400,6600,5400,2900,1600,1000,590,390,320
black dress knit,2400,720,1000,2900,5400,6600,5400,4400,1900,1000,720,590,390
fluffy jumpers,2400,480,1300,3600,4400,6600,5400,2400,1300,880,720,480,390
burgundy satin skirt,2400,480,1300,4400,5400,6600,6600,1000,590,480,320,260,260
brown boots long,2400,590,1600,4400,6600,6600,4400,2400,1600,1000,590,480,390
mens wool overcoat,2400,590,880,2400,4400,6600,5400,4400,1900,1300,590,390,260
mens black coat,2400,590,1300,2900,4400,6600,5400,3600,2400,1300,880,590,390
mens wool topcoat,2400,590,880,2400,4400,6600,5400,4400,1900,1300,590,390,260
northface puffer coat,2400,1000,2400,4400,4400,6600,4400,3600,1600,1000,590,480,390
wool mens top coat,2400,590,880,2400,4400,6600,5400,4400,1900,1300,590,390,260
wool top coat men's,2400,590,880,2400,4400,6600,5400,4400,1900,1300,590,390,260
overcoat for men wool,2400,590,880,2400,4400,6600,5400,4400,1900,1300,590,390,260
coat for men black,2400,590,1300,2900,4400,6600,5400,3600,2400,1300,880,590,390
coat black for men,2400,590,1300,2900,4400,6600,5400,3600,2400,1300,880,590,390
thermal underwear,2400,720,1000,3600,4400,6600,3600,4400,1600,1300,720,720,480
long winter coat,2400,880,1900,5400,5400,6600,2900,2900,1000,720,480,390,320
velvet jacket,2400,880,1300,2900,4400,6600,5400,2400,1600,1600,1300,880,720
pink fur coat,2400,720,1300,2400,3600,6600,5400,4400,2400,1600,880,590,590
black knitted dress,2400,720,1000,2900,5400,6600,5400,4400,1900,1000,720,590,390
mens fleece sweater,2400,590,880,2900,4400,6600,5400,2400,1600,1300,720,720,390
knitted jumper dress,1900,390,880,2900,4400,6600,5400,2400,1000,720,320,260,110
womens fluffy jumper,1900,260,720,2400,4400,6600,5400,2400,1000,720,480,320,140
warmest winter coats for men,1900,390,720,2400,4400,6600,2900,3600,1000,480,320,260,170
mens long coat for winter,1900,590,1000,2900,4400,6600,3600,3600,1300,720,480,390,260
mens long winter dress coat,1900,590,1000,2900,4400,6600,3600,3600,1300,720,480,390,260
winter coat men long,1900,590,1000,2900,4400,6600,3600,3600,1300,720,480,390,260
mens coat long winter,1900,590,1000,2900,4400,6600,3600,3600,1300,720,480,390,260
mens long coat winter,1900,590,1000,2900,4400,6600,3600,3600,1300,720,480,390,260
long coat men winter,1900,590,1000,2900,4400,6600,3600,3600,1300,720,480,390,260
winter mens long coat,1900,590,1000,2900,4400,6600,3600,3600,1300,720,480,390,260
long coat for men winter,1900,590,1000,2900,4400,6600,3600,3600,1300,720,480,390,260
heated vest,1900,260,390,1900,2900,6600,4400,3600,1300,720,480,390,210
fleece leggings,1900,260,590,1900,2900,6600,3600,3600,1300,590,390,260,210
heated jacket women,1900,170,390,1900,2900,6600,4400,3600,1300,720,390,390,210
heated coat,1900,260,480,1900,2900,6600,3600,3600,1300,720,390,260,140
christmas jumper dress womens,1600,90,170,590,1600,6600,8100,70,140,110,110,70,40
ladies christmas jumper dress,1600,90,170,590,1600,6600,8100,70,140,110,110,70,40
womens xmas jumper dress,1600,90,170,590,1600,6600,8100,70,140,110,110,70,40
ladies xmas jumper dress,1600,90,170,590,1600,6600,8100,70,140,110,110,70,40
christmas sweater women,1600,170,210,590,2400,6600,8100,170,210,210,40,40,170
mens cargo shorts,18100,40500,27100,12100,6600,5400,4400,6600,8100,14800,22200,40500,33100
womens shorts,18100,40500,27100,9900,6600,5400,5400,9900,9900,14800,22200,40500,40500
men's cargo shorts,18100,40500,27100,12100,6600,5400,4400,6600,8100,14800,22200,40500,33100
beach dresses,14800,27100,22200,9900,6600,5400,5400,12100,12100,12100,14800,27100,27100
floral dress,14800,22200,14800,8100,6600,5400,6600,8100,12100,18100,22200,22200,18100
womens wedding guest dresses,14800,18100,14800,14800,9900,5400,5400,14800,18100,22200,22200,22200,18100
wedding guest outfits for women,14800,18100,14800,14800,9900,5400,5400,14800,18100,22200,22200,22200,18100
cycling shorts,12100,22200,18100,9900,6600,5400,4400,5400,5400,9900,14800,22200,22200
mens linen trousers,12100,27100,14800,9900,5400,5400,4400,8100,8100,9900,14800,22200,27100
mens holiday clothes,12100,18100,14800,12100,6600,5400,4400,9900,9900,14800,18100,22200,18100
palazzo pants,9900,12100,9900,8100,5400,5400,18100,6600,18100,8100,12100,14800,9900
crochet cardigans,9900,12100,12100,8100,6600,5400,4400,6600,6600,9900,14800,14800,12100
crochet cardigan sweater,9900,12100,12100,8100,6600,5400,4400,6600,6600,9900,14800,14800,12100
and palazzo pants,9900,12100,9900,8100,5400,5400,18100,6600,18100,8100,12100,14800,9900
zimmermann dress,9900,14800,9900,6600,5400,5400,8100,9900,8100,9900,14800,18100,18100
short sleeve shirts,9900,18100,12100,8100,5400,5400,4400,4400,5400,8100,9900,14800,18100
mother of the groom outfits,9900,12100,9900,9900,8100,5400,4400,14800,12100,9900,8100,8100,6600
autumn wedding guest dresses,9900,9900,22200,40500,22200,5400,1600,3600,3600,2900,3600,4400,5400
white cardigan,8100,9900,8100,8100,6600,5400,5400,5400,6600,9900,12100,12100,8100
long sleeve wedding guest dresses,8100,6600,8100,12100,9900,5400,3600,8100,8100,9900,8100,8100,5400
white cardigan sweater,8100,9900,8100,8100,6600,5400,5400,5400,6600,9900,12100,12100,8100
long sleeve wedding guest outfit,8100,6600,8100,12100,9900,5400,3600,8100,8100,9900,8100,8100,5400
wedding suits for men,8100,9900,9900,8100,6600,5400,4400,9900,8100,8100,8100,8100,6600
work clothes for women,8100,8100,9900,9900,6600,5400,5400,8100,6600,8100,6600,6600,6600
bloomchic uk,8100,8100,6600,6600,5400,5400,4400,6600,6600,8100,9900,12100,14800
engagement party dresses,8100,8100,9900,9900,9900,5400,4400,9900,8100,6600,6600,6600,6600
monsoon wedding dresses,8100,9900,9900,8100,6600,5400,4400,9900,8100,8100,6600,8100,8100
petite wide leg pants,6600,8100,8100,9900,6600,5400,5400,5400,4400,6600,6600,6600,4400
petite wide leg trousers,6600,8100,8100,9900,6600,5400,5400,5400,4400,6600,6600,6600,4400
brown loafers women,6600,3600,6600,12100,9900,5400,4400,8100,6600,6600,5400,4400,2900
petite wide leg dress pants,6600,8100,8100,9900,6600,5400,5400,5400,4400,6600,6600,6600,4400
petite trousers wide leg,6600,8100,8100,9900,6600,5400,5400,5400,4400,6600,6600,6600,4400
wide legs pants petite,6600,8100,8100,9900,6600,5400,5400,5400,4400,6600,6600,6600,4400
trousers wide leg petite,6600,8100,8100,9900,6600,5400,5400,5400,4400,6600,6600,6600,4400
wide leg pants on petites,6600,8100,8100,9900,6600,5400,5400,5400,4400,6600,6600,6600,4400
mens lightweight coat,6600,5400,5400,8100,6600,5400,4400,3600,4400,8100,9900,8100,4400
black denim jacket,6600,6600,8100,8100,6600,5400,4400,4400,5400,8100,9900,8100,5400
casual dresses,6600,8100,8100,6600,5400,5400,5400,5400,6600,6600,6600,6600,6600
fit and flare dress,6600,8100,6600,5400,5400,5400,4400,5400,5400,6600,8100,8100,8100
polo t shirts,6600,12100,8100,6600,5400,5400,5400,4400,4400,6600,6600,8100,9900
petite clothing,6600,6600,6600,8100,6600,5400,5400,5400,5400,8100,8100,8100,6600
french connection dresses,6600,12100,8100,5400,4400,5400,3600,3600,3600,5400,6600,8100,8100
cream dress,6600,8100,6600,6600,5400,5400,5400,6600,6600,8100,8100,8100,8100
petite clothing for women,6600,5400,5400,6600,6600,5400,5400,5400,6600,8100,8100,8100,6600
victoria beckham dresses,6600,3600,2900,2900,22200,5400,4400,8100,5400,4400,4400,5400,5400
marc darcy suits,6600,8100,8100,6600,6600,5400,4400,8100,6600,8100,8100,8100,6600
dress sale,6600,9900,9900,5400,4400,5400,8100,6600,5400,6600,5400,6600,8100
blouses women,6600,6600,6600,6600,5400,5400,5400,5400,6600,8100,8100,8100,6600
mens light jacket,6600,5400,5400,8100,6600,5400,4400,3600,4400,8100,9900,8100,4400
1950s dresses,6600,8100,8100,6600,5400,5400,4400,6600,5400,5400,6600,5400,5400
klass dresses,6600,12100,8100,5400,5400,5400,3600,4400,6600,6600,6600,9900,9900
50s dress,6600,8100,8100,6600,5400,5400,4400,6600,5400,5400,6600,5400,5400
ladies petite clothing,6600,5400,5400,6600,6600,5400,5400,5400,6600,8100,8100,8100,6600
maid outfits,6600,6600,6600,6600,8100,5400,5400,6600,6600,5400,5400,5400,5400
the style attic,6600,6600,5400,6600,6600,5400,4400,5400,6600,8100,8100,8100,6600
loafers women,5400,4400,6600,6600,5400,5400,4400,5400,5400,6600,6600,6600,5400
cropped cardigan,5400,4400,5400,8100,6600,5400,5400,4400,4400,6600,6600,6600,4400
navy cardigan,5400,3600,5400,8100,6600,5400,3600,4400,4400,5400,5400,5400,3600
cream cardigan,5400,4400,5400,8100,6600,5400,5400,4400,3600,5400,6600,6600,4400
cropped cardigan sweater,5400,4400,5400,8100,6600,5400,5400,4400,4400,6600,6600,6600,4400
green cardigan sweater,5400,3600,5400,8100,6600,5400,5400,4400,4400,6600,5400,4400,2400
navy cardigan sweater,5400,3600,5400,8100,6600,5400,3600,4400,4400,5400,5400,5400,3600
green cardigans,5400,3600,5400,8100,6600,5400,5400,4400,4400,6600,5400,4400,2400
purple jeans,5400,6600,6600,6600,6600,5400,6600,6600,5400,5400,4400,4400,2900
cotton underwear,5400,4400,4400,4400,4400,5400,5400,6600,5400,6600,6600,5400,5400
cotton underwear for women,5400,5400,4400,4400,4400,5400,5400,6600,5400,6600,6600,5400,5400
newborn clothes,5400,6600,6600,6600,5400,5400,5400,6600,5400,5400,5400,5400,4400
stretch jeans,5400,3600,5400,8100,6600,5400,4400,4400,5400,6600,5400,3600,2400
satin maxi dress,5400,6600,5400,5400,4400,5400,3600,5400,4400,6600,6600,8100,6600
chore jacket,5400,3600,5400,5400,5400,5400,5400,4400,4400,6600,6600,8100,4400
ladies waterproof jacket,5400,5400,6600,14800,6600,5400,3600,2900,3600,3600,2900,4400,5400
levi's denim jacket,5400,4400,5400,5400,5400,5400,4400,4400,4400,5400,6600,5400,4400
abaya dress,5400,5400,4400,4400,4400,5400,4400,5400,6600,8100,4400,4400,4400
brown midi dress,5400,5400,5400,6600,6600,5400,3600,3600,4400,5400,4400,5400,5400
suede bomber jacket,5400,1900,9900,12100,8100,5400,3600,3600,4400,8100,5400,3600,1600
ladies trousers,5400,4400,4400,6600,6600,5400,4400,4400,4400,5400,5400,5400,4400
mens pleated pants,5400,4400,4400,5400,5400,5400,5400,4400,4400,5400,4400,5400,5400
mens pleated trousers,5400,4400,4400,5400,5400,5400,5400,4400,4400,5400,4400,5400,5400
60s fashion,5400,6600,5400,6600,5400,5400,3600,6600,4400,5400,5400,5400,5400
cropped jacket womens,5400,3600,4400,6600,5400,5400,4400,4400,5400,8100,8100,6600,4400
mens windbreaker jacket,5400,3600,4400,6600,5400,5400,5400,4400,4400,6600,6600,5400,4400
chrome hearts jeans,5400,5400,4400,5400,5400,5400,6600,6600,4400,6600,5400,5400,4400
y2k outfits,5400,4400,4400,4400,5400,5400,5400,6600,6600,8100,8100,6600,6600
haute couture,5400,5400,4400,5400,9900,5400,5400,6600,5400,4400,4400,5400,4400
1950s fashion,5400,6600,6600,6600,5400,5400,4400,5400,5400,5400,4400,5400,4400
mens designer polo shirts,5400,5400,5400,4400,3600,5400,6600,2900,3600,5400,5400,6600,6600
1980s fashion,5400,6600,5400,6600,5400,5400,5400,6600,4400,5400,4400,5400,5400
elastic waist trousers,5400,5400,6600,8100,6600,5400,5400,5400,5400,6600,5400,5400,4400
1960s fashion,5400,6600,4400,6600,5400,5400,3600,6600,4400,5400,5400,5400,5400
nice tops,5400,3600,3600,4400,4400,5400,6600,5400,5400,6600,5400,4400,3600
grunge style,5400,8100,8100,6600,6600,5400,5400,5400,5400,5400,5400,5400,5400
old money style,5400,12100,9900,8100,6600,5400,4400,3600,3600,3600,3600,3600,2900
short jacket for women,5400,2400,3600,8100,6600,5400,4400,4400,5400,8100,8100,5400,2900
business casual clothes men,5400,6600,5400,6600,6600,5400,2900,5400,5400,5400,5400,5400,5400
80s fashion men,5400,6600,5400,5400,5400,5400,5400,5400,4400,4400,4400,4400,3600
crop jacket for women,5400,3600,4400,6600,5400,5400,4400,4400,5400,8100,8100,6600,4400
business casual attire for men,5400,6600,5400,6600,6600,5400,2900,5400,5400,5400,5400,5400,5400
louis vuitton shirts,5400,9900,8100,6600,5400,5400,5400,4400,4400,5400,5400,6600,5400
1980s fashion men,5400,6600,5400,5400,5400,5400,5400,5400,4400,4400,4400,4400,3600
1960s clothing,5400,6600,4400,6600,5400,5400,3600,6600,4400,5400,5400,5400,5400
mens trousers pleated,5400,4400,4400,5400,5400,5400,5400,4400,4400,5400,4400,5400,5400
mens trousers with pleats,5400,4400,4400,5400,5400,5400,5400,4400,4400,5400,4400,5400,5400
mens pants with pleats,5400,4400,4400,5400,5400,5400,5400,4400,4400,5400,4400,5400,5400
bomber jacket in suede,5400,1900,9900,12100,8100,5400,3600,3600,4400,8100,5400,3600,1600
cropped leather jacket,4400,2400,3600,5400,6600,5400,4400,4400,4400,6600,4400,3600,1900
cropped leather coat,4400,2400,3600,5400,6600,5400,4400,4400,4400,6600,4400,3600,1900
chunky loafers women,4400,2400,5400,9900,6600,5400,3600,5400,4400,4400,2900,2400,1600
wide legged pants men,4400,3600,3600,4400,4400,5400,4400,4400,3600,4400,3600,3600,3600
wide legged trousers men,4400,3600,3600,4400,4400,5400,4400,4400,3600,4400,3600,3600,3600
marks spencer wide leg trousers,4400,3600,5400,6600,6600,5400,3600,4400,3600,4400,4400,4400,2900
macs coats,4400,2900,3600,8100,6600,5400,4400,4400,4400,5400,4400,3600,3600
denim overcoat mens,4400,4400,5400,5400,5400,5400,4400,4400,4400,5400,5400,4400,2900
good american jeans,4400,2900,4400,5400,4400,5400,5400,5400,4400,5400,5400,3600,2400
cargo jeans,4400,4400,5400,5400,5400,5400,5400,4400,4400,4400,4400,3600,2900
tank tops for women,4400,4400,4400,5400,4400,5400,3600,3600,2900,3600,3600,3600,3600
black satin dress,4400,4400,4400,5400,5400,5400,4400,3600,3600,3600,3600,3600,3600
slim fit jeans,4400,3600,4400,5400,5400,5400,5400,4400,3600,4400,3600,2900,1900
black bodycon dress,4400,4400,4400,5400,5400,5400,4400,3600,3600,3600,3600,3600,2900
red midi dress,4400,6600,4400,3600,3600,5400,4400,3600,3600,3600,4400,5400,5400
black corset dress,4400,3600,3600,5400,9900,5400,4400,4400,4400,4400,3600,3600,3600
mens bootcut jeans,4400,2900,3600,4400,5400,5400,6600,5400,4400,5400,4400,4400,3600
y2k clothing,4400,4400,4400,4400,4400,5400,5400,4400,4400,4400,4400,5400,4400
suit jacket,4400,4400,4400,5400,5400,5400,4400,4400,3600,4400,4400,4400,4400
light blue jeans,4400,2900,3600,4400,4400,5400,5400,4400,3600,5400,4400,4400,2900
green jacket,4400,2900,3600,5400,5400,5400,3600,3600,4400,6600,6600,4400,2400
alternative clothing,4400,4400,5400,5400,5400,5400,5400,4400,4400,4400,4400,4400,4400
ladies blouses,4400,4400,4400,5400,4400,5400,4400,4400,4400,5400,5400,5400,4400
green bomber jacket,4400,2400,3600,6600,6600,5400,4400,4400,4400,5400,4400,2900,1900
grey trousers,4400,3600,4400,5400,5400,5400,4400,4400,3600,4400,3600,2900,2900
going out dresses for women,4400,3600,4400,5400,5400,5400,3600,5400,5400,5400,4400,4400,4400
mens loose fit jeans,4400,2400,3600,5400,5400,5400,6600,3600,3600,4400,3600,2900,2400
montane terra pants,4400,2400,2900,3600,3600,5400,5400,5400,4400,4400,4400,3600,3600
little mistress dresses,4400,4400,3600,2900,4400,5400,3600,2900,3600,4400,6600,6600,5400
wide leg pants men,4400,3600,3600,4400,4400,5400,4400,4400,3600,4400,3600,3600,3600
black halter neck dress,4400,6600,5400,4400,4400,5400,3600,3600,3600,3600,4400,5400,5400
marni clothing,4400,5400,4400,4400,4400,5400,6600,5400,4400,4400,4400,4400,3600
jean shirt men,4400,4400,4400,5400,4400,5400,4400,3600,3600,4400,4400,4400,2900
mackintosh coat,4400,2900,3600,8100,6600,5400,4400,4400,4400,5400,4400,3600,3600
helmut newton,4400,3600,4400,5400,5400,5400,4400,6600,6600,5400,4400,4400,3600
relaxed fit jeans for men,4400,2400,3600,5400,5400,5400,6600,3600,3600,4400,3600,2900,2400
checked shirts for men,4400,3600,3600,4400,5400,5400,5400,2900,2900,3600,3600,3600,3600
louis vuitton windbreaker,4400,4400,4400,4400,4400,5400,5400,4400,4400,5400,4400,3600,2900
sportswear brand,4400,6600,5400,6600,5400,5400,4400,4400,3600,4400,4400,3600,3600
checkered shirt mens,4400,3600,3600,4400,5400,5400,5400,2900,2900,3600,3600,3600,3600
long sleeve dresses for women,3600,2400,2900,5400,5400,5400,4400,4400,4400,4400,3600,2900,2400
leather pants,3600,2400,2900,3600,4400,5400,4400,4400,3600,3600,2400,1900,1600
velour tracksuit,3600,1900,2900,4400,5400,5400,6600,5400,3600,3600,2900,2900,1900
dark green dress,3600,4400,3600,4400,5400,5400,3600,3600,2900,3600,3600,3600,2900
black sweatshirt,3600,2400,3600,5400,4400,5400,4400,4400,3600,2900,2400,1900,1300
girls jeans,3600,1900,2900,5400,5400,5400,6600,3600,3600,3600,2900,1900,1600
running leggings,3600,1900,2400,4400,4400,5400,5400,6600,3600,3600,2900,2400,1300
black flare leggings,3600,2400,3600,4400,4400,5400,4400,4400,3600,4400,2900,2900,2400
black skater dress,3600,4400,3600,4400,5400,5400,4400,3600,2900,2900,2900,2900,2400
short black dress,3600,3600,2900,4400,5400,5400,4400,3600,3600,3600,2400,2900,2900
mens lounge shorts,3600,3600,3600,2900,2900,5400,6600,2400,2400,1900,1900,2900,3600
camo jacket,3600,2400,2900,4400,4400,5400,5400,5400,4400,4400,3600,2900,2400
mens blue jeans,3600,2400,2900,4400,4400,5400,5400,3600,3600,4400,3600,2900,2400
evening tops for women,3600,1900,2400,4400,5400,5400,3600,2900,3600,3600,2900,2400,1900
funny shirts for men,3600,4400,3600,2900,2900,5400,6600,1900,2400,2900,3600,4400,4400
camouflage jacket,3600,2400,2900,4400,4400,5400,5400,5400,4400,4400,3600,2900,2400
designer tracksuits,3600,2900,2900,4400,5400,5400,5400,3600,3600,4400,2900,2900,1600
brown bomber jacket,3600,1300,4400,6600,6600,5400,3600,2900,3600,5400,4400,2900,1600
house coat,3600,1900,2400,3600,4400,5400,5400,3600,2400,2400,2400,1900,1600
evening maxi dresses,3600,3600,3600,4400,4400,5400,2900,3600,2900,3600,3600,3600,2900
hooded jacket,3600,2900,3600,8100,5400,5400,3600,3600,3600,3600,2900,2400,2900
viking clothing,3600,2400,1600,2900,4400,5400,5400,4400,2900,2900,1900,2400,2400
arsenal jacket,3600,1300,2400,3600,4400,5400,5400,3600,2900,4400,1900,8100,2400
louis vuitton jacket men,3600,1900,2400,3600,4400,5400,5400,4400,2900,2900,2400,1900,1600
black chinos men,3600,3600,3600,4400,4400,5400,4400,3600,3600,3600,2900,2900,2900
mens black chino pants,3600,3600,3600,4400,4400,5400,4400,3600,3600,3600,2900,2900,2900
half zip sweatshirts,3600,1600,2900,5400,5400,5400,4400,3600,2900,2900,2400,1900,1000
mens black chino trousers,3600,3600,3600,4400,4400,5400,4400,3600,3600,3600,2900,2900,2900
black mens chinos trousers,3600,3600,3600,4400,4400,5400,4400,3600,3600,3600,2900,2900,2900
chino pants for men black,3600,3600,3600,4400,4400,5400,4400,3600,3600,3600,2900,2900,2900
leather coat,2900,1900,2900,4400,5400,5400,4400,3600,2900,2900,1900,1600,1000
high boots,2900,1600,1900,4400,5400,5400,4400,2900,1900,1600,1600,1300,1000
tan knee high boots,2900,1300,2400,5400,5400,5400,3600,2400,1900,1600,880,720,480
knit maxi dress,2900,1900,1900,4400,5400,5400,5400,3600,1900,1600,1600,1600,1300
tan knee boots,2900,1300,2400,5400,5400,5400,3600,2400,1900,1600,880,720,480
tan high boots,2900,1300,2400,5400,5400,5400,3600,2400,1900,1600,880,720,480
leather jacket coat,2900,1900,2900,4400,5400,5400,4400,3600,2900,2900,1900,1600,1000
coat leather jacket,2900,1900,2900,4400,5400,5400,4400,3600,2900,2900,1900,1600,1000
knitwear maxi dress,2900,1900,1900,4400,5400,5400,5400,3600,1900,1600,1600,1600,1300
suede ankle boots,2900,1300,2400,6600,6600,5400,4400,2900,2400,2400,1600,1000,720
long sleeve evening dresses,2900,1600,1900,3600,4400,5400,2400,3600,2900,2900,1900,1900,1600
black long sleeve maxi dress,2900,1900,1900,3600,5400,5400,4400,3600,2900,2900,1900,1900,1600
long sleeve formal gown,2900,1600,1900,3600,4400,5400,2400,3600,2900,2900,1900,1900,1600
wool cardigans,2900,1000,2400,5400,5400,5400,4400,3600,1900,1900,1600,1300,880
sezane cardigan,2900,1900,2900,5400,4400,5400,4400,3600,2400,2400,1900,1600,1600
beige boot,2900,1900,2900,4400,5400,5400,4400,2900,2400,2900,2400,2400,1900
sleeveless jumpers ladies,2900,880,1600,3600,5400,5400,4400,4400,3600,2400,1900,1000,590
sleeveless jumper women's,2900,880,1600,3600,5400,5400,4400,4400,3600,2400,1900,1000,590
maxi black dress long sleeve,2900,1900,1900,3600,5400,5400,4400,3600,2900,2900,1900,1900,1600
long sleeve long evening dress,2900,1600,1900,3600,4400,5400,2400,3600,2900,2900,1900,1900,1600
tan color boots,2900,1600,2900,5400,5400,5400,4400,2900,2400,2400,1900,1600,1300
mens black leather jacket,2900,1900,2400,3600,5400,5400,4400,3600,2900,3600,2400,1900,1300
mens black leather coat,2900,1900,2400,3600,5400,5400,4400,3600,2900,3600,2400,1900,1300
arcteryx coat mens,2900,1300,1600,3600,3600,5400,4400,3600,2900,1900,1300,1300,1000
mens smart casual coat,2900,1300,1600,3600,3600,5400,4400,2400,2400,2900,2400,2400,1600
arcteryx mens coat,2900,1300,1600,3600,3600,5400,4400,3600,2900,1900,1300,1300,1000
black jacket men leather,2900,1900,2400,3600,5400,5400,4400,3600,2900,3600,2400,1900,1300
trench coat me,2900,1300,1900,3600,5400,5400,4400,3600,2400,2400,1600,1300,1000
sweaters for women,2900,1300,2400,4400,4400,5400,5400,4400,2400,2400,1900,1300,1000
boss jeans,2900,1600,1900,2900,3600,5400,5400,2900,2400,2900,2400,1900,1600
helly hansen ski jacket,2900,590,1000,1600,2900,5400,5400,8100,5400,2900,1000,720,480
michael kors jacket,2900,1900,2400,3600,5400,5400,4400,3600,2400,2400,1600,1300,880
wool jacket women,2900,720,1600,5400,6600,5400,4400,3600,2900,2400,1300,880,480
navy coat,2900,1000,1900,4400,5400,5400,4400,3600,2400,1900,1000,720,390
great gatsby outfit,2900,880,1300,2400,3600,5400,5400,3600,2400,2400,1900,1600,1600
turtleneck top,2900,1300,2400,4400,5400,5400,4400,3600,2400,1900,1600,1300,1000
manchester united jacket,2900,1300,3600,3600,4400,5400,5400,4400,3600,1900,1600,2400,1300
fox clothes,2900,3600,3600,3600,3600,5400,4400,2400,2400,2400,2400,2900,2400
celtic clothes,2900,2400,2900,4400,4400,5400,3600,3600,1900,2400,1900,2400,1600
après ski clothing,2900,390,720,1600,2900,5400,6600,8100,5400,2400,590,320,320
black fleeces,2900,1000,1900,5400,5400,5400,3600,4400,2900,2900,1900,1900,1000
cable knit sweater women,2400,720,1600,3600,4400,5400,5400,2900,1600,1000,880,720,480
block heel boots,2400,720,1600,3600,4400,5400,4400,3600,2400,1900,1000,880,590
knee length boots,2400,880,1600,4400,5400,5400,4400,2900,1600,880,720,590,480
knit mini dress,2400,1000,1300,2900,4400,5400,4400,2400,1300,880,720,880,1000
brown chunky boots,2400,880,1600,3600,5400,5400,3600,2400,1300,1000,720,720,590
womens brown knee high boots,2400,590,1600,4400,5400,5400,4400,2400,1600,1000,720,480,480
womens cable knit jumper,2400,720,1600,3600,4400,5400,5400,2900,1600,1000,880,720,480
ladies brown knee high boots,2400,590,1600,4400,5400,5400,4400,2400,1600,1000,720,480,480
ladies cable knit sweaters,2400,720,1600,3600,4400,5400,5400,2900,1600,1000,880,720,480
block heel shoe boots,2400,720,1600,3600,4400,5400,4400,3600,2400,1900,1000,880,590
brown knee boots womens,2400,590,1600,4400,5400,5400,4400,2400,1600,1000,720,480,480
knee high boots for women brown,2400,590,1600,4400,5400,5400,4400,2400,1600,1000,720,480,480
chunky boots brown,2400,880,1600,3600,5400,5400,3600,2400,1300,1000,720,720,590
womens brown knee boots,2400,590,1600,4400,5400,5400,4400,2400,1600,1000,720,480,480
mini dress knit,2400,1000,1300,2900,4400,5400,4400,2400,1300,880,720,880,1000
brown boots chunky,2400,880,1600,3600,5400,5400,3600,2400,1300,1000,720,720,590
womens sweaters cable knit,2400,720,1600,3600,4400,5400,5400,2900,1600,1000,880,720,480
boots with a block heel,2400,720,1600,3600,4400,5400,4400,3600,2400,1900,1000,880,590
cable knit jumper for women,2400,720,1600,3600,4400,5400,5400,2900,1600,1000,880,720,480
women's cable knit pullover sweaters,2400,720,1600,3600,4400,5400,5400,2900,1600,1000,880,720,480
black suede ankle boots,2400,720,1300,3600,4400,5400,4400,3600,2400,1600,1000,720,390
leather ankle boots,2400,880,1600,4400,5400,5400,4400,2900,1900,1300,880,590,480
black long sleeve mini dress,2400,880,1300,2400,4400,5400,5400,3600,2400,1900,1000,880,720
flat ankle boots,2400,720,1600,4400,4400,5400,3600,2400,1600,1300,880,720,390
flat ankle boots for women,2400,880,1600,4400,5400,5400,4400,2900,2400,1600,1000,720,480
womens cable knit sweater,2400,720,1600,3600,4400,5400,5400,2900,1600,1000,880,720,480
leopard print boots,2400,880,1600,4400,5400,5400,3600,2900,1900,1600,1000,880,590
burgundy ankle boots,2400,260,1000,4400,6600,5400,4400,2400,1000,590,320,210,140
black flat boots womens,2400,720,1300,3600,4400,5400,4400,2900,1600,1300,720,480,390
ladies wide fit ankle boots,2400,1000,1900,5400,5400,5400,4400,2900,1900,1000,880,480,320
ladies short wellies,2400,1000,1300,3600,4400,5400,4400,3600,2900,1900,880,720,720
wide fit ankle boots womens,2400,1000,1900,5400,5400,5400,4400,2900,1900,1000,880,480,320
brown ankle boots with heel,2400,590,1300,3600,5400,5400,4400,2900,2400,1600,720,480,390
ladies flat ankle boots,2400,880,1600,4400,5400,5400,4400,2900,2400,1600,1000,720,480
ladies wedge boots,2400,880,1600,5400,6600,5400,4400,2900,1900,1300,720,590,390
cable knit jumper women's,2400,720,1600,3600,4400,5400,5400,2900,1600,1000,880,720,480
long sleeve night dress,2400,720,1300,3600,4400,5400,4400,2400,1600,1300,1000,720,480
maroon ankle boots,2400,260,1000,4400,6600,5400,4400,2400,1000,590,320,210,140
ladies black flat boots,2400,720,1300,3600,4400,5400,4400,2900,1600,1300,720,480,390
brown heel boots ankle,2400,590,1300,3600,5400,5400,4400,2900,2400,1600,720,480,390
mens brown chelsea boots,2400,1600,1600,2400,3600,5400,5400,2900,2400,1900,1600,1300,1000
brown corduroy trousers,2400,880,1600,4400,5400,5400,4400,3600,1900,1600,1000,880,720
mens long black coat,2400,880,1000,2400,3600,5400,4400,3600,2900,1600,1000,720,590
long mens coat black,2400,880,1000,2400,3600,5400,4400,3600,2900,1600,1000,720,590
men long black coat,2400,880,1000,2400,3600,5400,4400,3600,2900,1600,1000,720,590
long coat men black,2400,880,1000,2400,3600,5400,4400,3600,2900,1600,1000,720,590
mens chelsea brown boots,2400,1600,1600,2400,3600,5400,5400,2900,2400,1900,1600,1300,1000
brown pants corduroy,2400,880,1600,4400,5400,5400,4400,3600,1900,1600,1000,880,720
mens brown boots chelsea,2400,1600,1600,2400,3600,5400,5400,2900,2400,1900,1600,1300,1000
sequin jacket,2400,1900,1900,2400,2900,5400,5400,1600,1300,1300,1600,1900,2400
kids puffer jacket,2400,880,1900,4400,3600,5400,3600,2900,1600,1000,880,590,390
new years dress,2400,210,260,720,1600,5400,22200,320,260,320,170,140,70
brown corduroy pants,2400,880,1600,4400,5400,5400,4400,3600,1900,1600,1000,880,720
leather shorts women,2400,1300,1300,2400,3600,5400,5400,2400,1600,1900,1300,1000,880
beige coat,2400,720,1600,3600,5400,5400,4400,3600,2400,1900,1000,720,390
black winter coat,2400,1000,2400,5400,4400,5400,2400,2400,1000,590,480,320,320
cool shirts,2400,1900,1900,1900,1900,5400,4400,2900,2400,2400,2400,1900,2400
warm jackets for women,2400,390,880,3600,4400,5400,3600,3600,1900,1300,1000,720,260
beige coat women,2400,480,1000,2900,4400,5400,4400,3600,2400,1900,1000,590,320
fur trim coat,2400,480,1000,2400,3600,5400,5400,3600,2400,1300,590,480,320
longline jumper,2400,390,1000,4400,5400,5400,4400,3600,1900,1300,720,320,210
hoodrich jacket,2400,1300,1600,2900,3600,5400,4400,3600,2400,1900,1000,880,720
mercier coat,2400,1000,2400,4400,3600,5400,4400,3600,2400,1600,1000,720,480
paul smith hoodie,2400,1300,1600,2400,3600,5400,5400,2400,1900,1900,1600,1300,1300
paul smith sweatshirt,2400,1300,1600,2400,3600,5400,5400,2400,1900,1900,1600,1300,1300
levi's sweatshirt,2400,1000,1600,2400,2900,5400,5400,1900,1900,1900,1600,1300,880
mens party wear,2400,1600,1600,2400,2900,5400,5400,1900,1600,1600,1300,1300,1300
party outfits men,2400,1600,1600,2400,2900,5400,5400,1900,1600,1600,1300,1300,1300
party dress for men,2400,1600,1600,2400,2900,5400,5400,1900,1600,1600,1300,1300,1300
waterproof jacket with fleece lining,2400,720,1300,5400,4400,5400,2900,3600,2400,1300,880,880,720
fleece lined waterproof coat,2400,720,1300,5400,4400,5400,2900,3600,2400,1300,880,880,720
wool dresses,1900,480,1000,3600,4400,5400,3600,2900,1300,880,590,480,320
brown knee high boots with heel,1900,720,1300,3600,4400,5400,4400,2400,1600,1000,720,390,390
kitten heel knee high boots,1900,480,1000,2400,3600,5400,4400,1900,1300,1000,590,320,210
brown knit dress,1900,390,720,2900,4400,5400,3600,1900,1000,720,320,320,260
womens knee high leather boots,1900,720,1300,3600,4400,5400,4400,2400,1300,880,720,390,390
ladies leather knee high boots,1900,720,1300,3600,4400,5400,4400,2400,1300,880,720,390,390
kitten heel knee boots,1900,480,1000,2400,3600,5400,4400,1900,1300,1000,590,320,210
leather boots womens knee high,1900,720,1300,3600,4400,5400,4400,2400,1300,880,720,390,390
womens leather knee boots,1900,720,1300,3600,4400,5400,4400,2400,1300,880,720,390,390
knit brown dress,1900,390,720,2900,4400,5400,3600,1900,1000,720,320,320,260
knit dress brown,1900,390,720,2900,4400,5400,3600,1900,1000,720,320,320,260
wide leg leather pants,1900,390,720,2400,4400,5400,4400,2400,1900,1300,720,390,260
wool trench coat women,1900,390,1300,2900,3600,5400,4400,2900,1600,880,480,260,170
wide leg leather trousers,1900,390,720,2400,4400,5400,4400,2400,1900,1300,720,390,260
wool trench coat ladies,1900,390,1300,2900,3600,5400,4400,2900,1600,880,480,260,170
leather trousers wide leg,1900,390,720,2400,4400,5400,4400,2400,1900,1300,720,390,260
wide leg pleather pants,1900,390,720,2400,4400,5400,4400,2400,1900,1300,720,390,260
womens wool trench,1900,390,1300,2900,3600,5400,4400,2900,1600,880,480,260,170
wool womens trench coat,1900,390,1300,2900,3600,5400,4400,2900,1600,880,480,260,170
long padded coat,1900,390,880,2900,2900,5400,2900,3600,1300,590,480,260,110
mens puffer,1900,390,1000,2900,3600,5400,3600,2400,1300,720,480,260,260
long black puffer coat,1900,320,720,2400,2900,5400,3600,3600,1300,480,210,110,110
girls winter jacket,1900,720,1900,4400,4400,5400,2400,1900,720,480,390,260,320
black puffer,1900,590,1900,3600,3600,5400,3600,2900,1600,1000,590,480,320
thermal clothing,1900,590,880,2400,3600,5400,2900,4400,1300,720,480,480,390
zavetti canada coat womens,1900,480,720,1900,2900,5400,3600,3600,1900,1000,590,390,390
rab valiance jacket,1900,480,720,1900,2900,5400,3600,4400,2400,1300,720,480,390
sequin party dresses,1900,1300,1300,1900,2900,5400,3600,1000,880,1000,1000,1000,880
glitter tops for women,1900,880,880,1300,1900,5400,6600,1000,880,880,1000,1000,1300
mens borg fleece,1900,210,390,1600,2900,5400,5400,2400,1300,880,590,320,170
borg fleece mens,1900,210,390,1600,2900,5400,5400,2400,1300,880,590,320,170
brown jumper dress,1600,90,320,1900,3600,5400,4400,1900,1000,480,140,50,40
jumper dress brown,1600,90,320,1900,3600,5400,4400,1900,1000,480,140,50,40
fair isle cardigan womens,1600,390,880,2400,3600,5400,4400,1600,720,480,320,320,260
sparkly cardigans,1600,320,390,720,1900,5400,6600,590,390,390,320,390,260
long brown puffer coat,1600,50,260,1300,2900,5400,3600,3600,880,260,70,50,30
brown long puffer coat,1600,50,260,1300,2900,5400,3600,3600,880,260,70,50,30
mens warm waterproof coat,1600,320,590,2400,2900,5400,3600,2400,1900,720,480,390,210
long puffer coat brown,1600,50,260,1300,2900,5400,3600,3600,880,260,70,50,30
warm winter coats,1600,320,880,2900,3600,5400,1900,2400,720,260,170,210,170
warm coats for women,1600,210,590,2400,2900,5400,2900,3600,1000,590,320,170,90
mens winter fashion,1600,320,720,2400,3600,5400,3600,1600,720,260,140,110,110
winter going out outfits,1600,110,320,1600,3600,5400,2400,2900,1000,260,110,40,40
long sleeve velvet dress,1300,210,390,1000,2400,5400,4400,1000,590,390,260,260,170
long sleeve velour dress,1300,210,390,1000,2400,5400,4400,1000,590,390,260,260,170
velvet midi dress,1300,260,480,1600,2900,5400,3600,1000,590,390,260,260,140
long sleeve christmas party dress,880,50,70,480,1300,5400,2900,40,30,20,10,10,10
linen trousers women,18100,33100,18100,9900,5400,4400,4400,9900,9900,18100,27100,40500,33100
holiday outfits,14800,18100,14800,9900,6600,4400,4400,12100,12100,18100,22200,27100,27100
plus size swimwear,12100,22200,18100,12100,8100,4400,3600,9900,9900,12100,14800,18100,14800
bermuda shorts,12100,22200,12100,6600,6600,4400,3600,5400,5400,9900,14800,27100,27100
mens chino shorts,12100,22200,18100,12100,5400,4400,3600,5400,6600,8100,12100,18100,18100
green wedding guest dress,12100,14800,12100,9900,6600,4400,3600,9900,9900,14800,14800,18100,14800
denim jacket women,9900,12100,12100,9900,6600,4400,3600,4400,6600,12100,18100,14800,9900
jean jacket women,9900,12100,12100,9900,6600,4400,3600,4400,6600,12100,18100,14800,9900
pink maxi dress,9900,12100,8100,6600,5400,4400,3600,8100,8100,12100,14800,14800,12100
wedding outfits for women,9900,12100,12100,9900,6600,4400,3600,12100,12100,12100,12100,12100,9900
jeans jacket women,9900,12100,12100,9900,6600,4400,3600,4400,6600,12100,18100,14800,9900
light blue dress,8100,12100,8100,5400,5400,4400,3600,6600,6600,9900,9900,12100,12100
t shirts for women,8100,12100,9900,6600,5400,4400,4400,5400,5400,8100,12100,12100,12100
blue dresses for women,8100,9900,8100,6600,5400,4400,3600,6600,6600,8100,9900,9900,9900
day dresses,8100,12100,9900,6600,4400,4400,3600,5400,5400,8100,9900,12100,9900
white trousers women,8100,12100,9900,6600,5400,4400,4400,5400,6600,9900,12100,14800,12100
short trench coat women,6600,2400,4400,8100,6600,4400,3600,3600,5400,12100,12100,6600,3600
mens tank tops,6600,12100,8100,5400,4400,4400,4400,4400,3600,4400,5400,9900,9900
white tank top,6600,9900,6600,5400,6600,4400,4400,5400,4400,6600,8100,9900,8100
white lace dress,6600,8100,6600,6600,6600,4400,4400,6600,6600,8100,8100,9900,9900
petite dresses for women,6600,9900,6600,5400,4400,4400,3600,4400,5400,6600,8100,9900,9900
black wedding guest dress,6600,8100,9900,8100,6600,4400,2900,5400,5400,6600,6600,6600,6600
freemans dresses,6600,12100,8100,6600,5400,4400,2400,3600,5400,6600,8100,8100,8100
brunch outfits,6600,9900,8100,6600,5400,4400,1900,6600,8100,12100,9900,8100,6600
black shorts women,6600,9900,8100,4400,5400,4400,5400,2900,2900,3600,4400,8100,12100
ever pretty dresses,6600,3600,4400,4400,4400,4400,2900,14800,12100,9900,9900,8100,8100
jean skirts for women,6600,9900,8100,6600,5400,4400,3600,4400,5400,8100,8100,9900,8100
autumn dresses,6600,2400,12100,33100,18100,4400,590,590,590,590,590,590,720
skopes suits,6600,6600,6600,5400,5400,4400,3600,6600,6600,8100,8100,8100,8100
jeans skirt for women,6600,9900,8100,6600,5400,4400,3600,4400,5400,8100,8100,9900,8100
maxi dress with sleeves,5400,9900,6600,5400,5400,4400,3600,4400,4400,5400,6600,8100,6600
cargo pants for women,5400,5400,5400,5400,5400,4400,3600,4400,4400,6600,6600,6600,5400
black tie wedding guest dress,5400,5400,6600,6600,5400,4400,2900,4400,4400,5400,6600,8100,6600
work dresses for women,5400,5400,5400,6600,5400,4400,2900,5400,5400,5400,5400,5400,5400
white party dress,5400,6600,6600,5400,4400,4400,3600,5400,4400,5400,5400,5400,5400
mens lightweight jacket,5400,4400,4400,6600,4400,4400,3600,2900,4400,8100,9900,8100,6600
empire waist dress,5400,6600,6600,4400,3600,4400,3600,5400,5400,6600,6600,8100,6600
mens white pants,5400,8100,6600,5400,5400,4400,3600,3600,3600,4400,5400,6600,6600
olive green dress,5400,6600,6600,5400,4400,4400,2900,5400,5400,6600,6600,8100,8100
green maxi dress,5400,6600,5400,4400,3600,4400,2900,4400,4400,6600,8100,8100,8100
dress shops,5400,6600,4400,5400,4400,4400,4400,5400,5400,6600,6600,6600,6600
baby store,5400,6600,6600,5400,5400,4400,4400,5400,5400,5400,5400,5400,4400
baby dresses,5400,5400,4400,5400,4400,4400,5400,5400,5400,6600,4400,5400,3600
unisex baby clothes,5400,6600,5400,6600,5400,4400,5400,6600,5400,5400,5400,4400,4400
office wear,5400,5400,6600,6600,5400,4400,3600,5400,5400,5400,4400,4400,4400
m65 field jacket,5400,2400,2900,4400,4400,4400,12100,6600,5400,5400,4400,4400,2400
clubbing outfits,5400,5400,5400,6600,5400,4400,3600,5400,4400,5400,5400,5400,4400
ladies cargo pants,5400,5400,5400,5400,5400,4400,3600,4400,4400,6600,6600,6600,5400
cute outfits,5400,4400,4400,4400,4400,4400,5400,5400,5400,5400,5400,5400,5400
blue prom dresses,5400,6600,3600,5400,4400,4400,2900,8100,6600,6600,6600,6600,8100
white trousers men,5400,8100,6600,5400,5400,4400,3600,3600,3600,4400,5400,6600,6600
pink shirts for men,5400,6600,6600,5400,5400,4400,3600,3600,3600,4400,5400,5400,5400
a line wedding dress,5400,6600,8100,6600,5400,4400,3600,6600,5400,5400,5400,5400,5400
1940s fashion,5400,6600,6600,8100,5400,4400,2900,4400,3600,4400,4400,5400,4400
knee length dress,5400,6600,5400,3600,4400,4400,2900,3600,3600,4400,5400,8100,8100
kaleidoscope clothing,5400,8100,6600,6600,5400,4400,4400,4400,5400,6600,6600,6600,5400
autumn outfits,5400,2400,9900,27100,18100,4400,720,480,480,480,390,320,390
old money outfits,5400,8100,6600,5400,5400,4400,4400,4400,3600,4400,4400,4400,4400
hanfu,5400,6600,5400,5400,5400,4400,4400,5400,5400,5400,5400,5400,4400
pakistani clothing brands,5400,3600,4400,3600,4400,4400,4400,6600,6600,5400,5400,5400,3600
biker jacket women,4400,2400,3600,5400,5400,4400,3600,3600,3600,5400,4400,2900,1900
ladies biker jacket,4400,2400,3600,5400,5400,4400,3600,3600,3600,5400,4400,2900,1900
trench coat with hood,4400,1900,4400,12100,6600,4400,2900,2900,4400,4400,2900,2400,2400
straight leg trousers,4400,3600,4400,5400,4400,4400,3600,3600,3600,4400,4400,3600,2900
trench with hood,4400,1900,4400,12100,6600,4400,2900,2900,4400,4400,2900,2400,2400
trench raincoat with hood,4400,1900,4400,12100,6600,4400,2900,2900,4400,4400,2900,2400,2400
marks and spencers loafers,4400,3600,4400,6600,5400,4400,3600,5400,4400,5400,4400,4400,3600
trench jacket with hood,4400,1900,4400,12100,6600,4400,2900,2900,4400,4400,2900,2400,2400
hooded raincoats for women,4400,4400,5400,12100,6600,4400,2400,2900,3600,2900,2900,3600,6600
leggings with pockets,4400,4400,4400,5400,4400,4400,3600,4400,3600,4400,4400,3600,2900
maternity pants,4400,5400,5400,4400,4400,4400,4400,5400,4400,4400,4400,4400,3600
nursing tops,4400,4400,5400,5400,5400,4400,4400,5400,4400,5400,4400,4400,3600
bell bottom jeans,4400,3600,4400,4400,5400,4400,4400,4400,3600,4400,3600,3600,2900
letterman jacket,4400,3600,4400,3600,4400,4400,3600,4400,5400,9900,3600,3600,2400
cheap clothes,4400,5400,5400,5400,5400,4400,4400,4400,3600,4400,4400,5400,4400
compression shorts,4400,4400,4400,4400,4400,4400,3600,3600,3600,4400,4400,5400,4400
maternity jumpsuit,4400,5400,5400,4400,4400,4400,4400,4400,4400,5400,4400,4400,2900
yoga pants for women,4400,3600,4400,4400,4400,4400,3600,4400,3600,4400,3600,3600,2900
casual dresses for women,4400,5400,4400,4400,4400,4400,4400,3600,4400,4400,4400,5400,4400
denim jeans,4400,3600,4400,5400,5400,4400,4400,4400,3600,4400,4400,4400,3600
tunic tops for women,4400,4400,4400,5400,5400,4400,3600,4400,3600,4400,4400,4400,3600
midi skirts for women,4400,5400,3600,4400,4400,4400,3600,3600,3600,4400,5400,6600,6600
white jacket,4400,3600,3600,4400,4400,4400,3600,3600,3600,6600,6600,6600,3600
tunic dress,4400,5400,4400,4400,4400,4400,3600,3600,2900,3600,3600,4400,4400
boys shirts,4400,5400,4400,3600,3600,4400,5400,2900,3600,4400,3600,4400,4400
boucle jacket,4400,2400,3600,6600,5400,4400,4400,4400,4400,6600,5400,4400,2400
duster coat,4400,3600,3600,5400,4400,4400,3600,4400,4400,4400,4400,3600,2900
high waisted trousers,4400,4400,4400,5400,4400,4400,4400,4400,4400,4400,4400,3600,2900
high waisted wide leg jeans,4400,2900,4400,6600,5400,4400,4400,4400,4400,5400,4400,2900,1900
womens fashion,4400,5400,4400,5400,5400,4400,5400,4400,4400,5400,4400,4400,2900
gym outfits,4400,4400,4400,5400,4400,4400,4400,6600,5400,5400,4400,4400,3600