Keyword,Avg. monthly search,Jul 2025,Aug 2025,Sep 2025,Okt 2025,Nov 2025,Dec 2025,Jan 2026,Feb 2026,Mrt 2026,Apr 2026,Mei 2026,Jun 2026
wedding guest dresses,246000,368000,301000,201000,135000,74000,60500,201000,246000,301000,301000,368000,301000
dresses,165000,201000,165000,165000,135000,165000,165000,201000,165000,201000,165000,201000,201000
hoodies,110000,60500,90500,135000,135000,201000,165000,90500,74000,90500,74000,60500,49500
coat,74000,33100,60500,135000,135000,201000,110000,90500,60500,49500,33100,27100,27100
knee high boots,60500,27100,40500,110000,135000,135000,110000,60500,40500,33100,22200,18100,14800
womens coats,60500,14800,40500,110000,135000,165000,135000,90500,49500,33100,14800,12100,8100
trench coat,74000,33100,60500,110000,110000,110000,74000,60500,60500,74000,60500,40500,27100
trench jacket,74000,33100,60500,110000,110000,110000,74000,60500,60500,74000,60500,40500,27100
trench trench coat,74000,33100,60500,110000,110000,110000,74000,60500,60500,74000,60500,40500,27100
mens tracksuits,74000,33100,49500,90500,110000,165000,165000,74000,60500,60500,49500,40500,33100
tracksuit,74000,49500,60500,90500,110000,135000,135000,74000,60500,74000,49500,49500,40500
womens trainers,110000,74000,90500,110000,90500,165000,165000,90500,90500,110000,90500,90500,74000
jeans,90500,60500,74000,135000,90500,110000,110000,90500,74000,90500,74000,60500,49500
cardigan,74000,74000,110000,135000,90500,90500,90500,74000,60500,74000,74000,74000,60500
cardigan clothes,74000,74000,110000,135000,90500,90500,90500,74000,60500,74000,74000,74000,60500
cardigans clothing,74000,74000,110000,135000,90500,90500,90500,74000,60500,74000,74000,74000,60500
black dress,74000,74000,60500,74000,90500,90500,74000,74000,60500,74000,60500,60500,60500
leather jackets,60500,40500,49500,74000,90500,74000,74000,60500,60500,74000,74000,60500,33100
jackets leather,60500,40500,49500,74000,90500,74000,74000,60500,60500,74000,74000,60500,33100
jacket leder,60500,40500,49500,74000,90500,74000,74000,60500,60500,74000,74000,60500,33100
leather jacket,60500,40500,49500,74000,90500,74000,74000,60500,60500,74000,74000,60500,33100
jacket,60500,33100,49500,90500,90500,110000,90500,60500,60500,74000,60500,40500,33100
mens coats,49500,9900,22200,74000,90500,165000,110000,60500,33100,22200,12100,8100,6600
christmas party dress,40500,3600,8100,33100,90500,246000,110000,1600,880,880,720,880,1000
pea coat,40500,18100,33100,49500,90500,60500,49500,40500,27100,22200,14800,12100,9900
victoria beckham clothing,12100,1000,1300,1300,90500,14800,9900,12100,5400,2400,1900,2400,1600
mens hoodies,60500,22200,33100,74000,74000,135000,165000,49500,40500,40500,33100,27100,22200
puffer jacket,49500,14800,33100,74000,74000,110000,74000,60500,33100,22200,14800,12100,9900
mens jackets,49500,18100,27100,60500,74000,110000,110000,60500,49500,49500,33100,27100,18100
anna wintour,49500,60500,27100,49500,74000,27100,40500,22200,22200,33100,60500,135000,18100
black boots,33100,22200,27100,49500,74000,74000,60500,40500,27100,22200,18100,14800,14800
shorts,90500,110000,74000,60500,60500,60500,74000,74000,74000,90500,110000,135000,135000
women clothing,60500,49500,49500,49500,60500,60500,74000,49500,49500,60500,60500,49500,49500
bomber jacket,49500,27100,40500,60500,60500,74000,49500,49500,40500,49500,49500,40500,27100
waterproof jacket,49500,40500,40500,90500,60500,60500,40500,40500,40500,27100,22200,27100,40500
pyjamas,49500,33100,33100,49500,60500,90500,110000,49500,40500,40500,27100,33100,27100
womens tracksuits,49500,18100,33100,60500,60500,90500,90500,49500,40500,40500,27100,22200,18100
sainsbury's clothing,49500,49500,49500,49500,60500,60500,60500,33100,33100,40500,40500,49500,40500
weatherproof jacket,49500,40500,40500,90500,60500,60500,40500,40500,40500,27100,22200,27100,40500
boots docmart,40500,18100,27100,49500,60500,90500,74000,49500,27100,22200,18100,14800,12100
chelsea boots boots,40500,22200,33100,60500,60500,74000,74000,49500,33100,33100,22200,22200,18100
mens jeans,40500,27100,33100,49500,60500,74000,90500,40500,40500,40500,33100,27100,22200
black tie dresses,40500,27100,33100,49500,60500,74000,33100,49500,40500,40500,40500,40500,33100
party dresses,40500,33100,33100,40500,60500,110000,74000,40500,33100,33100,27100,27100,27100
fur coat,40500,9900,22200,40500,60500,110000,110000,60500,33100,14800,9900,6600,5400
men's jeans,40500,27100,33100,49500,60500,74000,90500,40500,40500,40500,33100,27100,22200
womens jumpers,33100,8100,18100,49500,60500,74000,90500,40500,22200,18100,12100,8100,5400
puffer jacket women,33100,8100,18100,49500,60500,74000,49500,49500,22200,18100,9900,8100,5400
ladies puffer jacket,33100,8100,18100,49500,60500,74000,49500,49500,22200,18100,9900,8100,5400
jumper dress,27100,3600,8100,40500,60500,90500,74000,33100,18100,8100,4400,2900,1900
brown knee high boots,27100,8100,18100,49500,60500,60500,40500,22200,14800,12100,8100,6600,4400
brown knee boots,27100,8100,18100,49500,60500,60500,40500,22200,14800,12100,8100,6600,4400
brown high boots,27100,8100,18100,49500,60500,60500,40500,22200,14800,12100,8100,6600,4400
sweatshirt jumper dress,27100,3600,8100,40500,60500,90500,74000,33100,18100,8100,4400,2900,1900
high knee boots brown,27100,8100,18100,49500,60500,60500,40500,22200,14800,12100,8100,6600,4400
jumper and dress,27100,3600,8100,40500,60500,90500,74000,33100,18100,8100,4400,2900,1900
jumper with dress,27100,3600,8100,40500,60500,90500,74000,33100,18100,8100,4400,2900,1900
winter coats,27100,12100,33100,74000,60500,74000,33100,27100,9900,5400,3600,3600,3600
maxi dresses,74000,110000,74000,60500,49500,60500,49500,60500,60500,90500,90500,110000,110000
white dress,60500,90500,60500,49500,49500,33100,33100,49500,49500,60500,60500,74000,74000
baby clothes,49500,49500,49500,60500,49500,60500,60500,60500,49500,49500,40500,40500,40500
going out tops,49500,27100,33100,49500,49500,60500,60500,60500,74000,74000,49500,40500,33100
jumpsuits,49500,60500,49500,49500,49500,60500,49500,49500,49500,49500,49500,60500,49500
skirts,49500,60500,49500,49500,49500,49500,49500,40500,40500,49500,40500,49500,49500
arne clothing,49500,27100,40500,49500,49500,90500,90500,60500,40500,40500,40500,40500,40500
arcteryx jacket,33100,14800,22200,49500,49500,60500,49500,40500,33100,22200,18100,14800,14800
nutmeg clothing,33100,33100,33100,40500,49500,40500,40500,27100,27100,33100,33100,40500,33100
male puffer jacket,27100,5400,12100,33100,49500,74000,49500,33100,18100,12100,6600,4400,3600
puffer mens coat,27100,5400,12100,33100,49500,74000,49500,33100,18100,12100,6600,4400,3600
jackets for men puffer,27100,5400,12100,33100,49500,74000,49500,33100,18100,12100,6600,4400,3600
coat mens puffer,27100,5400,12100,33100,49500,74000,49500,33100,18100,12100,6600,4400,3600
jacket men puffer,27100,5400,12100,33100,49500,74000,49500,33100,18100,12100,6600,4400,3600
fleece jacket,27100,8100,14800,40500,49500,49500,33100,33100,22200,22200,18100,12100,8100
mens puffer jacket,27100,5400,12100,33100,49500,74000,49500,33100,18100,12100,6600,4400,3600
black knee high boots,22200,8100,14800,33100,49500,49500,40500,22200,14800,12100,6600,5400,4400
black knee boots,22200,8100,14800,33100,49500,49500,40500,22200,14800,12100,6600,5400,4400
black knee high,22200,8100,14800,33100,49500,49500,40500,22200,14800,12100,6600,5400,4400
black boots high knee,22200,8100,14800,33100,49500,49500,40500,22200,14800,12100,6600,5400,4400
winter coats women,18100,6600,18100,49500,49500,49500,22200,22200,8100,4400,2400,1900,2400
mother of the bride dresses,49500,60500,49500,40500,40500,27100,22200,90500,74000,60500,60500,49500,40500
mini dress,49500,49500,40500,40500,40500,49500,49500,40500,40500,49500,49500,60500,60500
apricot clothing,49500,60500,49500,40500,40500,49500,49500,49500,40500,49500,60500,74000,60500
red dress,40500,40500,33100,33100,40500,49500,60500,40500,49500,33100,33100,33100,33100
baby clothes for boys,40500,33100,40500,40500,40500,40500,40500,40500,40500,40500,40500,33100,33100
windbreakers,40500,49500,49500,49500,40500,33100,27100,27100,33100,49500,49500,49500,40500
baggy jeans,33100,33100,33100,40500,40500,49500,49500,33100,27100,33100,27100,22200,22200
mens cargo trousers,33100,27100,27100,40500,40500,49500,49500,33100,27100,33100,27100,27100,22200
work trousers,33100,27100,33100,49500,40500,40500,27100,40500,33100,33100,27100,27100,27100
trousers,33100,33100,33100,49500,40500,40500,40500,33100,33100,40500,33100,33100,27100
ladies dressing gowns,33100,12100,18100,40500,40500,90500,90500,33100,22200,22200,14800,14800,12100
smart casual,33100,40500,33100,40500,40500,40500,27100,27100,27100,33100,33100,33100,40500
long sleeve dress,27100,18100,18100,33100,40500,40500,33100,33100,27100,27100,22200,22200,18100
longsleeve dress,27100,18100,18100,33100,40500,40500,33100,33100,27100,27100,22200,22200,18100
large sleeve dress,27100,18100,18100,33100,40500,40500,33100,33100,27100,27100,22200,22200,18100
party dresses for women,27100,18100,18100,27100,40500,60500,40500,22200,18100,18100,18100,18100,18100
girls coats,27100,14800,49500,60500,40500,49500,33100,33100,18100,12100,8100,5400,5400
boys tracksuits,27100,12100,14800,33100,40500,60500,49500,18100,22200,27100,14800,12100,8100
waterproof trousers,27100,14800,18100,49500,40500,49500,33100,40500,33100,22200,14800,18100,22200
polo tracksuit,27100,22200,27100,40500,40500,60500,49500,27100,22200,22200,18100,14800,12100
party dresses for ladies,27100,18100,18100,27100,40500,60500,40500,22200,18100,18100,18100,18100,18100
ankle boots,22200,9900,18100,40500,40500,49500,33100,27100,18100,14800,9900,8100,6600
boot for ankle,22200,9900,18100,40500,40500,49500,33100,27100,18100,14800,9900,8100,6600
puffer coat,22200,5400,18100,40500,40500,60500,33100,33100,14800,8100,4400,3600,2900
womens fleece jacket,22200,6600,14800,40500,40500,40500,33100,27100,18100,22200,18100,14800,6600
midi dress,49500,60500,49500,40500,33100,33100,27100,33100,33100,49500,60500,60500,60500
denim dress,49500,74000,60500,49500,33100,22200,14800,27100,40500,60500,60500,60500,60500
maternity clothes,40500,33100,40500,40500,33100,33100,40500,40500,40500,40500,40500,33100,27100
pink dress,40500,49500,40500,33100,33100,22200,18100,40500,40500,49500,49500,49500,49500
tank top,40500,49500,40500,33100,33100,33100,33100,33100,33100,40500,40500,49500,49500
women dresses,40500,49500,40500,33100,33100,40500,40500,33100,33100,40500,40500,49500,49500
leggings,33100,22200,27100,33100,33100,40500,40500,33100,27100,27100,27100,22200,18100
baby girl clothes,33100,33100,33100,33100,33100,40500,40500,40500,33100,33100,33100,33100,27100
sequin dresses,33100,27100,22200,27100,33100,60500,60500,22200,14800,18100,22200,27100,27100
chino's,33100,40500,40500,33100,33100,33100,33100,27100,27100,33100,33100,33100,33100
pajamas,27100,18100,22200,27100,33100,60500,49500,33100,22200,22200,18100,18100,14800
sweatshirt,27100,18100,27100,40500,33100,40500,33100,27100,22200,27100,22200,18100,14800
flare jeans,27100,22200,27100,33100,33100,33100,33100,33100,27100,27100,22200,18100,14800
birthday dress,27100,27100,27100,33100,33100,27100,22200,40500,27100,27100,27100,27100,22200
lounge wear,27100,14800,18100,27100,33100,49500,49500,27100,22200,22200,14800,14800,12100
black dresses for women,27100,27100,27100,33100,33100,33100,27100,27100,27100,27100,22200,22200,22200
long sleeve tops,27100,12100,18100,33100,33100,33100,33100,27100,22200,27100,22200,22200,18100
terraces menswear,27100,22200,22200,27100,33100,49500,40500,27100,22200,27100,27100,27100,27100
smart casual men,27100,33100,27100,33100,33100,33100,27100,22200,22200,27100,27100,27100,27100
dungaree,27100,33100,27100,27100,33100,22200,22200,27100,27100,33100,33100,27100,27100
morrisons clothes,27100,22200,27100,27100,33100,33100,33100,18100,18100,22200,22200,27100,22200
smart casual attire men,27100,33100,27100,33100,33100,33100,27100,22200,22200,27100,27100,27100,27100
trench coat women,22200,8100,18100,40500,33100,27100,27100,22200,22200,33100,27100,14800,9900
suedette jacket,22200,8100,33100,49500,33100,22200,18100,18100,18100,27100,22200,14800,8100
female trench coat,22200,8100,18100,40500,33100,27100,27100,22200,22200,33100,27100,14800,9900
trench jacket ladies,22200,8100,18100,40500,33100,27100,27100,22200,22200,33100,27100,14800,9900
ladies trenchcoats,22200,8100,18100,40500,33100,27100,27100,22200,22200,33100,27100,14800,9900
black jeans,22200,14800,22200,27100,33100,40500,33100,27100,22200,22200,18100,14800,12100
black mini dress,22200,18100,18100,22200,33100,33100,33100,22200,22200,22200,18100,14800,18100
christmas dress,22200,1600,3600,12100,33100,90500,90500,880,590,720,590,720,720
zavetti canada coat,22200,6600,14800,33100,33100,60500,40500,40500,22200,12100,6600,5400,4400
waterproof coat,22200,9900,14800,49500,33100,40500,22200,27100,22200,12100,6600,8100,9900
suede jacket,22200,8100,33100,49500,33100,22200,18100,18100,18100,27100,22200,14800,8100
christmas party outfit,22200,880,1900,9900,33100,110000,74000,720,480,390,320,260,260
brown dresses,22200,18100,22200,33100,33100,33100,22200,22200,18100,22200,18100,22200,22200
mens fleece,22200,4400,8100,27100,33100,60500,49500,22200,14800,12100,8100,6600,4400
brown pleather jacket,18100,8100,18100,33100,33100,27100,22200,18100,18100,18100,14800,9900,5400
brown leather coats,18100,8100,18100,33100,33100,27100,22200,18100,18100,18100,14800,9900,5400
leather coat brown,18100,8100,18100,33100,33100,27100,22200,18100,18100,18100,14800,9900,5400
browns leather jacket,18100,8100,18100,33100,33100,27100,22200,18100,18100,18100,14800,9900,5400
brown colour leather jacket,18100,8100,18100,33100,33100,27100,22200,18100,18100,18100,14800,9900,5400
brown leather coat,18100,8100,18100,33100,33100,27100,22200,18100,18100,18100,14800,9900,5400
brown leather overcoat,18100,8100,18100,33100,33100,27100,22200,18100,18100,18100,14800,9900,5400
quilted jacket,18100,9900,18100,33100,33100,27100,18100,18100,18100,27100,22200,14800,6600
brown leather jacket,18100,8100,18100,33100,33100,27100,22200,18100,18100,18100,14800,9900,5400
quilted coat,18100,9900,18100,33100,33100,27100,18100,18100,18100,27100,22200,14800,6600
black skirts,18100,18100,18100,22200,33100,27100,33100,18100,14800,14800,12100,12100,14800
knitted dress,14800,4400,6600,22200,33100,40500,33100,18100,8100,5400,3600,3600,2900
chelsea boots women,14800,4400,9900,27100,33100,33100,27100,18100,12100,8100,4400,3600,2900
chelsea boots ladies,14800,4400,9900,27100,33100,33100,27100,18100,12100,8100,4400,3600,2900
mens winter jackets,14800,3600,8100,27100,33100,49500,27100,18100,8100,4400,2400,1900,1600
winter jacket,14800,6600,14800,33100,33100,40500,18100,14800,6600,3600,2400,2400,2400
winter wedding guest dresses,14800,9900,18100,27100,33100,33100,18100,18100,9900,5400,4400,5400,5400
duffle coat,14800,9900,14800,22200,33100,33100,22200,22200,12100,9900,8100,6600,5400
brown coat women,14800,2900,8100,27100,33100,27100,22200,18100,12100,12100,9900,6600,3600
brown jacket women,14800,2900,8100,27100,33100,27100,22200,18100,12100,12100,9900,6600,3600
swimsuits,40500,49500,49500,33100,27100,27100,27100,40500,33100,40500,40500,49500,49500
polo shirts,40500,49500,40500,33100,27100,33100,33100,22200,22200,33100,33100,49500,49500
mens t shirts,40500,49500,40500,33100,27100,49500,60500,22200,27100,33100,40500,60500,49500
monsoon dresses,40500,49500,33100,27100,27100,27100,22200,33100,27100,33100,40500,60500,60500
white womens trainers,40500,49500,49500,40500,27100,33100,33100,33100,33100,49500,60500,60500,49500
shirts,33100,33100,33100,33100,27100,33100,27100,27100,27100,33100,33100,33100,33100
blouses,33100,33100,33100,33100,27100,27100,27100,33100,33100,40500,33100,40500,33100
denim skirts,33100,60500,40500,33100,27100,22200,18100,22200,22200,33100,40500,49500,40500
dresses for occasions,33100,49500,40500,33100,27100,18100,12100,27100,33100,40500,40500,49500,40500
formal dresses,27100,22200,22200,33100,27100,33100,18100,33100,27100,33100,27100,27100,22200
gym clothes,27100,27100,27100,27100,27100,33100,33100,40500,27100,27100,27100,22200,22200
harrington jacket,27100,18100,22200,27100,27100,33100,27100,27100,22200,33100,33100,27100,18100
disturbia clothing,27100,18100,27100,27100,27100,27100,27100,27100,27100,22200,22200,33100,33100
corset dresses,27100,27100,22200,22200,27100,27100,22200,27100,27100,27100,27100,33100,27100
runway,27100,27100,27100,27100,27100,22200,27100,40500,33100,33100,33100,33100,33100
harriton jacket,27100,18100,22200,27100,27100,33100,27100,27100,22200,33100,33100,27100,18100
barrel jeans,22200,12100,18100,27100,27100,22200,18100,22200,27100,27100,22200,18100,14800
wide leg trousers,22200,27100,27100,33100,27100,22200,18100,22200,18100,22200,22200,22200,18100
jeans barrel,22200,12100,18100,27100,27100,22200,18100,22200,27100,27100,22200,18100,14800
wide leg dress trousers,22200,27100,27100,33100,27100,22200,18100,22200,18100,22200,22200,22200,18100
waterproof rain coats men,22200,14800,18100,40500,27100,33100,27100,18100,18100,12100,8100,9900,12100
wide leg jeans,22200,14800,22200,27100,27100,22200,22200,22200,18100,22200,18100,14800,9900
ski jacket,22200,5400,8100,18100,27100,49500,49500,60500,33100,18100,5400,3600,3600
mini skirt,22200,27100,22200,22200,27100,27100,27100,22200,18100,22200,18100,22200,22200
mens waterproof jacket,22200,14800,18100,40500,27100,33100,27100,18100,18100,12100,8100,9900,12100
tunics,22200,27100,27100,27100,27100,22200,18100,27100,22200,22200,22200,22200,22200
tunic clothing,22200,27100,27100,27100,27100,22200,18100,27100,22200,22200,22200,22200,22200
nutmeg morrisons,22200,22200,27100,27100,27100,22200,27100,22200,22200,22200,22200,27100,22200
leather jacket women,18100,8100,12100,27100,27100,27100,18100,14800,14800,18100,14800,14800,8100
leather coat women,18100,8100,12100,27100,27100,27100,18100,14800,14800,18100,14800,14800,8100
female leather jacket,18100,8100,12100,27100,27100,27100,18100,14800,14800,18100,14800,14800,8100
women in leather jacket,18100,8100,12100,27100,27100,27100,18100,14800,14800,18100,14800,14800,8100
workwear,18100,18100,18100,27100,27100,22200,14800,22200,18100,18100,18100,14800,14800
flare leggings,18100,12100,18100,22200,27100,27100,22200,22200,18100,18100,14800,14800,12100
sweaters,18100,12100,18100,27100,27100,33100,33100,18100,18100,14800,12100,12100,12100
jackets for women,18100,6600,12100,27100,27100,33100,27100,22200,18100,22200,22200,14800,9900
boys coats,18100,9900,27100,40500,27100,40500,27100,22200,12100,8100,4400,3600,3600
quilted jacket womens,18100,8100,12100,27100,27100,18100,14800,14800,14800,27100,22200,14800,5400
black coat,18100,5400,14800,27100,27100,40500,27100,22200,14800,9900,5400,3600,2900
rab jacket,18100,6600,9900,22200,27100,40500,33100,33100,22200,18100,12100,9900,8100
black coat women,18100,3600,9900,22200,27100,40500,33100,33100,18100,12100,6600,3600,2400
fur coat women,18100,2900,6600,14800,27100,49500,60500,33100,14800,8100,4400,2900,1900
fur jacket women,18100,2900,6600,14800,27100,49500,60500,33100,14800,8100,4400,2900,1900
knitted jumper,18100,6600,14800,27100,27100,40500,33100,18100,12100,9900,6600,5400,3600
man with leather jacket,14800,8100,12100,18100,27100,27100,27100,18100,14800,14800,12100,9900,6600
leather coats for men,14800,8100,12100,18100,27100,27100,27100,18100,14800,14800,12100,9900,6600
mens designer coats,14800,5400,9900,22200,27100,33100,27100,14800,12100,12100,6600,6600,4400
male leather jacket,14800,8100,12100,18100,27100,27100,27100,18100,14800,14800,12100,9900,6600
mens leather coats and jackets,14800,8100,12100,18100,27100,27100,27100,18100,14800,14800,12100,9900,6600
mens leather clothing,14800,8100,12100,18100,27100,27100,27100,18100,14800,14800,12100,9900,6600
coat mens designer,14800,5400,9900,22200,27100,33100,27100,14800,12100,12100,6600,6600,4400
men fleece coat,14800,3600,6600,18100,27100,33100,27100,18100,12100,9900,8100,6600,3600
guys leather jacket,14800,8100,12100,18100,27100,27100,27100,18100,14800,14800,12100,9900,6600
man in leather jacket,14800,8100,12100,18100,27100,27100,27100,18100,14800,14800,12100,9900,6600
mens leather jackets,14800,8100,12100,18100,27100,27100,27100,18100,14800,14800,12100,9900,6600
wool coat,14800,3600,8100,22200,27100,40500,33100,27100,12100,6600,3600,2400,1900
mens fleece jacket,14800,3600,6600,18100,27100,33100,27100,18100,12100,9900,8100,6600,3600
rab coat,14800,4400,8100,22200,27100,33100,33100,27100,14800,9900,5400,4400,3600
mens designer jackets,14800,5400,9900,22200,27100,33100,27100,14800,12100,12100,6600,6600,4400
fleece jacket men,14800,3600,6600,18100,27100,33100,27100,18100,12100,9900,8100,6600,3600
mens fleece coat,14800,3600,6600,18100,27100,33100,27100,18100,12100,9900,8100,6600,3600
mens microfleece jacket,14800,3600,6600,18100,27100,33100,27100,18100,12100,9900,8100,6600,3600
jacket fleece mens,14800,3600,6600,18100,27100,33100,27100,18100,12100,9900,8100,6600,3600
womens jumper dress,12100,1300,3600,14800,27100,33100,33100,14800,6600,2900,1600,880,720
ladies jumper dress,12100,1300,3600,14800,27100,33100,33100,14800,6600,2900,1600,880,720
dress jumper womens,12100,1300,3600,14800,27100,33100,33100,14800,6600,2900,1600,880,720
dress jumpers ladies,12100,1300,3600,14800,27100,33100,33100,14800,6600,2900,1600,880,720
male winter coats,12100,2400,6600,22200,27100,40500,18100,14800,5400,2400,1600,1300,1000
winter dresses,9900,2400,6600,22200,27100,27100,18100,9900,4400,1900,880,880,880
winter jackets women,9900,3600,8100,22200,27100,27100,12100,9900,4400,2400,1600,1600,1600
carpenter jeans,8100,4400,4400,6600,27100,9900,9900,6600,5400,4400,4400,3600,3600
mens swimming shorts,33100,49500,40500,33100,22200,22200,22200,27100,27100,27100,33100,49500,49500
shirt dress,27100,49500,33100,27100,22200,18100,18100,18100,22200,27100,33100,40500,40500
dress shirt dress,27100,49500,33100,27100,22200,18100,18100,18100,22200,27100,33100,40500,40500
dress with shirt,27100,49500,33100,27100,22200,18100,18100,18100,22200,27100,33100,40500,40500
dress and shirt,27100,49500,33100,27100,22200,18100,18100,18100,22200,27100,33100,40500,40500
shirt and dress,27100,49500,33100,27100,22200,18100,18100,18100,22200,27100,33100,40500,40500
maternity dresses,27100,33100,27100,27100,22200,22200,22200,27100,27100,33100,33100,33100,27100
denim jacket,27100,27100,27100,27100,22200,18100,18100,18100,22200,40500,49500,40500,27100
green dress,22200,27100,22200,18100,22200,18100,14800,14800,18100,22200,22200,22200,22200
vintage clothing,22200,22200,22200,27100,22200,22200,18100,18100,18100,18100,18100,18100,14800
girls clothes,22200,14800,18100,22200,22200,33100,33100,14800,18100,22200,18100,14800,14800
womens ski jacket,22200,5400,8100,14800,22200,40500,40500,60500,27100,14800,4400,2900,2400
gym clothes for women,22200,22200,22200,22200,22200,27100,33100,33100,22200,22200,22200,18100,18100
womens gym wear,22200,22200,22200,22200,22200,27100,33100,33100,22200,22200,22200,18100,18100
golden dress,22200,18100,18100,22200,22200,27100,27100,22200,18100,18100,18100,18100,18100
toast clothes,22200,22200,22200,22200,22200,22200,27100,27100,18100,22200,22200,27100,27100
ladies gym clothes,22200,22200,22200,22200,22200,27100,33100,33100,22200,22200,22200,18100,18100
cropped trench coat,18100,8100,22200,33100,22200,14800,12100,9900,12100,27100,22200,14800,8100
cropped trench jacket,18100,8100,22200,33100,22200,14800,12100,9900,12100,27100,22200,14800,8100
trenchcoat cropped,18100,8100,22200,33100,22200,14800,12100,9900,12100,27100,22200,14800,8100
cargo pants,18100,22200,22200,22200,22200,22200,22200,18100,14800,18100,18100,18100,14800
kids clothes,18100,18100,18100,22200,22200,33100,27100,14800,14800,22200,18100,18100,12100
juicy couture tracksuit,18100,12100,14800,18100,22200,33100,33100,18100,14800,14800,12100,9900,8100
low rise jeans,18100,18100,22200,22200,22200,22200,22200,18100,18100,22200,18100,14800,12100
pants,18100,27100,18100,18100,22200,22200,22200,18100,18100,18100,18100,18100,18100
boys clothes,18100,14800,18100,22200,22200,27100,27100,14800,14800,22200,18100,14800,12100
bootcut jeans,18100,12100,14800,22200,22200,22200,22200,22200,18100,22200,18100,14800,12100
women's suits,18100,18100,18100,22200,22200,18100,14800,22200,18100,22200,18100,18100,14800
womens waterproof jacket,18100,14800,18100,49500,22200,22200,18100,14800,14800,12100,8100,12100,14800
loungewear set,18100,8100,12100,18100,22200,33100,40500,18100,14800,14800,9900,9900,8100
womens pajamas sets,18100,9900,12100,18100,22200,40500,49500,14800,12100,12100,8100,9900,8100
black trousers women,18100,14800,18100,22200,22200,22200,18100,22200,18100,18100,14800,14800,12100
white shirts,18100,22200,18100,18100,22200,18100,14800,14800,14800,18100,18100,18100,22200
smart casual women,18100,22200,22200,22200,22200,22200,14800,18100,18100,22200,18100,18100,22200
gym shark leggings,18100,12100,14800,18100,22200,40500,33100,22200,18100,18100,14800,14800,9900
preppy,18100,27100,22200,22200,22200,18100,18100,18100,14800,18100,14800,14800,12100
smart casual attire women,18100,22200,22200,22200,22200,22200,14800,18100,18100,22200,18100,18100,22200
overshirt men,18100,9900,14800,22200,22200,33100,33100,14800,14800,18100,18100,14800,9900
mensovershirt,18100,9900,14800,22200,22200,33100,33100,14800,14800,18100,18100,14800,9900
leopard print jeans,14800,8100,12100,22200,22200,18100,14800,18100,18100,18100,12100,8100,4400
jeans with leopard print,14800,8100,12100,22200,22200,18100,14800,18100,18100,18100,12100,8100,4400
short trench coat,14800,6600,14800,33100,22200,14800,12100,9900,12100,22200,22200,12100,5400
short trench jacket,14800,6600,14800,33100,22200,14800,12100,9900,12100,22200,22200,12100,5400
trench short coat,14800,6600,14800,33100,22200,14800,12100,9900,12100,22200,22200,12100,5400
small trench coat,14800,6600,14800,33100,22200,14800,12100,9900,12100,22200,22200,12100,5400
mens rain coat,14800,14800,14800,40500,22200,18100,12100,9900,12100,8100,6600,8100,12100
mens rain coats,14800,14800,14800,40500,22200,18100,12100,9900,12100,8100,6600,8100,12100
cords trousers,14800,6600,9900,18100,22200,27100,22200,18100,12100,9900,8100,6600,5400
long female coat,14800,2900,6600,18100,22200,40500,33100,22200,12100,8100,5400,2900,1900
coats long womens,14800,2900,6600,18100,22200,40500,33100,22200,12100,8100,5400,2900,1900
ladies coat long,14800,2900,6600,18100,22200,40500,33100,22200,12100,8100,5400,2900,1900
black puffer jacket,14800,5400,12100,22200,22200,33100,22200,18100,9900,6600,3600,2900,1900
rain jacket,14800,18100,18100,40500,22200,18100,12100,12100,12100,9900,8100,12100,18100
mens sweatshirts,14800,5400,8100,18100,22200,33100,40500,14800,12100,14800,9900,8100,5400
black jacket,14800,8100,12100,18100,22200,22200,18100,14800,14800,18100,14800,12100,8100
rain jacket men,14800,14800,14800,40500,22200,18100,12100,9900,12100,8100,6600,8100,12100
long coat,14800,3600,6600,18100,22200,33100,27100,22200,12100,6600,4400,2900,2400
long coat women,14800,2900,6600,18100,22200,40500,33100,22200,12100,8100,5400,2900,1900
black lace dress,14800,9900,12100,14800,22200,22200,18100,18100,18100,14800,12100,12100,9900
napapijri jacket,14800,6600,8100,14800,22200,27100,27100,18100,12100,9900,6600,5400,5400
fur jacket,14800,2900,6600,14800,22200,40500,40500,22200,12100,8100,3600,2400,1600
corduroy trousers,14800,6600,9900,18100,22200,27100,22200,18100,12100,9900,8100,6600,5400
puddle suit,14800,9900,14800,33100,22200,18100,9900,14800,14800,9900,6600,4400,6600
long jacket women,14800,2900,6600,18100,22200,40500,33100,22200,12100,8100,5400,2900,1900
napapijri coat,14800,6600,8100,14800,22200,27100,27100,18100,12100,9900,6600,5400,5400
women's cardigans,14800,8100,14800,22200,22200,22200,22200,14800,12100,14800,14800,12100,8100
mens aviator jacket,14800,6600,9900,18100,22200,27100,22200,14800,12100,14800,12100,8100,5400
ladies long coat,14800,2900,6600,18100,22200,40500,33100,22200,12100,8100,5400,2900,1900
knee boots for women,12100,3600,6600,18100,22200,27100,27100,12100,6600,4400,2900,1900,1600
ladies knee high boots,12100,3600,6600,18100,22200,27100,27100,12100,6600,4400,2900,1900,1600
ladies knee boots,12100,3600,6600,18100,22200,27100,27100,12100,6600,4400,2900,1900,1600
ladies high boots,12100,3600,6600,18100,22200,27100,27100,12100,6600,4400,2900,1900,1600
black boots women,12100,3600,6600,14800,22200,27100,22200,14800,8100,5400,3600,2900,2900
black trench coat,12100,4400,8100,18100,22200,22200,18100,14800,12100,14800,9900,6600,3600
black trench jacket,12100,4400,8100,18100,22200,22200,18100,14800,12100,14800,9900,6600,3600
dark trench coat,12100,4400,8100,18100,22200,22200,18100,14800,12100,14800,9900,6600,3600
trench black coat,12100,4400,8100,18100,22200,22200,18100,14800,12100,14800,9900,6600,3600
black coat trench,12100,4400,8100,18100,22200,22200,18100,14800,12100,14800,9900,6600,3600
suede brown coat,12100,3600,14800,27100,22200,12100,8100,8100,8100,12100,9900,6600,2900
brown suedette jacket,12100,3600,14800,27100,22200,12100,8100,8100,8100,12100,9900,6600,2900
doc marten chelsea boot,12100,5400,8100,18100,22200,33100,27100,18100,9900,6600,4400,3600,2900
dr marten boots chelsea,12100,5400,8100,18100,22200,33100,27100,18100,9900,6600,4400,3600,2900
dms chelsea boots,12100,5400,8100,18100,22200,33100,27100,18100,9900,6600,4400,3600,2900
polo ralph puffer,12100,2400,12100,22200,22200,33100,22200,14800,6600,3600,2400,1900,1600
boys winter coats,12100,5400,12100,33100,22200,27100,12100,12100,3600,1900,1000,1000,1600
ladies coats,12100,1900,5400,22200,22200,33100,27100,18100,12100,8100,3600,2400,1600
boys winter jacket,12100,5400,12100,33100,22200,27100,12100,12100,3600,1900,1000,1000,1600
brown jacket,12100,3600,8100,18100,22200,18100,12100,9900,9900,12100,9900,8100,4400
brown suede jacket,12100,3600,14800,27100,22200,12100,8100,8100,8100,12100,9900,6600,2900
brown jacket suede,12100,3600,14800,27100,22200,12100,8100,8100,8100,12100,9900,6600,2900
wide calf knee high boots,9900,2900,5400,14800,22200,27100,18100,12100,6600,4400,2900,1900,1300
wide leg knee high boots,9900,2900,5400,14800,22200,27100,18100,12100,6600,4400,2900,1900,1300
wide calf knee boots,9900,2900,5400,14800,22200,27100,18100,12100,6600,4400,2900,1900,1300
wide calf high boots,9900,2900,5400,14800,22200,27100,18100,12100,6600,4400,2900,1900,1300
black ankle boots,9900,3600,6600,18100,22200,22200,18100,12100,9900,6600,4400,3600,2400
brown boots women,9900,2900,6600,18100,22200,22200,18100,9900,6600,4400,2900,1900,1900
brown jeans,9900,2900,8100,18100,22200,14800,12100,12100,9900,9900,6600,5400,3600
brown jeans women,9900,1900,6600,18100,22200,14800,9900,9900,9900,8100,5400,3600,1900
autumn wedding guest dresses,9900,9900,22200,40500,22200,5400,1600,3600,3600,2900,3600,4400,5400
daphne guinness,9900,5400,5400,22200,22200,8100,12100,8100,8100,6600,4400,5400,4400
winter dresses for women,8100,1600,4400,18100,22200,22200,12100,9900,3600,1300,720,590,720
victoria beckham dresses,6600,3600,2900,2900,22200,5400,4400,8100,5400,4400,4400,5400,5400
mens shorts,49500,90500,49500,27100,18100,18100,18100,18100,22200,40500,60500,90500,90500
polka dot dress,40500,49500,40500,22200,18100,12100,9900,18100,27100,49500,74000,74000,60500
mens polo shirts,27100,33100,33100,22200,18100,33100,33100,14800,18100,22200,27100,33100,33100
ax paris dresses,27100,33100,27100,18100,18100,22200,14800,18100,22200,33100,40500,40500,40500
girls dresses,22200,27100,18100,18100,18100,22200,27100,18100,22200,33100,22200,27100,22200
white dress for women,22200,33100,27100,18100,18100,12100,12100,18100,18100,22200,27100,27100,33100
mens designer t shirts,22200,27100,22200,18100,18100,27100,27100,12100,14800,18100,18100,27100,22200
long sleeve maxi dress,18100,22200,18100,18100,18100,18100,18100,18100,14800,18100,18100,22200,18100
long sleeve maxi gown,18100,22200,18100,18100,18100,18100,18100,18100,14800,18100,18100,22200,18100
long sleeve long maxi dress,18100,22200,18100,18100,18100,18100,18100,18100,14800,18100,18100,22200,18100
maxi long dress with sleeves,18100,22200,18100,18100,18100,18100,18100,18100,14800,18100,18100,22200,18100
rave outfits,18100,27100,22200,18100,18100,18100,12100,18100,18100,18100,18100,18100,14800
long dresses,18100,18100,14800,14800,18100,22200,18100,18100,14800,22200,18100,18100,18100
mens clothing sale,18100,18100,18100,18100,18100,27100,40500,22200,14800,18100,14800,14800,14800
baby clothes sale,18100,18100,18100,18100,18100,18100,27100,22200,14800,18100,14800,12100,14800
lace dress,18100,12100,12100,14800,18100,18100,18100,18100,18100,18100,14800,14800,14800
going out outfits,18100,14800,14800,18100,18100,18100,14800,22200,22200,27100,22200,18100,14800
outfits,18100,14800,14800,18100,18100,18100,22200,18100,18100,22200,18100,18100,18100
leotards,18100,18100,14800,18100,18100,22200,18100,18100,18100,18100,18100,18100,14800
windbreaker jackets,18100,12100,14800,22200,18100,18100,12100,14800,14800,22200,22200,18100,14800
wide leg trousers women,14800,18100,14800,18100,18100,14800,14800,14800,12100,14800,18100,18100,14800
black cardigan,14800,12100,18100,22200,18100,18100,14800,14800,12100,14800,14800,12100,8100
wide leg pants women,14800,18100,14800,18100,18100,14800,14800,14800,12100,14800,18100,18100,14800
black cardigan sweater,14800,12100,18100,22200,18100,18100,14800,14800,12100,14800,14800,12100,8100
ladies wide leg trousers,14800,18100,14800,18100,18100,14800,14800,14800,12100,14800,18100,18100,14800
ladies wide leg pants,14800,18100,14800,18100,18100,14800,14800,14800,12100,14800,18100,18100,14800
wide leg womens dress pants,14800,18100,14800,18100,18100,14800,14800,14800,12100,14800,18100,18100,14800
female loafers,14800,12100,18100,22200,18100,14800,14800,14800,14800,22200,18100,14800,9900
womens wide leg trouser pants,14800,18100,14800,18100,18100,14800,14800,14800,12100,14800,18100,18100,14800
ladies slip on loafers,14800,12100,18100,22200,18100,14800,14800,14800,14800,22200,18100,14800,9900
trousers women wide leg,14800,18100,14800,18100,18100,14800,14800,14800,12100,14800,18100,18100,14800
wide leg trouser pants for women,14800,18100,14800,18100,18100,14800,14800,14800,12100,14800,18100,18100,14800
women in loafers,14800,12100,18100,22200,18100,14800,14800,14800,14800,22200,18100,14800,9900
mens coats sale,14800,5400,8100,14800,18100,33100,33100,22200,12100,12100,8100,6600,4400
varsity jacket,14800,12100,14800,18100,18100,22200,18100,18100,14800,18100,14800,12100,8100
gym leggings,14800,12100,12100,18100,18100,18100,18100,22200,14800,18100,12100,9900,8100
straight leg jeans,14800,9900,12100,18100,18100,18100,18100,14800,14800,18100,14800,9900,8100
cargo trousers,14800,12100,14800,18100,18100,18100,18100,14800,14800,18100,18100,18100,14800
bomber jacket women,14800,6600,12100,18100,18100,14800,12100,12100,12100,22200,18100,14800,8100
mens ski jacket,14800,3600,5400,12100,18100,33100,27100,40500,22200,12100,3600,2400,1900
mens trousers,14800,14800,14800,18100,18100,22200,22200,14800,12100,14800,14800,14800,12100
wide leg jeans women,14800,8100,12100,22200,18100,18100,18100,14800,12100,14800,12100,9900,6600
black trousers,14800,14800,14800,18100,18100,18100,18100,18100,14800,14800,14800,14800,12100
girls party dresses,14800,14800,9900,14800,18100,22200,22200,14800,14800,14800,12100,14800,12100
mens jackets sale,14800,5400,8100,14800,18100,33100,33100,22200,12100,12100,8100,6600,4400
mens tracksuit bottoms,14800,8100,8100,18100,18100,27100,27100,18100,12100,12100,12100,9900,8100
black tops,14800,14800,14800,14800,18100,18100,18100,14800,14800,18100,14800,14800,14800
trouser pants for men,14800,14800,14800,18100,18100,22200,22200,14800,12100,14800,14800,14800,12100
black leather jacket,12100,6600,8100,14800,18100,18100,14800,14800,12100,14800,12100,8100,6600
black leather coat,12100,6600,8100,14800,18100,18100,14800,14800,12100,14800,12100,8100,6600
black pleather jacket,12100,6600,8100,14800,18100,18100,14800,14800,12100,14800,12100,8100,6600
long cardigans for women,12100,5400,9900,22200,18100,18100,18100,14800,9900,12100,12100,9900,5400
ladies long cardigans,12100,5400,9900,22200,18100,18100,18100,14800,9900,12100,12100,9900,5400
overcoat men,12100,3600,5400,12100,18100,27100,27100,18100,12100,8100,4400,2900,1900
chelsea boots men,12100,6600,8100,12100,18100,22200,22200,14800,12100,9900,8100,8100,6600
black leather jackets,12100,6600,8100,14800,18100,18100,14800,14800,12100,14800,12100,8100,6600
mens over coat,12100,3600,5400,12100,18100,27100,27100,18100,12100,8100,4400,2900,1900
men's overcoats,12100,3600,5400,12100,18100,27100,27100,18100,12100,8100,4400,2900,1900
over coat for men,12100,3600,5400,12100,18100,27100,27100,18100,12100,8100,4400,2900,1900
mens dress chelsea boots,12100,6600,8100,12100,18100,22200,22200,14800,12100,9900,8100,8100,6600
male chelsea boots,12100,6600,8100,12100,18100,22200,22200,14800,12100,9900,8100,8100,6600
topcoats mens,12100,3600,5400,12100,18100,27100,27100,18100,12100,8100,4400,2900,1900
chelsea dress boots mens,12100,6600,8100,12100,18100,22200,22200,14800,12100,9900,8100,8100,6600
topcoats for men,12100,3600,5400,12100,18100,27100,27100,18100,12100,8100,4400,2900,1900
male overcoat,12100,3600,5400,12100,18100,27100,27100,18100,12100,8100,4400,2900,1900
boots chelsea mens,12100,6600,8100,12100,18100,22200,22200,14800,12100,9900,8100,8100,6600
coat men black,12100,5400,8100,14800,18100,22200,18100,14800,12100,9900,8100,6600,4400
black coat male,12100,5400,8100,14800,18100,22200,18100,14800,12100,9900,8100,6600,4400
chelsea boots guys,12100,6600,8100,12100,18100,22200,22200,14800,12100,9900,8100,8100,6600
chelsea boots on men,12100,6600,8100,12100,18100,22200,22200,14800,12100,9900,8100,8100,6600
men with chelsea boots,12100,6600,8100,12100,18100,22200,22200,14800,12100,9900,8100,8100,6600
purple dress,12100,14800,12100,12100,18100,9900,6600,9900,9900,12100,12100,12100,12100
tweed jacket,12100,6600,8100,18100,18100,18100,14800,14800,12100,14800,9900,8100,6600
mens overcoat,12100,3600,5400,12100,18100,27100,27100,18100,12100,8100,4400,2900,1900
grey jeans,12100,8100,9900,14800,18100,18100,18100,12100,9900,12100,8100,8100,5400
evening dresses for women,12100,8100,9900,14800,18100,14800,8100,12100,12100,12100,12100,12100,9900
moose knuckle coat,12100,2400,4400,12100,18100,33100,22200,18100,14800,6600,3600,2900,1900
snickers work trousers,12100,9900,9900,14800,18100,18100,12100,14800,14800,14800,12100,9900,8100
mens black jacket,12100,5400,8100,14800,18100,22200,18100,14800,12100,9900,8100,6600,4400
mens knit sweater,12100,2900,5400,14800,18100,33100,33100,12100,8100,6600,4400,2900,1900
brown suede bag,9900,5400,12100,22200,18100,14800,14800,9900,8100,8100,6600,5400,3600
brown suede purse,9900,5400,12100,22200,18100,14800,14800,9900,8100,8100,6600,5400,3600
brown suede handbag,9900,5400,12100,22200,18100,14800,14800,9900,8100,8100,6600,5400,3600
suede bag brown,9900,5400,12100,22200,18100,14800,14800,9900,8100,8100,6600,5400,3600
suede brown handbags,9900,5400,12100,22200,18100,14800,14800,9900,8100,8100,6600,5400,3600
ankle boots women,9900,2400,5400,14800,18100,27100,18100,14800,8100,5400,3600,1900,1600
black ankle boots for women,9900,3600,6600,18100,18100,22200,18100,12100,8100,6600,3600,2400,1900
brown cardigan,9900,3600,9900,22200,18100,12100,8100,6600,6600,6600,5400,5400,3600
ladies black ankle boots,9900,3600,6600,18100,18100,22200,18100,12100,8100,6600,3600,2400,1900
brown cardigan sweater,9900,3600,9900,22200,18100,12100,8100,6600,6600,6600,5400,5400,3600
black boots women ankle,9900,3600,6600,18100,18100,22200,18100,12100,8100,6600,3600,2400,1900
ankle boots for women black,9900,3600,6600,18100,18100,22200,18100,12100,8100,6600,3600,2400,1900
puffer jacket men,9900,2400,6600,18100,18100,27100,18100,14800,8100,5400,2900,2400,1900
wool coat women,9900,1600,4400,12100,18100,22200,18100,14800,6600,3600,1900,1000,720
womens waterproof coat,9900,4400,6600,27100,18100,22200,14800,12100,9900,5400,2900,2900,4400
brown trousers,9900,4400,8100,14800,18100,12100,9900,9900,8100,8100,6600,6600,5400
cowboy outfit,9900,12100,9900,9900,18100,6600,4400,6600,5400,6600,8100,8100,9900
flat knee high boots,8100,3600,5400,14800,18100,18100,14800,8100,5400,4400,2400,1900,1600
flat knee boots,8100,3600,5400,14800,18100,18100,14800,8100,5400,4400,2400,1900,1600
flat high boots,8100,3600,5400,14800,18100,18100,14800,8100,5400,4400,2400,1900,1600
brown ankle boots,8100,1900,5400,14800,18100,18100,12100,8100,6600,4400,2400,1900,1600
ankle booties for women,8100,2900,5400,14800,18100,18100,18100,9900,6600,4400,2900,2400,1600
female ankle boots,8100,2900,5400,14800,18100,18100,18100,9900,6600,4400,2900,2400,1600
brown trench coats,8100,1900,6600,18100,18100,14800,9900,6600,5400,6600,3600,2400,1300
ladies ankle shoes,8100,2900,5400,14800,18100,18100,18100,9900,6600,4400,2900,2400,1600
brown trench jacket,8100,1900,6600,18100,18100,14800,9900,6600,5400,6600,3600,2400,1300
parka men coat,8100,2900,4400,12100,18100,22200,18100,12100,6600,3600,1900,1600,1300
girls winter coats,8100,4400,12100,27100,18100,22200,8100,8100,2900,1600,1000,880,1300
brown leggings,8100,1900,4400,14800,18100,14800,12100,9900,6600,5400,3600,2900,1900
mens parka jacket,8100,2900,4400,12100,18100,22200,18100,12100,6600,3600,1900,1600,1300
ladies jumpers,8100,1300,3600,14800,18100,22200,18100,9900,6600,4400,2900,1900,1000
mens parka coat,8100,2900,4400,12100,18100,22200,18100,12100,6600,3600,1900,1600,1300
brown ankle boots women,6600,1600,4400,14800,18100,14800,12100,8100,5400,3600,1900,1300,1000
ladies brown ankle boots,6600,1600,4400,14800,18100,14800,12100,8100,5400,3600,1900,1300,1000
winter clothes for women,6600,2400,6600,18100,18100,18100,9900,5400,2400,1300,1000,880,880
autumn dresses,6600,2400,12100,33100,18100,4400,590,590,590,590,590,590,720
winter wear for women,6600,2400,6600,18100,18100,18100,9900,5400,2400,1300,1000,880,880
winter clothes for ladies,6600,2400,6600,18100,18100,18100,9900,5400,2400,1300,1000,880,880
winter wear for ladies,6600,2400,6600,18100,18100,18100,9900,5400,2400,1300,1000,880,880
autumn outfits,5400,2400,9900,27100,18100,4400,720,480,480,480,390,320,390
running shorts,27100,33100,27100,22200,14800,18100,18100,22200,22200,33100,40500,40500,33100
maxi skirts,27100,40500,27100,18100,14800,14800,14800,18100,18100,27100,33100,40500,40500
petite dresses,22200,33100,22200,18100,14800,14800,12100,14800,18100,22200,27100,33100,33100
yellow dress,22200,49500,27100,14800,14800,6600,6600,12100,14800,27100,33100,40500,40500
halter neck dress,22200,40500,27100,14800,14800,14800,12100,14800,18100,22200,27100,40500,40500
swimming shorts,22200,40500,27100,22200,14800,12100,12100,18100,18100,22200,22200,33100,33100
midi skirts,22200,27100,22200,18100,14800,14800,14800,18100,18100,27100,33100,40500,40500
schiaparelli,22200,12100,8100,12100,14800,12100,18100,22200,22200,40500,40500,40500,33100
plus size clothing,18100,18100,18100,18100,14800,14800,14800,14800,14800,18100,22200,22200,18100
custom tee shirts,18100,18100,18100,14800,14800,18100,22200,12100,12100,14800,14800,18100,18100
gym wear,18100,14800,14800,18100,14800,18100,22200,27100,18100,18100,14800,14800,12100
womens clothes sale,18100,18100,18100,14800,14800,14800,33100,22200,14800,14800,14800,12100,14800
plus size dress clothes,18100,18100,18100,18100,14800,14800,14800,14800,14800,18100,22200,22200,18100
ladies clothes sale,18100,18100,18100,14800,14800,14800,33100,22200,14800,14800,14800,12100,14800
white mini dress,14800,22200,14800,12100,14800,8100,8100,12100,12100,18100,18100,22200,27100
going out dresses,14800,14800,14800,18100,14800,14800,12100,14800,14800,14800,14800,12100,12100
red dresses for women,14800,14800,14800,14800,14800,22200,27100,18100,18100,12100,12100,14800,14800
80s fashion,14800,18100,14800,14800,14800,14800,12100,14800,12100,12100,9900,12100,9900
90s fashion,14800,18100,14800,18100,14800,12100,8100,14800,12100,14800,14800,12100,12100
sahara clothing,14800,14800,14800,12100,14800,12100,9900,12100,12100,14800,18100,18100,18100
ed hardy jeans,14800,12100,14800,12100,14800,22200,22200,14800,12100,12100,9900,9900,9900
mng clothing,14800,14800,12100,12100,14800,14800,14800,14800,12100,14800,18100,18100,18100
maria b pk,14800,9900,12100,12100,14800,14800,14800,18100,18100,14800,18100,18100,12100
gym outfit men,14800,12100,12100,12100,14800,18100,22200,18100,14800,14800,12100,12100,9900
gym apparel for men,14800,12100,12100,12100,14800,18100,22200,18100,14800,14800,12100,12100,9900
gym dress for men,14800,12100,12100,12100,14800,18100,22200,18100,14800,14800,12100,12100,9900
nishat linen pk,14800,9900,9900,12100,14800,14800,14800,18100,12100,12100,14800,18100,14800
men in chinos,14800,14800,14800,18100,14800,14800,14800,12100,9900,12100,14800,14800,12100
doc marten penny loafers,12100,12100,14800,14800,14800,14800,12100,12100,9900,9900,9900,8100,8100
mom jeans,12100,12100,14800,14800,14800,12100,9900,12100,12100,14800,12100,9900,6600
maternity jeans,12100,8100,12100,14800,14800,12100,14800,14800,14800,14800,9900,8100,6600
maternity leggings,12100,9900,14800,18100,14800,14800,14800,14800,12100,12100,9900,8100,6600
jeans for women,12100,8100,12100,18100,14800,14800,14800,12100,12100,14800,12100,9900,8100
rain coat,12100,14800,14800,33100,14800,12100,6600,8100,8100,6600,5400,8100,14800
petite jeans,12100,8100,12100,18100,14800,14800,14800,14800,12100,14800,12100,8100,5400
womens trousers,12100,9900,12100,14800,14800,12100,12100,12100,9900,12100,12100,12100,9900
black shorts,12100,18100,14800,9900,14800,9900,12100,8100,8100,12100,12100,18100,22200
running jacket,12100,3600,5400,12100,14800,22200,22200,27100,14800,12100,8100,6600,4400
cargo trousers women,12100,12100,14800,14800,14800,12100,9900,12100,12100,14800,14800,12100,9900
christmas outfits,12100,1000,2400,6600,14800,49500,60500,590,390,390,390,320,390
lounge wear sets,12100,5400,8100,14800,14800,22200,27100,14800,9900,9900,6600,5400,4400
cargo jeans women,12100,12100,14800,14800,14800,12100,9900,12100,12100,14800,14800,12100,9900
baggy jeans men,12100,9900,9900,12100,14800,18100,18100,12100,9900,12100,9900,8100,6600
rugby shirts,12100,8100,9900,14800,14800,40500,14800,8100,9900,12100,9900,8100,6600
womens waterproof trousers,12100,6600,8100,22200,14800,18100,14800,18100,14800,9900,6600,6600,8100
womens going out tops,12100,6600,8100,14800,14800,18100,14800,14800,18100,18100,14800,9900,8100
black shirts,12100,12100,12100,12100,14800,12100,9900,9900,8100,9900,9900,9900,12100
womens coats sale,12100,3600,6600,12100,14800,22200,33100,27100,14800,9900,5400,3600,2400
wranglers jeans,12100,9900,12100,14800,14800,14800,14800,14800,12100,12100,12100,12100,9900
checkered shirt,12100,12100,12100,14800,14800,12100,12100,9900,9900,12100,9900,9900,9900
mens designer sweatshirts,12100,5400,6600,12100,14800,22200,22200,9900,9900,12100,6600,5400,3600
waterproofs,12100,9900,9900,18100,14800,14800,9900,12100,12100,9900,6600,8100,9900
black sweatshirt mens,12100,5400,8100,12100,14800,22200,22200,12100,9900,9900,8100,6600,4400
style up,12100,6600,8100,12100,14800,18100,18100,12100,8100,9900,9900,9900,8100
flannel shirts,12100,9900,9900,12100,14800,14800,14800,9900,9900,12100,12100,9900,9900
flannelette shirt,12100,9900,9900,12100,14800,14800,14800,9900,9900,12100,12100,9900,9900
flan shirt,12100,9900,9900,12100,14800,14800,14800,9900,9900,12100,12100,9900,9900
flannel and shirt,12100,9900,9900,12100,14800,14800,14800,9900,9900,12100,12100,9900,9900
flannel with shirt,12100,9900,9900,12100,14800,14800,14800,9900,9900,12100,12100,9900,9900
knit chunky cardigan,9900,3600,8100,14800,14800,12100,8100,33100,9900,8100,6600,4400,2400
suede jacket women,9900,4400,14800,22200,14800,8100,6600,8100,9900,14800,12100,6600,3600
long sleeve mini dress,9900,4400,6600,12100,14800,18100,18100,12100,9900,9900,8100,5400,4400
chunky knit cardigan,9900,3600,8100,14800,14800,12100,8100,33100,9900,8100,6600,4400,2400
ankle wellies,9900,4400,4400,14800,14800,18100,14800,12100,8100,5400,2900,2900,2900
ankle wellington boots,9900,4400,4400,14800,14800,18100,14800,12100,8100,5400,2900,2900,2900
long sleeve long black dress,9900,4400,5400,9900,14800,18100,14800,12100,9900,8100,5400,4400,3600
ankle welly boots,9900,4400,4400,14800,14800,18100,14800,12100,8100,5400,2900,2900,2900
chunky knit cardigan sweater,9900,3600,8100,14800,14800,12100,8100,33100,9900,8100,6600,4400,2400
long sleeve mini,9900,4400,6600,12100,14800,18100,18100,12100,9900,9900,8100,5400,4400
m & s cardigans,9900,5400,8100,14800,14800,14800,12100,8100,8100,8100,9900,8100,5400
marks spencer cardigan,9900,5400,8100,14800,14800,14800,12100,8100,8100,8100,9900,8100,5400
jacket suede women's,9900,4400,14800,22200,14800,8100,6600,8100,9900,14800,12100,6600,3600
women jacket suede,9900,4400,14800,22200,14800,8100,6600,8100,9900,14800,12100,6600,3600
leather jacket men,9900,4400,6600,12100,14800,18100,14800,12100,9900,9900,8100,6600,4400
leather bomber jacket,9900,5400,8100,14800,14800,14800,12100,12100,9900,9900,8100,5400,3600
mens down coat,9900,2900,4400,12100,14800,22200,14800,14800,8100,6600,3600,2900,1600
down jackets for men,9900,2900,4400,12100,14800,22200,14800,14800,8100,6600,3600,2900,1600
men's goose down jacket,9900,2900,4400,12100,14800,22200,14800,14800,8100,6600,3600,2900,1600
male trench coat,9900,3600,5400,12100,14800,18100,14800,12100,8100,8100,5400,4400,3600
mens trench overcoat,9900,3600,5400,12100,14800,18100,14800,12100,8100,8100,5400,4400,3600
mens feather down jacket,9900,2900,4400,12100,14800,22200,14800,14800,8100,6600,3600,2900,1600
leather bomber coat,9900,5400,8100,14800,14800,14800,12100,12100,9900,9900,8100,5400,3600
trench coat guy,9900,3600,5400,12100,14800,18100,14800,12100,8100,8100,5400,4400,3600
black leggings,9900,8100,9900,14800,14800,14800,12100,12100,8100,9900,8100,6600,5400
thermal leggings,9900,1300,2400,8100,14800,33100,14800,27100,8100,3600,1900,1000,720
trench coat men,9900,3600,5400,12100,14800,18100,14800,12100,8100,8100,5400,4400,3600
gore tex jacket,9900,6600,6600,18100,14800,18100,12100,12100,9900,6600,4400,4400,4400
juicy tracksuit,9900,6600,8100,9900,14800,14800,14800,9900,6600,8100,6600,5400,4400
hi vis jacket,9900,8100,8100,12100,14800,18100,9900,12100,9900,9900,6600,6600,6600
down jacket men,9900,2900,4400,12100,14800,22200,14800,14800,8100,6600,3600,2900,1600
outdoor clothing,9900,8100,8100,12100,14800,14800,12100,12100,8100,8100,6600,6600,6600
black puffer coat,9900,2400,8100,14800,14800,22200,14800,14800,6600,3600,1600,1300,1000
kids tracksuits,9900,5400,6600,12100,14800,22200,22200,8100,8100,9900,6600,5400,3600
black jacket women,9900,5400,8100,14800,14800,12100,9900,9900,8100,12100,9900,8100,5400
tracksuit bottoms,9900,6600,8100,12100,14800,18100,14800,12100,9900,9900,8100,8100,6600
tweed jacket womens,9900,3600,6600,18100,14800,12100,9900,9900,8100,9900,6600,4400,2900
moose knuckle jacket,9900,4400,6600,14800,14800,18100,14800,14800,8100,5400,4400,3600,2900
girls tracksuit,9900,4400,6600,12100,14800,22200,18100,9900,8100,8100,5400,5400,4400
grey tracksuit,9900,5400,8100,12100,14800,18100,14800,12100,9900,9900,8100,6600,4400
down jackets,9900,3600,5400,12100,14800,22200,14800,14800,8100,6600,4400,3600,2900
black dress long sleeve,9900,4400,5400,9900,14800,18100,14800,12100,9900,8100,5400,4400,3600
schoffel gilet,9900,6600,6600,12100,14800,18100,18100,9900,8100,9900,8100,8100,8100
mens trench coat,8100,2900,4400,9900,14800,14800,12100,9900,6600,6600,3600,2900,2400
mens puffer coat,8100,1300,2900,9900,14800,22200,18100,9900,4400,2400,1300,880,720
fleece lined leggings,8100,590,1600,8100,14800,27100,18100,18100,6600,2400,1300,1000,1900
heated jacket,8100,1300,2400,9900,14800,33100,14800,14800,5400,2400,1300,1000,720
sweatshirts for women,8100,4400,6600,14800,14800,12100,9900,9900,8100,9900,8100,6600,4400
leather trousers,8100,3600,4400,9900,14800,18100,14800,9900,8100,8100,4400,3600,2400
aviator jacket,8100,2400,4400,12100,14800,18100,14800,9900,6600,5400,3600,2400,1600
parka jacket,8100,8100,8100,12100,14800,14800,12100,9900,6600,5400,3600,5400,2900
kids coats,8100,4400,14800,18100,14800,14800,9900,9900,5400,4400,2900,2400,2400
baby christmas outfit,8100,4400,6600,12100,14800,27100,22200,880,880,1300,1300,1300,1900
black puffer jacket women,8100,2400,6600,12100,14800,18100,14800,12100,6600,4400,2400,1600,1000
long winter coat women,8100,2400,4400,12100,14800,22200,12100,12100,4400,2400,1900,1300,720
parka coat,8100,5400,6600,14800,14800,18100,12100,9900,6600,4400,3600,3600,2400
mens rab jacket,8100,1900,4400,9900,14800,22200,18100,12100,8100,5400,3600,2900,2400
woolen jacket for women,8100,1600,3600,9900,14800,18100,14800,12100,6600,3600,1900,1000,720
knee high boots for women,6600,1600,3600,9900,14800,18100,18100,9900,5400,3600,1900,1600,1000
red leather jacket,6600,3600,5400,8100,14800,8100,5400,5400,5400,5400,5400,5400,3600
red leather coat,6600,3600,5400,8100,14800,8100,5400,5400,5400,5400,5400,5400,3600
red leather biker jacket,6600,3600,5400,8100,14800,8100,5400,5400,5400,5400,5400,5400,3600
mens winter dress coats,6600,1600,4400,12100,14800,18100,9900,8100,2900,1600,880,880,880
leather red jacket,6600,3600,5400,8100,14800,8100,5400,5400,5400,5400,5400,5400,3600
winter mens overcoat,6600,1600,4400,12100,14800,18100,9900,8100,2900,1600,880,880,880
overcoat for men winter,6600,1600,4400,12100,14800,18100,9900,8100,2900,1600,880,880,880
ladies winter coats,5400,1600,5400,14800,14800,14800,8100,6600,2900,1000,720,480,590
victoria beckham jeans,2900,1300,1600,1600,14800,4400,2900,2900,2400,1900,1900,1300,1300
wednesday outfit,2900,590,3600,6600,14800,1300,480,590,1000,1300,480,480,320
linen trousers,40500,60500,40500,18100,12100,12100,12100,18100,22200,40500,49500,74000,74000
denim shorts,33100,60500,40500,14800,12100,8100,8100,14800,18100,27100,40500,74000,60500
holiday dresses,27100,40500,33100,22200,12100,8100,8100,18100,22200,27100,33100,49500,40500
wedding guest outfit,22200,33100,27100,22200,12100,8100,5400,22200,22200,33100,33100,27100,22200
self portrait dress,18100,22200,14800,12100,12100,12100,12100,14800,14800,18100,22200,22200,22200
airport outfits,18100,33100,33100,22200,12100,6600,5400,8100,8100,12100,18100,27100,33100
halter neck top,18100,27100,22200,14800,12100,12100,14800,14800,14800,18100,22200,33100,33100
plus size dresses,14800,22200,18100,14800,12100,14800,12100,12100,14800,14800,18100,18100,18100
gym shorts,14800,27100,18100,12100,12100,12100,12100,14800,12100,14800,14800,22200,22200
wrap dress,14800,22200,18100,14800,12100,12100,12100,12100,12100,18100,18100,22200,18100
white jeans,14800,12100,12100,12100,12100,12100,12100,12100,12100,22200,22200,22200,14800
rain jacket women,14800,18100,18100,33100,12100,8100,5400,6600,8100,9900,8100,12100,22200
wedding suits,14800,18100,18100,18100,12100,9900,8100,18100,14800,14800,14800,14800,12100
camisole tops,14800,22200,18100,14800,12100,12100,12100,12100,12100,14800,18100,22200,18100
joe brown dresses,14800,18100,12100,12100,12100,12100,9900,9900,12100,14800,18100,22200,22200
sweatpants,12100,9900,9900,12100,12100,14800,12100,12100,9900,9900,9900,9900,8100
yoga pants,12100,9900,9900,12100,12100,12100,9900,12100,12100,12100,12100,9900,9900
work dresses,12100,14800,14800,14800,12100,9900,6600,12100,9900,12100,12100,14800,14800
satin dress,12100,14800,12100,12100,12100,12100,12100,12100,9900,12100,12100,14800,14800
kids clothes sale,12100,12100,12100,12100,12100,14800,27100,14800,9900,12100,12100,9900,9900
walking trousers,12100,6600,8100,12100,12100,12100,12100,14800,12100,12100,12100,9900,8100
gym tops,12100,12100,9900,12100,12100,18100,18100,18100,14800,14800,12100,12100,9900
aybl leggings,12100,6600,9900,9900,12100,18100,18100,18100,14800,18100,14800,9900,8100
apple bottom jeans,12100,14800,14800,12100,12100,14800,12100,12100,9900,12100,9900,8100,8100
childrens clothes sale,12100,12100,12100,12100,12100,14800,27100,14800,9900,12100,12100,9900,9900
reserved clothing,12100,12100,12100,9900,12100,12100,12100,14800,9900,12100,9900,12100,9900
charizma pk,12100,6600,12100,9900,12100,14800,22200,14800,14800,12100,12100,9900,9900
shirt clothes for men,12100,14800,12100,12100,12100,14800,14800,9900,8100,12100,12100,14800,14800
satin skirt,9900,12100,12100,12100,12100,14800,14800,8100,6600,8100,9900,9900,9900
black loafers women,9900,8100,9900,14800,12100,8100,6600,9900,8100,9900,8100,6600,6600
long sleeve midi dress,9900,6600,8100,12100,12100,12100,8100,9900,8100,9900,8100,8100,6600
pink cardigan,9900,8100,9900,12100,12100,8100,6600,8100,9900,12100,9900,8100,4400
black cardigan women,9900,5400,9900,14800,12100,14800,12100,12100,9900,9900,9900,8100,6600
red cardigan,9900,4400,8100,12100,12100,14800,18100,6600,8100,8100,6600,5400,3600
barrel leg jeans,9900,5400,9900,12100,12100,9900,8100,9900,12100,12100,12100,8100,5400
red cardigan sweater,9900,4400,8100,12100,12100,14800,18100,6600,8100,8100,6600,5400,3600
pink cardigan sweater,9900,8100,9900,12100,12100,8100,6600,8100,9900,12100,9900,8100,4400
ladies black cardigan,9900,5400,9900,14800,12100,14800,12100,12100,9900,9900,9900,8100,6600
ladies black loafers,9900,8100,9900,14800,12100,8100,6600,9900,8100,9900,8100,6600,6600
women's black cardigan sweater,9900,5400,9900,14800,12100,14800,12100,12100,9900,9900,9900,8100,6600
black slip on loafers women's,9900,8100,9900,14800,12100,8100,6600,9900,8100,9900,8100,6600,6600
skirt satin,9900,12100,12100,12100,12100,14800,14800,8100,6600,8100,9900,9900,9900
dress long sleeve midi,9900,6600,8100,12100,12100,12100,8100,9900,8100,9900,8100,8100,6600
dress midi long sleeve,9900,6600,8100,12100,12100,12100,8100,9900,8100,9900,8100,8100,6600
long sleeve mid dress,9900,6600,8100,12100,12100,12100,8100,9900,8100,9900,8100,8100,6600
womens black slip on loafers,9900,8100,9900,14800,12100,8100,6600,9900,8100,9900,8100,6600,6600
black female loafers,9900,8100,9900,14800,12100,8100,6600,9900,8100,9900,8100,6600,6600
dealer boots,9900,9900,9900,12100,12100,14800,12100,9900,8100,9900,8100,8100,8100
mens bomber jacket,9900,4400,5400,12100,12100,14800,14800,8100,8100,9900,8100,6600,4400
skinny jeans,9900,6600,8100,9900,12100,12100,12100,12100,9900,9900,8100,6600,4400
ladies pyjamas,9900,4400,5400,9900,12100,27100,33100,8100,6600,6600,4400,4400,3600
helly hansen jacket,9900,4400,6600,12100,12100,18100,14800,14800,9900,8100,6600,6600,5400
cropped jacket,9900,8100,9900,12100,12100,9900,8100,8100,9900,14800,14800,12100,6600
blue jeans,9900,9900,9900,12100,12100,14800,14800,9900,9900,12100,9900,8100,6600
sexy outfits,9900,9900,9900,9900,12100,9900,12100,12100,9900,9900,9900,9900,8100
y2k fashion,9900,9900,12100,12100,12100,12100,8100,8100,9900,12100,12100,12100,9900
boys jacket,9900,6600,9900,14800,12100,14800,12100,9900,8100,9900,6600,5400,3600
mens tracksuit set,9900,3600,5400,9900,12100,18100,18100,9900,8100,8100,6600,5400,3600
ladies jackets,9900,4400,6600,14800,12100,12100,9900,8100,8100,14800,12100,9900,5400
mens walking trousers,9900,5400,6600,12100,12100,14800,14800,14800,12100,12100,8100,8100,5400
suede bag,8100,6600,12100,14800,12100,12100,9900,8100,6600,6600,6600,5400,3600
suede handbags,8100,6600,12100,14800,12100,12100,9900,8100,6600,6600,6600,5400,3600
suede pocketbook,8100,6600,12100,14800,12100,12100,9900,8100,6600,6600,6600,5400,3600
bag suede,8100,6600,12100,14800,12100,12100,9900,8100,6600,6600,6600,5400,3600
purse suede,8100,6600,12100,14800,12100,12100,9900,8100,6600,6600,6600,5400,3600
ankle wellies womens,8100,2900,3600,12100,12100,14800,12100,9900,8100,5400,2900,2400,2900
ladies ankle wellies,8100,2900,3600,12100,12100,14800,12100,9900,8100,5400,2900,2400,2900
ankle wellington boots womens,8100,2900,3600,12100,12100,14800,12100,9900,8100,5400,2900,2400,2900
dress long black,8100,6600,6600,9900,12100,12100,8100,8100,6600,6600,5400,5400,5400
wool coat men,8100,1600,2900,8100,12100,22200,22200,14800,6600,4400,1900,1300,1000
long puffer coats,8100,1300,2900,9900,12100,22200,14800,14800,5400,2400,1000,720,480
mens wool dress coat,8100,1600,2900,8100,12100,22200,22200,14800,6600,4400,1900,1300,1000
wool overcoat men's,8100,1600,2900,8100,12100,22200,22200,14800,6600,4400,1900,1300,1000
coat men wool,8100,1600,2900,8100,12100,22200,22200,14800,6600,4400,1900,1300,1000
coats for men wool,8100,1600,2900,8100,12100,22200,22200,14800,6600,4400,1900,1300,1000
woolen overcoat men's,8100,1600,2900,8100,12100,22200,22200,14800,6600,4400,1900,1300,1000
mens jacket woolen,8100,1600,2900,8100,12100,22200,22200,14800,6600,4400,1900,1300,1000
gents woolen coat,8100,1600,2900,8100,12100,22200,22200,14800,6600,4400,1900,1300,1000
jacket woolen for men,8100,1600,2900,8100,12100,22200,22200,14800,6600,4400,1900,1300,1000
wool coat male,8100,1600,2900,8100,12100,22200,22200,14800,6600,4400,1900,1300,1000
mens cargo pants,8100,5400,6600,9900,12100,14800,14800,8100,8100,8100,8100,6600,5400
long puffer coat,8100,1300,2900,9900,12100,22200,14800,14800,5400,2400,1000,720,480
leather shorts,8100,5400,4400,8100,12100,14800,18100,8100,6600,8100,5400,4400,4400
black jeans women,8100,5400,8100,12100,12100,14800,12100,9900,8100,8100,6600,5400,3600
boys hoodies,8100,3600,5400,9900,12100,18100,18100,5400,5400,6600,5400,4400,2900
1920s fashion,8100,8100,8100,9900,12100,12100,9900,12100,8100,8100,6600,6600,5400
black fur coat,8100,1300,2400,6600,12100,22200,27100,14800,6600,3600,1600,1000,720
men's wool coat,8100,1600,2900,8100,12100,22200,22200,14800,6600,4400,1900,1300,1000
mens hoodies sale,8100,3600,5400,9900,12100,18100,22200,9900,6600,6600,5400,4400,2900
mens black cargo pants,8100,6600,8100,12100,12100,12100,12100,8100,8100,8100,6600,5400,4400
mens grey jeans,8100,6600,6600,9900,12100,14800,14800,8100,8100,8100,5400,5400,4400
christmas outfits women,8100,480,1300,4400,12100,40500,49500,320,260,260,260,170,210
black tracksuit,8100,4400,6600,9900,12100,14800,12100,9900,6600,6600,5400,4400,3600
mens waterproof trousers,8100,3600,4400,14800,12100,18100,12100,12100,9900,5400,3600,3600,4400
virgil abloh,8100,6600,6600,9900,12100,8100,6600,9900,8100,9900,8100,6600,6600
christmas outfits for ladies,8100,480,1300,4400,12100,40500,49500,320,260,260,260,170,210
christmas outfits female,8100,480,1300,4400,12100,40500,49500,320,260,260,260,170,210
over the knee boots,6600,2400,4400,9900,12100,14800,12100,6600,4400,2900,1900,1600,1300
faux leather jacket,6600,2400,5400,9900,12100,9900,8100,6600,6600,8100,6600,4400,2400
faux leather blazer,6600,2400,5400,9900,12100,9900,8100,6600,6600,8100,6600,4400,2400
knee high heeled boots,6600,2900,4400,9900,12100,14800,12100,6600,5400,3600,2400,1900,1300
black knee high boots flat,6600,1900,3600,9900,12100,14800,12100,6600,4400,2900,1600,1300,1000
over the knee high boots,6600,2400,4400,9900,12100,14800,12100,6600,4400,2900,1900,1600,1300
faux leather coat,6600,2400,5400,9900,12100,9900,8100,6600,6600,8100,6600,4400,2400
pleather jacket,6600,2400,5400,9900,12100,9900,8100,6600,6600,8100,6600,4400,2400
above the knee boots,6600,2400,4400,9900,12100,14800,12100,6600,4400,2900,1900,1600,1300
high heel knee high boots,6600,2900,4400,9900,12100,14800,12100,6600,5400,3600,2400,1900,1300
heeled knee boots,6600,2900,4400,9900,12100,14800,12100,6600,5400,3600,2400,1900,1300
fake leather jackets,6600,2400,5400,9900,12100,9900,8100,6600,6600,8100,6600,4400,2400
black flat high boots,6600,1900,3600,9900,12100,14800,12100,6600,4400,2900,1600,1300,1000
fake leather coat,6600,2400,5400,9900,12100,9900,8100,6600,6600,8100,6600,4400,2400
jacket faux leather,6600,2400,5400,9900,12100,9900,8100,6600,6600,8100,6600,4400,2400
large cardigan sweater,6600,3600,6600,14800,12100,9900,8100,6600,5400,6600,6600,4400,2900
leather & faux leather jackets,6600,2400,5400,9900,12100,9900,8100,6600,6600,8100,6600,4400,2400
long cardigan,6600,3600,6600,14800,12100,9900,8100,6600,5400,6600,6600,4400,2900
heeled ankle boots,6600,2900,4400,9900,12100,14800,12100,8100,6600,5400,2900,2400,1600
slouchy boots,6600,3600,8100,9900,12100,9900,8100,6600,4400,4400,2900,2900,2400
wool jumper,6600,2400,4400,12100,12100,14800,14800,9900,5400,3600,2900,2400,1900
burgundy cardigan,6600,1900,5400,14800,12100,12100,9900,4400,2900,2900,1900,1600,1000
brown heel boots,6600,1900,4400,9900,12100,14800,12100,8100,6600,5400,2900,1600,1300
kitten heels boots,6600,1300,2900,8100,12100,14800,12100,8100,6600,4400,2400,1600,880
mens long coat,6600,1600,2400,8100,12100,18100,14800,9900,6600,3600,2400,1300,1000
mens pea coats,6600,2400,3600,8100,12100,18100,14800,9900,5400,4400,2400,1900,1300
pufferjackets,6600,1900,5400,12100,12100,14800,8100,8100,4400,4400,2400,1600,1300
long coat male,6600,1600,2400,8100,12100,18100,14800,9900,6600,3600,2400,1300,1000
long coats black,6600,1600,2900,8100,12100,18100,14800,12100,8100,3600,1900,1300,720
coat long men,6600,1600,2400,8100,12100,18100,14800,9900,6600,3600,2400,1300,1000
coat men long,6600,1600,2400,8100,12100,18100,14800,9900,6600,3600,2400,1300,1000
long coat for male,6600,1600,2400,8100,12100,18100,14800,9900,6600,3600,2400,1300,1000
man in long coat,6600,1600,2400,8100,12100,18100,14800,9900,6600,3600,2400,1300,1000
cashmere sweater,6600,2900,5400,9900,12100,14800,12100,8100,5400,4400,3600,2900,2400
milwaukee heated jacket,6600,880,1600,9900,12100,27100,12100,12100,4400,1900,1000,880,720
girls christmas dress,6600,480,1300,5400,12100,33100,27100,390,260,390,140,140,170
white corset top,6600,6600,5400,5400,12100,3600,3600,4400,5400,8100,8100,8100,6600
christmas dress women,6600,480,1000,5400,12100,33100,33100,260,260,170,140,170,210
baby snowsuit,6600,2900,4400,9900,12100,14800,9900,9900,3600,1900,1600,1600,1900
long black coat,6600,1600,2900,8100,12100,18100,14800,12100,8100,3600,1900,1300,720
puffer coat women,6600,1600,4400,9900,12100,18100,12100,12100,5400,2400,1300,880,880
pinafore dress women,6600,3600,5400,9900,12100,9900,8100,6600,4400,3600,2900,2400,1900
burgundy leather jacket,5400,1600,4400,12100,12100,9900,6600,5400,4400,4400,2900,2400,1300
knitted dress women,5400,1300,2400,8100,12100,18100,12100,6600,3600,1600,1300,1000,880
ladies knitted dress,5400,1300,2400,8100,12100,18100,12100,6600,3600,1600,1300,1000,880
knit dress womens,5400,1300,2400,8100,12100,18100,12100,6600,3600,1600,1300,1000,880
burgundy leather coat,5400,1600,4400,12100,12100,9900,6600,5400,4400,4400,2900,2400,1300
knit dress for women,5400,1300,2400,8100,12100,18100,12100,6600,3600,1600,1300,1000,880
knitwear women,5400,1600,4400,12100,12100,12100,9900,5400,3600,2900,1900,1600,880
brown wide leg pants,5400,2400,5400,12100,12100,8100,5400,5400,5400,5400,4400,3600,2900
brown wide leg trousers,5400,2400,5400,12100,12100,8100,5400,5400,5400,5400,4400,3600,2900
roll neck jumper women's,5400,1000,2400,8100,12100,14800,12100,9900,5400,2900,1600,1000,480
wide leg trousers brown,5400,2400,5400,12100,12100,8100,5400,5400,5400,5400,4400,3600,2900
brown trousers wide leg,5400,2400,5400,12100,12100,8100,5400,5400,5400,5400,4400,3600,2900
brown pants wide leg,5400,2400,5400,12100,12100,8100,5400,5400,5400,5400,4400,3600,2900
teddy coat,5400,1000,2400,9900,12100,14800,12100,8100,2900,1900,1000,590,390
petite coats,5400,1300,2900,9900,12100,14800,12100,8100,4400,2900,1600,1000,720
aviator jacket womens,5400,1000,2400,8100,12100,12100,12100,6600,3600,2400,1300,720,480
brown suede knee high boots,4400,720,2400,9900,12100,9900,8100,4400,2900,1900,1000,590,480
brown suede knee boots,4400,720,2400,9900,12100,9900,8100,4400,2900,1900,1000,590,480
argyle sweater women's,4400,260,1300,8100,12100,9900,9900,8100,3600,1300,480,320,170
argyle jumper womens,4400,260,1300,8100,12100,9900,9900,8100,3600,1300,480,320,170
teddy jacket,4400,880,2400,12100,12100,8100,6600,4400,2400,2400,1600,880,480
holiday clothes,22200,22200,22200,18100,9900,8100,8100,22200,22200,27100,33100,33100,27100
capri pants,22200,22200,18100,9900,9900,9900,6600,8100,9900,27100,49500,60500,49500
maxi dresses for women,18100,22200,14800,12100,9900,9900,8100,12100,12100,18100,22200,27100,27100
plus size wedding guest dresses,18100,27100,22200,18100,9900,6600,4400,12100,14800,18100,22200,27100,22200
holiday clothes women,18100,18100,18100,14800,9900,6600,8100,22200,22200,22200,27100,27100,22200
plus size wedding guest outfits,18100,27100,22200,18100,9900,6600,4400,12100,14800,18100,22200,27100,22200
holiday wear for women,18100,18100,18100,14800,9900,6600,8100,22200,22200,22200,27100,27100,22200
ladies holiday clothes,18100,18100,18100,14800,9900,6600,8100,22200,22200,22200,27100,27100,22200
tshirt dress women,14800,22200,14800,12100,9900,9900,8100,12100,12100,14800,18100,22200,22200
ladies shirt dress,14800,22200,14800,12100,9900,9900,8100,12100,12100,14800,18100,22200,22200
tshirt dress for women,14800,22200,14800,12100,9900,9900,8100,12100,12100,14800,18100,22200,22200
women tshirt dress,14800,22200,14800,12100,9900,9900,8100,12100,12100,14800,18100,22200,22200
reformation dresses,14800,18100,14800,9900,9900,12100,8100,12100,12100,18100,22200,22200,22200
t shirts for men,14800,18100,14800,12100,9900,14800,14800,8100,8100,12100,14800,18100,18100
mens running shorts,14800,14800,14800,12100,9900,12100,14800,12100,12100,14800,18100,18100,14800
denim dress for women,14800,18100,18100,14800,9900,6600,4400,9900,14800,18100,18100,18100,18100
womens wedding guest dresses,14800,18100,14800,14800,9900,5400,5400,14800,18100,22200,22200,22200,18100
vest tops women,14800,27100,22200,14800,9900,8100,8100,9900,9900,12100,18100,27100,27100
wedding guest outfits for women,14800,18100,14800,14800,9900,5400,5400,14800,18100,22200,22200,22200,18100
ladies vest tops,14800,27100,22200,14800,9900,8100,8100,9900,9900,12100,18100,27100,27100
ladies dresses,12100,18100,14800,12100,9900,9900,9900,9900,12100,12100,14800,14800,14800
baby swimwear,12100,12100,12100,12100,9900,8100,8100,14800,12100,9900,9900,12100,9900
wallis dresses,12100,18100,12100,8100,9900,9900,6600,8100,9900,12100,12100,14800,14800
clothing sales,12100,12100,12100,12100,9900,12100,27100,14800,9900,9900,9900,9900,9900
80s outfits,12100,12100,9900,9900,9900,9900,9900,14800,12100,12100,12100,12100,9900
1980s outfit,12100,12100,9900,9900,9900,9900,9900,14800,12100,12100,12100,12100,9900
christmas cardigan,9900,390,720,2900,9900,40500,60500,880,210,260,210,210,170
flared trouser,9900,8100,12100,12100,9900,12100,9900,9900,8100,9900,8100,8100,6600
amiri jeans,9900,9900,9900,12100,9900,9900,12100,9900,8100,9900,8100,6600,5400
baby shower dresses,9900,12100,12100,9900,9900,6600,4400,12100,9900,12100,12100,9900,9900
sexy dresses,9900,9900,9900,9900,9900,9900,9900,9900,9900,8100,8100,8100,8100
womens workwear,9900,9900,12100,12100,9900,6600,5400,12100,9900,9900,9900,8100,8100
petite trousers,9900,8100,9900,12100,9900,9900,8100,9900,8100,9900,12100,9900,8100
running jacket women,9900,2900,3600,8100,9900,18100,18100,22200,12100,9900,6600,5400,3600
gym leggings women,9900,6600,8100,9900,9900,12100,14800,14800,12100,12100,8100,6600,5400
90s outfits,9900,9900,8100,8100,9900,9900,6600,12100,9900,12100,12100,12100,9900
flared trousers,9900,8100,12100,12100,9900,12100,9900,9900,8100,9900,8100,8100,6600
womens walking trousers,9900,6600,8100,9900,9900,9900,8100,14800,9900,12100,9900,9900,6600
ladies trouser suits,9900,9900,9900,12100,9900,8100,5400,12100,12100,14800,14800,12100,8100
folk clothing,9900,9900,8100,9900,9900,12100,12100,9900,8100,8100,9900,9900,9900
mens black trousers,9900,8100,12100,9900,9900,9900,9900,8100,8100,8100,8100,6600,6600
gym tops for women,9900,9900,8100,9900,9900,12100,12100,14800,12100,12100,9900,8100,8100
nighty dress,9900,14800,12100,9900,9900,12100,12100,9900,8100,9900,8100,9900,9900
john galliano,9900,9900,8100,9900,9900,8100,6600,9900,8100,18100,8100,12100,6600
office wear for ladies,9900,9900,12100,12100,9900,6600,5400,12100,9900,9900,9900,8100,8100
cardigan women,8100,6600,9900,12100,9900,9900,9900,6600,5400,8100,8100,8100,5400
long sleeve wedding guest dresses,8100,6600,8100,12100,9900,5400,3600,8100,8100,9900,8100,8100,5400
long sleeve wedding guest outfit,8100,6600,8100,12100,9900,5400,3600,8100,8100,9900,8100,8100,5400
long sleeve dresses for weddings,8100,9900,9900,12100,9900,8100,6600,12100,8100,8100,8100,8100,6600
boyfriend jeans,8100,8100,9900,9900,9900,8100,8100,8100,8100,8100,8100,6600,4400
leggings for women,8100,5400,6600,9900,9900,9900,9900,8100,6600,8100,6600,6600,4400
emerald green dress,8100,9900,8100,8100,9900,9900,6600,8100,6600,8100,8100,8100,8100
merino wool base layer,8100,2400,3600,6600,9900,18100,14800,22200,9900,6600,4400,2900,2900
work clothes,8100,8100,8100,12100,9900,8100,5400,8100,8100,8100,6600,6600,6600
mens fashion,8100,8100,8100,9900,9900,9900,9900,8100,6600,8100,8100,6600,5400
dsquared jeans,8100,6600,8100,8100,9900,9900,12100,8100,6600,8100,5400,5400,4400
scruffs work trousers,8100,5400,6600,9900,9900,9900,6600,8100,8100,8100,6600,6600,5400
goth clothing,8100,6600,8100,8100,9900,9900,8100,6600,5400,6600,6600,6600,5400
girls jackets,8100,5400,9900,9900,9900,9900,8100,6600,6600,9900,8100,5400,3600
mens blazer jacket,8100,6600,6600,9900,9900,9900,9900,8100,6600,8100,8100,8100,5400
girls hoodies,8100,4400,5400,9900,9900,18100,18100,5400,5400,5400,4400,4400,3600
crewneck,8100,6600,8100,8100,9900,9900,9900,9900,6600,6600,8100,6600,6600
engagement party dresses,8100,8100,9900,9900,9900,5400,4400,9900,8100,6600,6600,6600,6600
chrome hearts hoodie,8100,4400,5400,6600,9900,12100,12100,9900,8100,8100,6600,6600,4400
men's slim fit jeans,8100,5400,6600,9900,9900,12100,12100,8100,8100,8100,6600,5400,4400
premature baby clothes,8100,8100,8100,8100,9900,9900,9900,9900,6600,8100,6600,6600,6600
ladies christmas jumpers,8100,260,480,2400,9900,33100,49500,1000,320,260,210,140,110
flare jeans men,8100,6600,8100,9900,9900,9900,12100,9900,6600,8100,6600,5400,4400
ferrari jacket,8100,8100,6600,8100,9900,9900,12100,8100,6600,9900,6600,5400,5400
mens sports jacket,8100,6600,6600,9900,9900,9900,9900,8100,6600,8100,8100,8100,5400
women's cocktail dresses,8100,6600,6600,8100,9900,8100,5400,6600,6600,8100,8100,8100,6600
mens tracksuits sale,8100,3600,4400,8100,9900,14800,18100,8100,6600,6600,5400,5400,3600
running jacket men,8100,2900,3600,9900,9900,14800,18100,14800,9900,6600,5400,4400,2900
brown maxi dress,8100,8100,8100,9900,9900,8100,5400,6600,6600,8100,8100,8100,8100
mens slim jeans,8100,5400,6600,9900,9900,12100,12100,8100,8100,8100,6600,5400,4400
women jackets sale,8100,4400,6600,9900,9900,12100,12100,12100,8100,9900,8100,5400,3600
going out clothes women,8100,5400,6600,9900,9900,9900,8100,9900,9900,9900,8100,6600,5400
phoebe philo,8100,8100,6600,9900,9900,8100,8100,9900,8100,9900,8100,8100,9900
going out outfits women,8100,5400,6600,9900,9900,9900,8100,9900,9900,9900,8100,6600,5400
gothic style clothing,8100,6600,8100,8100,9900,9900,8100,6600,5400,6600,6600,6600,5400
overshirts,8100,6600,6600,9900,9900,12100,12100,8100,6600,8100,8100,8100,6600
mens quarter zip jumper,8100,2400,3600,6600,9900,18100,22200,8100,6600,6600,4400,3600,2400
quarter zip sweater mens,8100,2400,3600,6600,9900,18100,22200,8100,6600,6600,4400,3600,2400
overshirt shirt,8100,6600,6600,9900,9900,12100,12100,8100,6600,8100,8100,8100,6600
black trench coat women,6600,2900,4400,9900,9900,9900,8100,8100,8100,8100,6600,4400,2400
black wide leg trousers,6600,5400,8100,9900,9900,9900,8100,8100,5400,6600,5400,5400,4400
brown loafers women,6600,3600,6600,12100,9900,5400,4400,8100,6600,6600,5400,4400,2900
short wellies,6600,3600,3600,9900,9900,12100,9900,6600,6600,4400,2400,1900,2400
short wellington boots,6600,3600,3600,9900,9900,12100,9900,6600,6600,4400,2400,1900,2400
short welly boots,6600,3600,3600,9900,9900,12100,9900,6600,6600,4400,2400,1900,2400
ladies black trench coat,6600,2900,4400,9900,9900,9900,8100,8100,8100,8100,6600,4400,2400
womens black trench,6600,2900,4400,9900,9900,9900,8100,8100,8100,8100,6600,4400,2400
black mac coat womens,6600,2900,4400,9900,9900,9900,8100,8100,8100,8100,6600,4400,2400
black trench jacket women's,6600,2900,4400,9900,9900,9900,8100,8100,8100,8100,6600,4400,2400
mens waterproof coat,6600,1900,2900,12100,9900,14800,12100,6600,5400,2400,1300,1300,1600
mens padded jacket,6600,1600,2400,8100,9900,14800,12100,8100,5400,4400,2900,1900,1000
mens padded coat,6600,1600,2400,8100,9900,14800,12100,8100,5400,4400,2900,1900,1000
long black coat for ladies,6600,1600,2900,6600,9900,14800,14800,12100,6600,3600,2400,1000,720
black jeans men,6600,5400,6600,8100,9900,9900,9900,6600,6600,6600,5400,4400,3600
mens cashmere sweaters,6600,2400,2900,6600,9900,14800,14800,6600,4400,4400,2400,1900,1300
black bomber jacket,6600,4400,6600,9900,9900,9900,8100,6600,6600,8100,6600,5400,3600
flare jeans women,6600,5400,6600,9900,9900,8100,9900,8100,6600,8100,6600,4400,3600
knit sweater,6600,2900,6600,9900,9900,12100,9900,5400,4400,3600,2900,1900,1600
black party dress,6600,4400,5400,8100,9900,14800,9900,6600,5400,5400,5400,4400,3600
dark blue jeans,6600,4400,6600,9900,9900,9900,9900,8100,6600,6600,5400,4400,3600
baby coat,6600,3600,6600,14800,9900,8100,6600,5400,4400,4400,3600,2900,2400
long black coat women,6600,1600,2900,6600,9900,14800,14800,12100,6600,3600,2400,1000,720
brown mini dress,6600,4400,4400,8100,9900,9900,8100,5400,5400,5400,4400,4400,4400
mens smart jackets,6600,2400,3600,8100,9900,14800,14800,6600,6600,6600,5400,4400,2400
country clothes,6600,5400,5400,8100,9900,12100,12100,6600,5400,5400,4400,4400,4400
velour garments,6600,5400,8100,9900,9900,14800,8100,5400,5400,4400,3600,6600,3600
chunky boots,5400,2900,8100,8100,9900,12100,8100,6600,4400,3600,2400,2400,1900
brown leather jacket womens,5400,2400,5400,8100,9900,8100,6600,5400,5400,6600,5400,3600,2400
ladies brown leather jacket,5400,2400,5400,8100,9900,8100,6600,5400,5400,6600,5400,3600,2400
boots chunky,5400,2900,8100,8100,9900,12100,8100,6600,4400,3600,2400,2400,1900
brown leather coat womens,5400,2400,5400,8100,9900,8100,6600,5400,5400,6600,5400,3600,2400
brown leather jacket female,5400,2400,5400,8100,9900,8100,6600,5400,5400,6600,5400,3600,2400
womens brown biker jacket,5400,2400,5400,8100,9900,8100,6600,5400,5400,6600,5400,3600,2400
black long sleeve dress,5400,2400,2900,6600,9900,12100,9900,8100,6600,4400,2900,2400,1900
cashmere jumper women's,5400,1300,2900,8100,9900,12100,12100,6600,3600,2900,1600,1300,880
laced boots womens,5400,1900,3600,8100,9900,12100,8100,6600,3600,2400,1600,1000,880
mens winter coat sale,5400,2400,3600,8100,9900,12100,8100,8100,3600,2400,1900,1300,1000
brown coat men,5400,1900,2900,5400,9900,9900,9900,6600,5400,5400,4400,2900,1900
leather jacket brown womens,5400,2400,5400,8100,9900,8100,6600,5400,5400,6600,5400,3600,2400
ladies long puffer jackets,5400,1000,2900,8100,9900,18100,12100,9900,3600,1600,880,590,480
sherpa jacket,5400,1600,2900,8100,9900,12100,8100,6600,3600,2900,1900,1600,1000
cashmere sweater women,5400,1300,2900,8100,9900,12100,12100,6600,3600,2900,1600,1300,880
corduroy jacket,5400,2900,4400,8100,9900,8100,6600,5400,4400,5400,4400,3600,2400
max mara coat,5400,1900,2900,6600,9900,12100,9900,8100,4400,3600,1900,1300,1300
shearling jacket,5400,1600,2900,6600,9900,12100,9900,8100,4400,2900,1600,1300,1000
long puffer jacket women,5400,1000,2900,8100,9900,18100,12100,9900,3600,1600,880,590,480
winter clothes,5400,2900,5400,12100,9900,12100,5400,4400,1900,1300,1000,1300,1600
velvet dress women,5400,1000,1600,4400,9900,18100,18100,4400,2400,1300,880,720,480
haute couture,5400,5400,4400,5400,9900,5400,5400,6600,5400,4400,4400,5400,4400
brown hoodies,5400,2400,5400,9900,9900,9900,8100,6600,5400,4400,3600,2900,2400
brown jacket men,5400,1900,2900,5400,9900,9900,9900,6600,5400,5400,4400,2900,1900
autumn clothes,5400,4400,18100,27100,9900,2400,590,390,480,590,320,320,590
leather trench coat,4400,1900,3600,8100,9900,8100,6600,5400,4400,3600,2400,1900,1300
long boots,4400,1900,3600,8100,9900,12100,9900,5400,2900,2400,1600,1300,1300
suede knee high boots,4400,1600,2900,8100,9900,9900,8100,4400,2900,2400,1600,1000,720
long boots for women,4400,1600,2900,8100,9900,12100,9900,5400,2900,1900,1300,880,720
burgundy knee high boots,4400,880,2400,8100,9900,9900,8100,3600,1900,1300,590,390,320
leather knee boots,4400,1900,3600,8100,9900,9900,8100,5400,2900,1900,1600,1000,720
suede knee boots,4400,1600,2900,8100,9900,9900,8100,4400,2900,2400,1600,1000,720
suede high boots,4400,1600,2900,8100,9900,9900,8100,4400,2900,2400,1600,1000,720
leather trench jacket,4400,1900,3600,8100,9900,8100,6600,5400,4400,3600,2400,1900,1300
burgundy knee boots,4400,880,2400,8100,9900,9900,8100,3600,1900,1300,590,390,320
burgundy high boots,4400,880,2400,8100,9900,9900,8100,3600,1900,1300,590,390,320
boots leather knee high,4400,1900,3600,8100,9900,9900,8100,5400,2900,1900,1600,1000,720
shoe boots for women,4400,1900,3600,8100,9900,9900,8100,5400,3600,2900,2400,1600,1300
women's flat boots,4400,1300,2900,8100,9900,12100,8100,5400,3600,2400,1300,1000,720
long womens boots,4400,1600,2900,8100,9900,12100,9900,5400,2900,1900,1300,880,720
leather coat trench,4400,1900,3600,8100,9900,8100,6600,5400,4400,3600,2400,1900,1300
mens winter coat,4400,880,2400,8100,9900,12100,6600,4400,1600,590,390,320,390
puffer jacket brown,4400,590,1900,6600,9900,12100,8100,8100,3600,2400,880,480,320
baerskin hoodie,4400,320,590,880,9900,18100,14800,4400,2900,1000,880,1000,2400
black corset dress,4400,3600,3600,5400,9900,5400,4400,4400,4400,4400,3600,3600,3600
brown puffer jacket,4400,590,1900,6600,9900,12100,8100,8100,3600,2400,880,480,320
thermal vests ladies,4400,720,1300,6600,9900,14800,8100,9900,3600,1900,1300,880,590
winter outfits women,4400,1300,2900,8100,9900,14800,9900,5400,2400,880,390,390,390
winter look for women,4400,1300,2900,8100,9900,14800,9900,5400,2400,880,390,390,390
winter outfits for ladies,4400,1300,2900,8100,9900,14800,9900,5400,2400,880,390,390,390
white knee high boots,3600,2900,2900,4400,9900,3600,3600,2400,2400,2900,2400,2400,1900
white knee boots,3600,2900,2900,4400,9900,3600,3600,2400,2400,2900,2400,2400,1900
brown knee high boots flat,3600,1000,2400,6600,9900,9900,8100,3600,2400,1900,1000,880,720
high boots white,3600,2900,2900,4400,9900,3600,3600,2400,2400,2900,2400,2400,1900
knee boots white,3600,2900,2900,4400,9900,3600,3600,2400,2400,2900,2400,2400,1900
met gala,33100,6600,6600,6600,8100,8100,6600,6600,6600,8100,14800,301000,6600
summer dress for women,27100,49500,27100,12100,8100,8100,9900,22200,22200,27100,40500,60500,60500
cargo shorts,18100,40500,27100,12100,8100,6600,5400,6600,8100,14800,22200,40500,40500
linen shirt,18100,40500,22200,12100,8100,6600,6600,9900,9900,14800,22200,40500,49500
sandbanks clothing,18100,8100,6600,6600,8100,18100,22200,18100,12100,12100,49500,22200,14800
running shorts women,14800,22200,18100,12100,8100,6600,8100,9900,12100,22200,27100,27100,22200
sequin shorts,14800,6600,5400,4400,8100,33100,74000,5400,3600,4400,3600,6600,12100
plus size swimwear,12100,22200,18100,12100,8100,4400,3600,9900,9900,12100,14800,18100,14800
womens swimsuits,12100,14800,14800,12100,8100,6600,6600,12100,12100,12100,12100,14800,14800
white maxi dress,12100,22200,14800,9900,8100,8100,6600,9900,9900,12100,14800,18100,18100
maternity swimwear,12100,14800,12100,9900,8100,6600,6600,14800,14800,14800,14800,18100,12100
halter top,12100,14800,12100,8100,8100,6600,8100,12100,9900,12100,12100,14800,14800
smocked dress,12100,18100,12100,9900,8100,8100,8100,8100,8100,9900,12100,14800,14800
pink dress for women,12100,18100,12100,9900,8100,6600,5400,9900,9900,14800,14800,18100,14800
midi dress for women,12100,14800,12100,9900,8100,8100,6600,8100,9900,12100,14800,18100,18100
vest tops,12100,22200,18100,12100,8100,8100,6600,8100,8100,12100,14800,22200,22200
apricot dresses,12100,22200,14800,9900,8100,9900,8100,8100,8100,9900,12100,18100,18100
womens t shirt,12100,18100,14800,12100,8100,8100,9900,8100,8100,14800,18100,22200,18100
long dresses for women,9900,9900,8100,8100,8100,9900,8100,8100,8100,9900,9900,9900,9900
modest dresses,9900,12100,9900,8100,8100,8100,8100,8100,8100,12100,9900,12100,12100
white shorts,9900,18100,12100,6600,8100,3600,3600,4400,5400,8100,12100,22200,22200
petite jumpsuit,9900,12100,9900,8100,8100,9900,8100,8100,9900,12100,12100,12100,9900
boss t shirt,9900,14800,9900,8100,8100,12100,14800,5400,5400,6600,8100,9900,9900
black and white dress,9900,14800,12100,9900,8100,8100,6600,8100,6600,8100,9900,9900,9900
axel arigato trainers,9900,8100,8100,8100,8100,12100,14800,9900,8100,8100,9900,8100,6600
hiking trousers,9900,6600,8100,9900,8100,9900,8100,14800,9900,12100,9900,9900,9900
mens graphic t shirts,9900,14800,12100,9900,8100,12100,14800,5400,6600,8100,9900,12100,12100
mother of the groom outfits,9900,12100,9900,9900,8100,5400,4400,14800,12100,9900,8100,8100,6600
gym shark shorts,9900,18100,12100,8100,8100,9900,9900,6600,6600,9900,12100,14800,14800
concert outfit,9900,14800,12100,9900,8100,9900,5400,8100,8100,8100,18100,12100,18100
ladies cardigans,8100,4400,6600,9900,8100,8100,8100,6600,5400,8100,8100,8100,5400
ladies cardigan sweaters,8100,4400,6600,9900,8100,8100,8100,6600,5400,8100,8100,8100,5400
long sleeve shirts,8100,6600,6600,8100,8100,8100,6600,6600,6600,8100,8100,8100,8100
activewear,8100,8100,8100,8100,8100,8100,8100,9900,8100,9900,8100,8100,8100
alo leggings,8100,4400,5400,8100,8100,9900,12100,12100,9900,9900,9900,8100,6600
birthday dresses for women,8100,8100,8100,8100,8100,8100,6600,9900,6600,8100,6600,6600,6600
pink mini dress,8100,9900,8100,6600,8100,3600,3600,6600,8100,9900,9900,9900,9900
long skirts,8100,12100,9900,8100,8100,6600,6600,8100,6600,8100,9900,12100,9900
nakd fashion,8100,6600,8100,8100,8100,12100,6600,6600,5400,6600,6600,8100,6600
baby girl dresses,8100,8100,8100,8100,8100,8100,8100,8100,9900,12100,8100,9900,6600
mens boxer shorts,8100,8100,8100,6600,8100,12100,14800,5400,5400,5400,5400,6600,8100
70s outfits,8100,8100,8100,8100,8100,6600,5400,9900,8100,8100,8100,6600,6600
birthday outfits,8100,6600,6600,8100,8100,6600,5400,9900,8100,8100,8100,6600,6600
sequin mini dress,8100,6600,6600,6600,8100,14800,18100,5400,4400,5400,5400,6600,6600
sportswear,8100,8100,8100,9900,8100,8100,8100,8100,6600,6600,6600,6600,6600
mens designer clothes,8100,8100,9900,8100,8100,12100,12100,6600,6600,8100,6600,6600,5400
party tops,8100,3600,3600,6600,8100,18100,18100,8100,6600,8100,5400,5400,6600
party outfit,8100,5400,5400,6600,8100,14800,12100,8100,6600,6600,6600,5400,5400
night dress for women,8100,8100,8100,6600,8100,9900,9900,8100,6600,6600,6600,8100,8100
mens designer shirts,8100,9900,8100,8100,8100,9900,12100,5400,6600,8100,6600,8100,8100
fast fashion,8100,5400,2400,8100,8100,22200,6600,8100,6600,8100,6600,8100,8100
hot pants,8100,12100,9900,6600,8100,6600,8100,6600,6600,8100,8100,9900,14800
scotch and soda clothing,8100,6600,6600,8100,8100,9900,9900,8100,6600,6600,6600,6600,6600
short skirt,8100,9900,9900,8100,8100,8100,8100,6600,6600,6600,6600,9900,8100
2000s fashion,8100,9900,8100,8100,8100,8100,6600,9900,8100,9900,8100,8100,8100
80s fashion women,8100,9900,8100,8100,8100,8100,6600,8100,6600,6600,6600,6600,5400
70 outfits,8100,8100,8100,8100,8100,6600,5400,9900,8100,8100,8100,6600,6600
mens designer wear,8100,8100,9900,8100,8100,12100,12100,6600,6600,8100,6600,6600,5400
blue and black dress,8100,9900,8100,6600,8100,8100,6600,8100,8100,9900,6600,6600,6600
1970s outfit,8100,8100,8100,8100,8100,6600,5400,9900,8100,8100,8100,6600,6600
smart casual outfits for ladies,8100,6600,6600,8100,8100,8100,5400,8100,8100,9900,8100,8100,8100
00s fashion,8100,9900,8100,8100,8100,8100,6600,9900,8100,9900,8100,8100,8100
2000s style,8100,9900,8100,8100,8100,8100,6600,9900,8100,9900,8100,8100,8100
2000 style,8100,9900,8100,8100,8100,8100,6600,9900,8100,9900,8100,8100,8100
style attic,8100,9900,8100,8100,8100,8100,6600,6600,8100,8100,9900,9900,8100
leather faux,6600,6600,6600,8100,8100,8100,6600,6600,6600,6600,5400,5400,5400
christmas cardigan womens,6600,260,480,1900,8100,27100,40500,720,210,210,110,140,110
shirt for tuxedo,6600,8100,8100,8100,8100,9900,8100,5400,5400,6600,6600,8100,8100
ladies christmas cardigan,6600,260,480,1900,8100,27100,40500,720,210,210,110,140,110
zavetti canada jacket,6600,2400,3600,6600,8100,14800,12100,12100,6600,5400,2900,2400,1900
mens casual coats,6600,4400,5400,9900,8100,9900,8100,5400,5400,8100,8100,6600,4400
men clothing,6600,5400,5400,6600,8100,9900,9900,5400,5400,6600,6600,6600,5400
black cargo pants,6600,6600,6600,8100,8100,8100,6600,5400,5400,6600,5400,5400,4400
high waisted jeans,6600,5400,6600,8100,8100,6600,6600,8100,6600,8100,8100,5400,4400
jeggings,6600,6600,6600,8100,8100,6600,6600,6600,5400,14800,6600,5400,4400
hoodrich tracksuit,6600,5400,5400,6600,8100,12100,12100,5400,4400,5400,3600,3600,2400
rain coat women,6600,6600,8100,22200,8100,6600,3600,3600,4400,3600,2900,4400,8100
psg tracksuit,6600,8100,6600,6600,8100,8100,8100,4400,4400,5400,4400,5400,3600
baggy jeans women,6600,6600,8100,8100,8100,8100,8100,6600,5400,8100,6600,5400,4400
satin pants,6600,4400,5400,6600,8100,9900,12100,5400,5400,6600,6600,8100,5400
petite jeans for women,6600,3600,5400,8100,8100,6600,6600,6600,6600,8100,6600,4400,2900
mens casual jackets,6600,4400,5400,9900,8100,9900,8100,5400,5400,8100,8100,6600,4400
black cargo trousers,6600,6600,6600,8100,8100,8100,6600,5400,5400,6600,5400,5400,4400
satin trousers,6600,4400,5400,6600,8100,9900,12100,5400,5400,6600,6600,8100,5400
mens straight leg jeans,6600,4400,5400,8100,8100,9900,12100,6600,5400,6600,4400,4400,2900
long fur coat,6600,1000,2400,5400,8100,22200,22200,14800,5400,2400,1000,720,590
mens casual trousers,6600,5400,6600,8100,8100,8100,6600,5400,5400,6600,6600,5400,4400
holland cooper coat,6600,1600,2400,6600,8100,12100,12100,9900,5400,8100,2900,1900,1900
donkey jacket,6600,4400,4400,8100,8100,9900,12100,8100,6600,5400,4400,5400,5400
maid outfits,6600,6600,6600,6600,8100,5400,5400,6600,6600,5400,5400,5400,5400
plaid shirts,6600,6600,6600,8100,8100,6600,5400,5400,4400,5400,5400,5400,5400
black leather jacket women,5400,2400,3600,6600,8100,6600,6600,5400,5400,6600,5400,3600,2400
leather bomber jacket women,5400,1900,4400,6600,8100,6600,6600,5400,5400,5400,4400,2900,1900
chunky cardigan sweater,5400,2400,6600,9900,8100,6600,4400,8100,4400,3600,3600,2900,1300
ladies black leather jacket,5400,2400,3600,6600,8100,6600,6600,5400,5400,6600,5400,3600,2400
black leather coat womens,5400,2400,3600,6600,8100,6600,6600,5400,5400,6600,5400,3600,2400
ladies leather bomber jacket,5400,1900,4400,6600,8100,6600,6600,5400,5400,5400,4400,2900,1900
bomber womens leather jackets,5400,1900,4400,6600,8100,6600,6600,5400,5400,5400,4400,2900,1900
bulky cardigan sweaters,5400,2400,6600,9900,8100,6600,4400,8100,4400,3600,3600,2900,1300
female black leather jacket,5400,2400,3600,6600,8100,6600,6600,5400,5400,6600,5400,3600,2400
black jacket women leather,5400,2400,3600,6600,8100,6600,6600,5400,5400,6600,5400,3600,2400
cashmere cardigan,5400,2900,5400,8100,8100,8100,8100,4400,2900,3600,2900,2900,2400
chunky loafers,5400,4400,6600,9900,8100,8100,5400,6600,5400,5400,4400,3600,2400
petite trench coat,5400,1900,4400,12100,8100,6600,4400,3600,4400,6600,4400,2400,1600
longline cardigan,5400,2400,4400,9900,8100,6600,6600,5400,3600,5400,5400,4400,2400
grey cardigan,5400,3600,6600,9900,8100,8100,5400,5400,4400,5400,4400,3600,2400
knit cardigan,5400,3600,6600,9900,8100,8100,6600,5400,4400,4400,3600,3600,2400
gray cardigan,5400,3600,6600,9900,8100,8100,5400,5400,4400,5400,4400,3600,2400
cashmere cardigan sweater,5400,2900,5400,8100,8100,8100,8100,4400,2900,3600,2900,2900,2400
grey cardigan sweater,5400,3600,6600,9900,8100,8100,5400,5400,4400,5400,4400,3600,2400
chunky cardigans,5400,2400,6600,9900,8100,6600,4400,8100,4400,3600,3600,2900,1300
loafers chunky,5400,4400,6600,9900,8100,8100,5400,6600,5400,5400,4400,3600,2400
petite trench,5400,1900,4400,12100,8100,6600,4400,3600,4400,6600,4400,2400,1600
knit cardigan sweater,5400,3600,6600,9900,8100,8100,6600,5400,4400,4400,3600,3600,2400
petite mac coat,5400,1900,4400,12100,8100,6600,4400,3600,4400,6600,4400,2400,1600
trench coat petite size,5400,1900,4400,12100,8100,6600,4400,3600,4400,6600,4400,2400,1600
petite size trench coat,5400,1900,4400,12100,8100,6600,4400,3600,4400,6600,4400,2400,1600
red ladies jumper,5400,1000,1900,4400,8100,12100,18100,5400,5400,3600,1600,1000,720
petite trench jacket,5400,1900,4400,12100,8100,6600,4400,3600,4400,6600,4400,2400,1600
trench petite coat,5400,1900,4400,12100,8100,6600,4400,3600,4400,6600,4400,2400,1600
corduroy trousers men,5400,1900,2900,6600,8100,9900,9900,6600,4400,4400,2900,2400,1900
mens fur coat,5400,2400,2900,5400,8100,12100,12100,8100,4400,3600,2400,1900,1300
mens cord trousers,5400,1900,2900,6600,8100,9900,9900,6600,4400,4400,2900,2400,1900
chelsea black boots,5400,1900,2900,6600,8100,12100,9900,6600,3600,2900,1900,1900,1300
mens tweed coat,5400,1900,2900,8100,8100,8100,8100,5400,4400,5400,2900,2400,1600
ladies black leather jackets,5400,2400,3600,6600,8100,6600,6600,5400,5400,6600,5400,3600,2400
mens fur overcoat,5400,2400,2900,5400,8100,12100,12100,8100,4400,3600,2400,1900,1300
mens fluffy coat,5400,2400,2900,5400,8100,12100,12100,8100,4400,3600,2400,1900,1300
male fur coats,5400,2400,2900,5400,8100,12100,12100,8100,4400,3600,2400,1900,1300
man in fur coat,5400,2400,2900,5400,8100,12100,12100,8100,4400,3600,2400,1900,1300
mens sweaters,5400,1600,2900,6600,8100,12100,12100,5400,3600,3600,2400,1900,1300
sweater vest,5400,3600,5400,6600,8100,6600,6600,6600,4400,5400,3600,2900,2400
leather pants women,5400,1900,2900,6600,8100,12100,12100,6600,5400,4400,2900,1900,1600
black flare jeans,5400,2900,4400,6600,8100,8100,8100,6600,5400,5400,3600,2900,2400
black wool coat,5400,1000,2400,5400,8100,12100,9900,9900,4400,2400,1300,720,480
1920s dress,5400,4400,5400,6600,8100,8100,5400,6600,4400,4400,3600,3600,2900
black leggings for women,5400,3600,4400,8100,8100,8100,8100,6600,5400,5400,4400,3600,2900
womens long puffer coat,5400,880,1900,5400,8100,14800,12100,9900,3600,1600,720,590,320
black sparkly dress,5400,2900,3600,5400,8100,14800,14800,4400,3600,3600,2900,2400,2400
work jacket,5400,2400,3600,8100,8100,9900,5400,6600,5400,5400,3600,2900,1900
black wide leg jeans,5400,2400,4400,8100,8100,8100,8100,6600,5400,4400,3600,2400,1600
white fur coat,5400,1300,2400,5400,8100,14800,14800,8100,4400,2400,1600,1000,880
petite wide leg jeans,5400,3600,5400,9900,8100,6600,5400,5400,4400,5400,4400,2900,1900
red coat,5400,3600,3600,6600,8100,9900,8100,6600,4400,4400,3600,3600,2900
party tops for women,5400,1900,2400,4400,8100,18100,14800,3600,3600,2900,2900,2400,1900
suede bomber jacket,5400,1900,9900,12100,8100,5400,3600,3600,4400,8100,5400,3600,1600
mens tweed jacket,5400,1900,2900,8100,8100,8100,8100,5400,4400,5400,2900,2400,1600
mens corduroy trousers,5400,1900,2900,6600,8100,9900,9900,6600,4400,4400,2900,2400,1900
mens dinner jacket,5400,3600,4400,6600,8100,8100,5400,5400,4400,4400,4400,4400,3600
mens designer tracksuits,5400,2900,3600,6600,8100,9900,9900,5400,5400,6600,4400,4400,2900
black fur jacket,5400,880,1600,4400,8100,14800,14800,8100,5400,2900,1600,880,480
leather trousers women,5400,1900,2900,6600,8100,12100,12100,6600,5400,4400,2900,1900,1600
white fur jacket,5400,1300,2400,5400,8100,14800,14800,8100,4400,2400,1600,1000,880
ball gown dress,5400,4400,5400,6600,8100,8100,4400,6600,5400,5400,5400,4400,4400
fur jacket men,5400,2400,2900,5400,8100,12100,12100,8100,4400,3600,2400,1900,1300
vogue runway,5400,4400,2900,8100,8100,3600,2900,5400,6600,6600,2900,2900,3600
half zip sweater men,5400,1900,2900,6600,8100,14800,14800,6600,4400,4400,2900,1900,1300
mens half zip jumper,5400,1900,2900,6600,8100,14800,14800,6600,4400,4400,2900,1900,1300
mens half zip pullover sweater,5400,1900,2900,6600,8100,14800,14800,6600,4400,4400,2900,1900,1300
half zipper sweater mens,5400,1900,2900,6600,8100,14800,14800,6600,4400,4400,2900,1900,1300
bomber jacket in suede,5400,1900,9900,12100,8100,5400,3600,3600,4400,8100,5400,3600,1600
half zip men's jumper,5400,1900,2900,6600,8100,14800,14800,6600,4400,4400,2900,1900,1300
half zip men's pullover,5400,1900,2900,6600,8100,14800,14800,6600,4400,4400,2900,1900,1300
half zipper sweater men's,5400,1900,2900,6600,8100,14800,14800,6600,4400,4400,2900,1900,1300
black chelsea boots women,4400,1300,2400,6600,8100,9900,8100,6600,3600,1900,1600,1000,720
wool trench coat,4400,1300,2900,6600,8100,9900,8100,5400,2900,1900,1000,720,590
wrap cardigan,4400,1900,4400,6600,8100,8100,5400,5400,4400,4400,2900,1900,1600
flat black boots,4400,1300,2400,6600,8100,9900,8100,4400,2900,2400,1600,1300,1000
black heeled ankle boots,4400,1600,2900,5400,8100,9900,8100,6600,5400,3600,2400,1600,880
brown satin skirt,4400,2400,3600,6600,8100,6600,6600,2900,2400,2400,1900,2400,2400
ladies black chelsea boots,4400,1300,2400,6600,8100,9900,8100,6600,3600,1900,1600,1000,720
wool jumpers womens,4400,1000,2400,6600,8100,9900,9900,6600,2900,1900,1300,880,590
ladies wool jumpers,4400,1000,2400,6600,8100,9900,9900,6600,2900,1900,1300,880,590
waterproof dress boots women's,4400,1000,1900,8100,8100,12100,6600,6600,3600,1300,720,720,720
satin brown skirt,4400,2400,3600,6600,8100,6600,6600,2900,2400,2400,1900,2400,2400
satin skirt brown,4400,2400,3600,6600,8100,6600,6600,2900,2400,2400,1900,2400,2400
wool coat trench,4400,1300,2900,6600,8100,9900,8100,5400,2900,1900,1000,720,590
wool trench jacket,4400,1300,2900,6600,8100,9900,8100,5400,2900,1900,1000,720,590
brown skirt satin,4400,2400,3600,6600,8100,6600,6600,2900,2400,2400,1900,2400,2400
brown chelsea boots,4400,1600,2900,6600,8100,9900,6600,4400,2900,2400,1900,1600,1600
wool jacket mens,4400,1000,1900,5400,8100,9900,8100,5400,3600,2400,1600,1000,720
warm coats for men,4400,880,1600,4400,8100,12100,8100,8100,2900,1600,880,720,320
mens quilted coat,4400,1300,1900,5400,8100,9900,8100,5400,4400,4400,2900,1900,1000
long wool coats,4400,880,1900,5400,8100,12100,9900,8100,3600,1900,880,590,390
mens quilted coats,4400,1300,1900,5400,8100,9900,8100,5400,4400,4400,2900,1900,1000
marks and spencers mens coats,4400,1000,1600,5400,8100,12100,9900,6600,3600,2400,1300,880,720
marks and spencer's men's coats,4400,1000,1600,5400,8100,12100,9900,6600,3600,2400,1300,880,720
brown chelsea shoes,4400,1600,2900,6600,8100,9900,6600,4400,2900,2400,1900,1600,1600
jacket men wool,4400,1000,1900,5400,8100,9900,8100,5400,3600,2400,1600,1000,720
northface jacket men,4400,1600,2900,5400,8100,12100,8100,5400,3600,2900,1900,1300,1000
green velvet dress,4400,1000,1600,3600,8100,14800,12100,2900,1600,1300,880,880,590
black velvet dress,4400,1000,1600,3600,8100,14800,14800,3600,1900,1300,1000,720,590
mens quilted jacket,4400,1300,1900,5400,8100,9900,8100,5400,4400,4400,2900,1900,1000
parka jacket women,4400,1600,2900,8100,8100,8100,5400,5400,2900,2900,1900,1600,1000
thermal leggings women,4400,880,1300,4400,8100,14800,8100,12100,2900,1600,720,720,390
long wool coat,4400,880,1900,5400,8100,12100,9900,8100,3600,1900,880,590,390
wool jacket,4400,2400,4400,6600,8100,9900,6600,5400,3600,3600,1900,1600,880
long wool coat women,4400,880,1900,5400,8100,9900,9900,9900,3600,2400,1000,590,390
mens cable knit sweater,4400,1600,2400,5400,8100,12100,12100,5400,2900,2400,1600,1000,720
black wool coat womens,4400,1000,1900,5400,8100,9900,9900,9900,4400,2900,1600,720,390
padded jacket,4400,1600,2400,6600,8100,8100,5400,5400,4400,4400,3600,2400,1300
boss jacket,4400,1900,2400,5400,8100,9900,9900,5400,3600,3600,2400,1900,1300
gothic dress,4400,4400,4400,5400,8100,4400,3600,3600,3600,3600,3600,3600,3600
winter outfits,4400,1600,3600,6600,8100,12100,8100,4400,1900,880,480,590,590
warm jackets for men,4400,880,1600,4400,8100,12100,8100,8100,2900,1600,880,720,320
polo jacket men,4400,1600,2900,6600,8100,12100,8100,5400,2900,2400,1600,1300,1000
mens duffle coat,4400,1300,1900,4400,8100,12100,9900,5400,2900,1600,1000,880,720
equidry coat,4400,1000,1900,6600,8100,12100,8100,6600,4400,1900,1300,1300,1300
hooded coat,4400,1300,2900,9900,8100,8100,5400,4400,3600,1900,1300,1300,1000
cable knit sweater men,4400,1600,2400,5400,8100,12100,12100,5400,2900,2400,1600,1000,720
mens cable knit jumper,4400,1600,2400,5400,8100,12100,12100,5400,2900,2400,1600,1000,720
men's cable knit sweaters,4400,1600,2400,5400,8100,12100,12100,5400,2900,2400,1600,1000,720
men's sweaters cable knit,4400,1600,2400,5400,8100,12100,12100,5400,2900,2400,1600,1000,720
cable knit cardigan for men,4400,1600,2400,5400,8100,12100,12100,5400,2900,2400,1600,1000,720
cable knit sweater male,4400,1600,2400,5400,8100,12100,12100,5400,2900,2400,1600,1000,720
cable stitch sweater mens,4400,1600,2400,5400,8100,12100,12100,5400,2900,2400,1600,1000,720
mens cable knit pullover,4400,1600,2400,5400,8100,12100,12100,5400,2900,2400,1600,1000,720
chunky boots women,3600,1300,2400,5400,8100,8100,6600,4400,2900,1600,1000,880,880
knee boots,3600,1600,2900,6600,8100,8100,6600,3600,2400,1900,1300,1000,1000
black leather knee high boots,3600,1300,2400,6600,8100,9900,8100,4400,2900,1600,1000,720,720
brown leather knee high boots,3600,1300,2900,8100,8100,6600,5400,3600,1900,1600,880,720,590
womens black knee high boots,3600,1000,1900,5400,8100,9900,8100,4400,2900,1600,1000,590,590
black leather knee boots,3600,1300,2400,6600,8100,9900,8100,4400,2900,1600,1000,720,720
black boots women knee high,3600,1000,1900,5400,8100,9900,8100,4400,2900,1600,1000,590,590
ladies black knee high boots,3600,1000,1900,5400,8100,9900,8100,4400,2900,1600,1000,590,590
black knee boots womens,3600,1000,1900,5400,8100,9900,8100,4400,2900,1600,1000,590,590
ladies chunky boots,3600,1300,2400,5400,8100,8100,6600,4400,2900,1600,1000,880,880
black leather high boots,3600,1300,2400,6600,8100,9900,8100,4400,2900,1600,1000,720,720
womens black knee boots,3600,1000,1900,5400,8100,9900,8100,4400,2900,1600,1000,590,590
brown leather knee boots,3600,1300,2900,8100,8100,6600,5400,3600,1900,1600,880,720,590
womens black high boots,3600,1000,1900,5400,8100,9900,8100,4400,2900,1600,1000,590,590
leather black boots knee high,3600,1300,2400,6600,8100,9900,8100,4400,2900,1600,1000,720,720
brown leather high boots,3600,1300,2900,8100,8100,6600,5400,3600,1900,1600,880,720,590
knee high boots leather black,3600,1300,2400,6600,8100,9900,8100,4400,2900,1600,1000,720,720
black high boots women,3600,1000,1900,5400,8100,9900,8100,4400,2900,1600,1000,590,590
ladies black knee boots,3600,1000,1900,5400,8100,9900,8100,4400,2900,1600,1000,590,590
black high boots leather,3600,1300,2400,6600,8100,9900,8100,4400,2900,1600,1000,720,720
ladies black boots knee high,3600,1000,1900,5400,8100,9900,8100,4400,2900,1600,1000,590,590
chunky boots ladies,3600,1300,2400,5400,8100,8100,6600,4400,2900,1600,1000,880,880
boots for women chunky,3600,1300,2400,5400,8100,8100,6600,4400,2900,1600,1000,880,880
boots women chunky,3600,1300,2400,5400,8100,8100,6600,4400,2900,1600,1000,880,880
chunky boots for ladies,3600,1300,2400,5400,8100,8100,6600,4400,2900,1600,1000,880,880
ladies boots chunky,3600,1300,2400,5400,8100,8100,6600,4400,2900,1600,1000,880,880
brown chelsea boots women,3600,1000,2400,6600,8100,8100,6600,4400,2400,1600,880,720,480
leather ankle boots for women,3600,1000,2400,6600,8100,8100,6600,4400,2400,1900,1000,880,590
brown suede ankle boots,3600,590,1600,6600,8100,8100,5400,3600,2400,1900,880,480,320
leopard print cardigan,3600,1300,2900,6600,8100,6600,4400,3600,3600,2900,2400,1600,880
animal print cardigan,3600,1300,2900,6600,8100,6600,4400,3600,3600,2900,2400,1600,880
ladies leather ankle boots,3600,1000,2400,6600,8100,8100,6600,4400,2400,1900,1000,880,590
leopard print cardigan sweater,3600,1300,2900,6600,8100,6600,4400,3600,3600,2900,2400,1600,880
cream ladies jumper,3600,590,1600,5400,8100,9900,9900,5400,2900,2400,1600,1000,480
brown suede boots ankle,3600,590,1600,6600,8100,8100,5400,3600,2400,1900,880,480,320
animal print cardigan sweater,3600,1300,2900,6600,8100,6600,4400,3600,3600,2900,2400,1600,880
ankle boots leather women's,3600,1000,2400,6600,8100,8100,6600,4400,2400,1900,1000,880,590
cream jumper women,3600,590,1600,5400,8100,9900,9900,5400,2900,2400,1600,1000,480
brown leather pants,3600,590,1300,5400,8100,9900,8100,4400,3600,2400,1000,720,390
plus size coats,3600,880,1600,6600,8100,9900,5400,5400,2400,1600,1000,720,320
black leather shorts,3600,1900,1900,3600,8100,6600,9900,3600,2900,3600,2400,1900,1900
long gilet womens,3600,880,1900,6600,8100,8100,5400,3600,2400,2900,1900,1000,480
green mini dress,3600,3600,2900,3600,8100,3600,2900,2900,3600,4400,3600,3600,3600
dirndl dress,3600,6600,4400,8100,8100,1900,1300,1600,2400,2400,2400,2400,2400
brown leather skirt,3600,720,1300,5400,8100,9900,8100,3600,2900,1600,880,590,390
brown leather trousers,3600,590,1300,5400,8100,9900,8100,4400,3600,2400,1000,720,390
peaky blinders outfit,2900,1600,1600,2900,8100,3600,3600,2400,2900,4400,2900,1900,1600
fall clothes women,2900,1600,8100,18100,8100,1600,260,260,320,210,140,110,210
womens autumn clothes,2900,1600,8100,18100,8100,1600,260,260,320,210,140,110,210
jessica rabbit outfit,1900,1300,1900,3600,8100,1900,1000,1300,1000,880,880,880,720
mens cargo shorts,18100,40500,27100,12100,6600,5400,4400,6600,8100,14800,22200,40500,33100
womens shorts,18100,40500,27100,9900,6600,5400,5400,9900,9900,14800,22200,40500,40500
summer clothes,18100,18100,8100,6600,6600,6600,8100,18100,18100,27100,27100,40500,27100
men's cargo shorts,18100,40500,27100,12100,6600,5400,4400,6600,8100,14800,22200,40500,33100
beach dresses,14800,27100,22200,9900,6600,5400,5400,12100,12100,12100,14800,27100,27100
floral dress,14800,22200,14800,8100,6600,5400,6600,8100,12100,18100,22200,22200,18100
holiday outfits,14800,18100,14800,9900,6600,4400,4400,12100,12100,18100,22200,27100,27100
claires accessories,14800,5400,12100,5400,6600,8100,5400,12100,22200,27100,40500,18100,12100
sage green dress,12100,14800,12100,9900,6600,6600,4400,12100,9900,12100,14800,14800,14800
bermuda shorts,12100,22200,12100,6600,6600,4400,3600,5400,5400,9900,14800,27100,27100
cycling shorts,12100,22200,18100,9900,6600,5400,4400,5400,5400,9900,14800,22200,22200
mens short sleeve shirts,12100,22200,18100,9900,6600,8100,8100,6600,6600,8100,9900,18100,22200
stunning wedding guest dresses,12100,18100,14800,9900,6600,3600,2900,12100,14800,18100,14800,14800,12100
petite wedding guest dresses,12100,14800,12100,8100,6600,3600,2400,8100,9900,14800,18100,18100,14800
green wedding guest dress,12100,14800,12100,9900,6600,4400,3600,9900,9900,14800,14800,18100,14800
mens holiday clothes,12100,18100,14800,12100,6600,5400,4400,9900,9900,14800,18100,22200,18100
christmas day outfit,12100,320,720,2400,6600,33100,90500,260,210,140,110,110,110
crochet cardigans,9900,12100,12100,8100,6600,5400,4400,6600,6600,9900,14800,14800,12100
crochet cardigan sweater,9900,12100,12100,8100,6600,5400,4400,6600,6600,9900,14800,14800,12100
denim jacket women,9900,12100,12100,9900,6600,4400,3600,4400,6600,12100,18100,14800,9900
jean jacket women,9900,12100,12100,9900,6600,4400,3600,4400,6600,12100,18100,14800,9900
wedding outfits for women,9900,12100,12100,9900,6600,4400,3600,12100,12100,12100,12100,12100,9900
jeans jacket women,9900,12100,12100,9900,6600,4400,3600,4400,6600,12100,18100,14800,9900
white cardigan,8100,9900,8100,8100,6600,5400,5400,5400,6600,9900,12100,12100,8100
white cardigan sweater,8100,9900,8100,8100,6600,5400,5400,5400,6600,9900,12100,12100,8100
silk dress,8100,12100,8100,8100,6600,6600,6600,8100,8100,9900,8100,9900,9900
wedding suits for men,8100,9900,9900,8100,6600,5400,4400,9900,8100,8100,8100,8100,6600
navy blue dress,8100,9900,8100,8100,6600,6600,5400,6600,6600,8100,8100,8100,9900
work clothes for women,8100,8100,9900,9900,6600,5400,5400,8100,6600,8100,6600,6600,6600
babydoll dress,8100,9900,8100,5400,6600,6600,6600,6600,6600,8100,9900,18100,12100
red prom dress,8100,8100,4400,6600,6600,6600,4400,9900,8100,9900,8100,8100,9900
designer t shirts,8100,9900,8100,6600,6600,8100,8100,4400,5400,6600,6600,8100,8100
mens white t shirts,8100,9900,8100,6600,6600,9900,9900,5400,5400,8100,8100,9900,9900
monsoon wedding dresses,8100,9900,9900,8100,6600,5400,4400,9900,8100,8100,6600,8100,8100
jeans and a nice top,8100,4400,5400,8100,6600,6600,6600,8100,9900,9900,9900,6600,4400
women's running clothes,8100,6600,6600,6600,6600,8100,9900,12100,8100,9900,9900,8100,5400
running outfit women,8100,6600,6600,6600,6600,8100,9900,12100,8100,9900,9900,8100,5400
petite wide leg pants,6600,8100,8100,9900,6600,5400,5400,5400,4400,6600,6600,6600,4400
petite wide leg trousers,6600,8100,8100,9900,6600,5400,5400,5400,4400,6600,6600,6600,4400
short trench coat women,6600,2400,4400,8100,6600,4400,3600,3600,5400,12100,12100,6600,3600
suede loafers women,6600,4400,6600,9900,6600,3600,2900,4400,6600,9900,8100,5400,3600
mens casual dress shirts,6600,8100,8100,8100,6600,8100,8100,4400,4400,5400,5400,6600,5400
casual shirts mens,6600,8100,8100,8100,6600,8100,8100,4400,4400,5400,5400,6600,5400
ladies suede loafers,6600,4400,6600,9900,6600,3600,2900,4400,6600,9900,8100,5400,3600
petite wide leg dress pants,6600,8100,8100,9900,6600,5400,5400,5400,4400,6600,6600,6600,4400
petite trousers wide leg,6600,8100,8100,9900,6600,5400,5400,5400,4400,6600,6600,6600,4400
suede penny loafers womens,6600,4400,6600,9900,6600,3600,2900,4400,6600,9900,8100,5400,3600
wide legs pants petite,6600,8100,8100,9900,6600,5400,5400,5400,4400,6600,6600,6600,4400
trousers wide leg petite,6600,8100,8100,9900,6600,5400,5400,5400,4400,6600,6600,6600,4400
wide leg pants on petites,6600,8100,8100,9900,6600,5400,5400,5400,4400,6600,6600,6600,4400
mens lightweight coat,6600,5400,5400,8100,6600,5400,4400,3600,4400,8100,9900,8100,4400
parachute pants,6600,6600,6600,6600,6600,6600,5400,6600,5400,8100,8100,8100,6600
skims dress,6600,9900,8100,6600,6600,6600,6600,8100,6600,6600,6600,6600,6600
dress shirts,6600,6600,6600,6600,6600,8100,6600,6600,5400,6600,5400,6600,6600
black denim jacket,6600,6600,8100,8100,6600,5400,4400,4400,5400,8100,9900,8100,5400
chino pants,6600,8100,8100,8100,6600,6600,5400,5400,5400,5400,6600,6600,6600
tunic tops,6600,6600,6600,8100,6600,6600,4400,5400,5400,6600,6600,6600,5400
gym clothes men,6600,5400,5400,6600,6600,8100,8100,8100,6600,6600,5400,5400,5400
petite clothing,6600,6600,6600,8100,6600,5400,5400,5400,5400,8100,8100,8100,6600
white tank top,6600,9900,6600,5400,6600,4400,4400,5400,4400,6600,8100,9900,8100
white lace dress,6600,8100,6600,6600,6600,4400,4400,6600,6600,8100,8100,9900,9900
newborn baby clothes,6600,6600,6600,6600,6600,6600,6600,6600,5400,5400,5400,5400,5400
elegant dresses,6600,8100,6600,6600,6600,6600,5400,6600,6600,8100,6600,8100,6600
childrens clothes,6600,14800,6600,6600,6600,6600,6600,3600,3600,5400,3600,3600,2900
black wedding guest dress,6600,8100,9900,8100,6600,4400,2900,5400,5400,6600,6600,6600,6600
designer baby clothes,6600,6600,6600,6600,6600,6600,6600,6600,5400,6600,5400,5400,4400
petite clothing for women,6600,5400,5400,6600,6600,5400,5400,5400,6600,8100,8100,8100,6600
formal dresses for women,6600,6600,5400,6600,6600,6600,4400,5400,6600,6600,6600,6600,6600
mens casual shirts,6600,8100,8100,8100,6600,8100,8100,4400,4400,5400,5400,6600,5400
red maxi dress,6600,8100,6600,5400,6600,9900,6600,6600,6600,6600,8100,8100,8100
70s fashion,6600,8100,6600,8100,6600,6600,5400,8100,6600,6600,6600,6600,5400
baby girl outfits,6600,5400,5400,6600,6600,8100,8100,6600,6600,6600,6600,5400,5400
marc darcy suits,6600,8100,8100,6600,6600,5400,4400,8100,6600,8100,8100,8100,6600
green dress for women,6600,9900,6600,6600,6600,6600,6600,5400,6600,8100,6600,8100,8100
singlet,6600,8100,8100,6600,6600,8100,6600,6600,6600,6600,6600,8100,8100
cowl neck top,6600,6600,6600,6600,6600,6600,6600,5400,5400,5400,6600,6600,6600
sparkly tops for women,6600,1900,2400,3600,6600,18100,27100,2900,2400,2400,2900,2900,3600
mens light jacket,6600,5400,5400,8100,6600,5400,4400,3600,4400,8100,9900,8100,4400
mens shirts sale,6600,9900,8100,8100,6600,8100,9900,6600,5400,5400,5400,6600,6600
mens harrington jacket,6600,4400,5400,6600,6600,8100,8100,5400,6600,9900,9900,6600,4400
christmas shirts women,6600,590,720,2400,6600,27100,40500,480,480,390,210,140,140
chino trousers,6600,8100,8100,8100,6600,6600,5400,5400,5400,5400,6600,6600,6600
religion clothing,6600,6600,6600,6600,6600,8100,6600,6600,6600,6600,6600,6600,6600
running gear for men,6600,5400,5400,6600,6600,9900,12100,9900,8100,8100,8100,6600,4400
running clothes men,6600,5400,5400,6600,6600,9900,12100,9900,8100,8100,8100,6600,4400
hera clothing,6600,4400,4400,5400,6600,9900,8100,8100,5400,5400,5400,5400,4400
joe brown clothing,6600,5400,4400,5400,6600,8100,6600,5400,5400,6600,6600,6600,5400
ladies petite clothing,6600,5400,5400,6600,6600,5400,5400,5400,6600,8100,8100,8100,6600
the style attic,6600,6600,5400,6600,6600,5400,4400,5400,6600,8100,8100,8100,6600
cropped cardigan,5400,4400,5400,8100,6600,5400,5400,4400,4400,6600,6600,6600,4400
navy cardigan,5400,3600,5400,8100,6600,5400,3600,4400,4400,5400,5400,5400,3600
cream cardigan,5400,4400,5400,8100,6600,5400,5400,4400,3600,5400,6600,6600,4400
cropped cardigan sweater,5400,4400,5400,8100,6600,5400,5400,4400,4400,6600,6600,6600,4400
green cardigan sweater,5400,3600,5400,8100,6600,5400,5400,4400,4400,6600,5400,4400,2400
navy cardigan sweater,5400,3600,5400,8100,6600,5400,3600,4400,4400,5400,5400,5400,3600
green cardigans,5400,3600,5400,8100,6600,5400,5400,4400,4400,6600,5400,4400,2400
biker jacket,5400,4400,5400,6600,6600,6600,5400,5400,5400,6600,5400,4400,2900
work pants,5400,5400,6600,9900,6600,6600,4400,5400,5400,5400,5400,4400,4400
purple jeans,5400,6600,6600,6600,6600,5400,6600,6600,5400,5400,4400,4400,2900
mens pants,5400,5400,5400,5400,6600,9900,9900,4400,4400,4400,4400,4400,4400
anine bing sweatshirt,5400,3600,4400,6600,6600,6600,8100,6600,4400,3600,3600,2900,1900
track pants,5400,4400,5400,6600,6600,8100,6600,5400,5400,5400,5400,5400,4400
mesh dress,5400,6600,6600,6600,6600,6600,6600,5400,5400,5400,5400,5400,4400
stretch jeans,5400,3600,5400,8100,6600,5400,4400,4400,5400,6600,5400,3600,2400
girls leggings,5400,3600,5400,8100,6600,6600,5400,5400,4400,5400,5400,4400,3600
hiking pants men,5400,3600,4400,5400,6600,6600,5400,8100,6600,6600,5400,5400,3600
mens denim jacket,5400,4400,5400,6600,6600,6600,5400,4400,4400,6600,6600,5400,4400
kids jackets,5400,2900,5400,9900,6600,8100,6600,5400,3600,4400,3600,2900,2400
varsity jacket mens,5400,3600,4400,6600,6600,8100,8100,6600,5400,5400,4400,3600,2400
boss tracksuit,5400,2900,3600,5400,6600,9900,9900,4400,3600,4400,3600,3600,2400
dinner jacket,5400,4400,4400,6600,6600,8100,6600,4400,3600,4400,5400,4400,4400
designer clothes,5400,6600,5400,5400,6600,8100,6600,5400,4400,5400,4400,5400,4400
smoking jacket,5400,4400,4400,5400,6600,8100,9900,6600,5400,5400,4400,4400,4400
designer hoodies,5400,2900,3600,6600,6600,8100,8100,4400,4400,4400,3600,2900,1900
bdg jeans,5400,4400,5400,5400,6600,6600,6600,5400,4400,5400,5400,4400,3600
racer jacket,5400,5400,4400,5400,6600,6600,5400,5400,5400,6600,5400,4400,3600
gold dresses for women,5400,4400,4400,5400,6600,6600,6600,5400,4400,4400,4400,4400,4400
avirex jacket,5400,3600,4400,6600,6600,6600,8100,6600,6600,5400,4400,3600,3600
sports jacket,5400,4400,4400,6600,6600,6600,5400,4400,4400,5400,5400,4400,3600
ladies waterproof jacket,5400,5400,6600,14800,6600,5400,3600,2900,3600,3600,2900,4400,5400
tracksuit set,5400,2900,4400,6600,6600,8100,8100,5400,4400,5400,3600,3600,2400
jean jacket men,5400,4400,5400,6600,6600,6600,5400,4400,4400,6600,6600,5400,4400
ski suits,5400,1900,2900,4400,6600,9900,12100,14800,8100,4400,1600,1300,1000
pink tracksuit,5400,3600,4400,5400,6600,8100,6600,6600,6600,6600,5400,4400,2900
brown midi dress,5400,5400,5400,6600,6600,5400,3600,3600,4400,5400,4400,5400,5400
dress with feathers,5400,3600,3600,5400,6600,9900,9900,5400,4400,4400,3600,3600,3600
ganni hat,5400,1300,1300,1900,6600,12100,14800,14800,5400,2400,1300,1000,880
ladies trousers,5400,4400,4400,6600,6600,5400,4400,4400,4400,5400,5400,5400,4400
night out outfits,5400,5400,4400,6600,6600,6600,4400,6600,6600,8100,6600,5400,4400
black shirts for men,5400,5400,5400,6600,6600,6600,6600,4400,4400,5400,4400,5400,5400
sequin dress for women,5400,3600,3600,4400,6600,12100,12100,3600,2900,2900,3600,3600,3600
long sleeve going out tops,5400,1300,1900,5400,6600,9900,8100,8100,8100,6600,4400,2400,1600
rab waterproof jacket,5400,3600,4400,9900,6600,9900,6600,6600,5400,3600,2900,3600,3600
elastic waist trousers,5400,5400,6600,8100,6600,5400,5400,5400,5400,6600,5400,5400,4400
black going out top,5400,3600,4400,5400,6600,8100,8100,6600,6600,6600,5400,4400,3600
short skirts for women,5400,5400,4400,5400,6600,8100,8100,5400,4400,4400,4400,5400,4400
louis vuitton jacket,5400,3600,4400,5400,6600,8100,6600,6600,4400,4400,3600,2900,2400
workwear pants,5400,5400,6600,9900,6600,6600,4400,5400,5400,5400,5400,4400,4400
grunge style,5400,8100,8100,6600,6600,5400,5400,5400,5400,5400,5400,5400,5400
old money style,5400,12100,9900,8100,6600,5400,4400,3600,3600,3600,3600,3600,2900
short jacket for women,5400,2400,3600,8100,6600,5400,4400,4400,5400,8100,8100,5400,2900
lv jacket,5400,3600,4400,5400,6600,8100,6600,6600,4400,4400,3600,2900,2400
business casual clothes men,5400,6600,5400,6600,6600,5400,2900,5400,5400,5400,5400,5400,5400
business casual attire for men,5400,6600,5400,6600,6600,5400,2900,5400,5400,5400,5400,5400,5400
jacket avirex,5400,3600,4400,6600,6600,6600,8100,6600,6600,5400,4400,3600,3600
oversized leather jacket,4400,1900,3600,6600,6600,6600,4400,4400,4400,5400,3600,2400,1600
cropped leather jacket,4400,2400,3600,5400,6600,5400,4400,4400,4400,6600,4400,3600,1900
all saints leather jacket,4400,2900,3600,5400,6600,6600,5400,4400,3600,4400,3600,2900,1900
all saints biker jacket,4400,2900,3600,5400,6600,6600,5400,4400,3600,4400,3600,2900,1900
oversized leather coat,4400,1900,3600,6600,6600,6600,4400,4400,4400,5400,3600,2400,1600
biker jacket oversized,4400,1900,3600,6600,6600,6600,4400,4400,4400,5400,3600,2400,1600
all saints leather coat,4400,2900,3600,5400,6600,6600,5400,4400,3600,4400,3600,2900,1900
leather jacket allsaints,4400,2900,3600,5400,6600,6600,5400,4400,3600,4400,3600,2900,1900
all saints biker leather jacket,4400,2900,3600,5400,6600,6600,5400,4400,3600,4400,3600,2900,1900
cropped leather coat,4400,2400,3600,5400,6600,5400,4400,4400,4400,6600,4400,3600,1900
oversized jacket leather,4400,1900,3600,6600,6600,6600,4400,4400,4400,5400,3600,2400,1600
women's chunky cardigan sweater,4400,1600,4400,8100,6600,6600,5400,8100,4400,3600,3600,2900,1300
chunky loafers women,4400,2400,5400,9900,6600,5400,3600,5400,4400,4400,2900,2400,1600
trench coat with hood,4400,1900,4400,12100,6600,4400,2900,2900,4400,4400,2900,2400,2400
chunky cardigan womens,4400,1600,4400,8100,6600,6600,5400,8100,4400,3600,3600,2900,1300
trench with hood,4400,1900,4400,12100,6600,4400,2900,2900,4400,4400,2900,2400,2400
ladies chunky cardigan,4400,1600,4400,8100,6600,6600,5400,8100,4400,3600,3600,2900,1300
trench raincoat with hood,4400,1900,4400,12100,6600,4400,2900,2900,4400,4400,2900,2400,2400
trench jacket with hood,4400,1900,4400,12100,6600,4400,2900,2900,4400,4400,2900,2400,2400
marks spencer wide leg trousers,4400,3600,5400,6600,6600,5400,3600,4400,3600,4400,4400,4400,2900
hooded raincoats for women,4400,4400,5400,12100,6600,4400,2400,2900,3600,2900,2900,3600,6600
macs coats,4400,2900,3600,8100,6600,5400,4400,4400,4400,5400,4400,3600,3600
mens black puffer jacket,4400,1300,2900,6600,6600,9900,8100,6600,3600,1900,1000,720,590
black trench coat mens,4400,1900,2400,4400,6600,8100,6600,5400,4400,3600,2900,1900,1600
mens smart coat,4400,880,1300,4400,6600,12100,9900,5400,3600,2400,1300,880,480
mens smart overcoat,4400,880,1300,4400,6600,12100,9900,5400,3600,2400,1300,880,480
craghopper coat,4400,2400,2400,5400,6600,6600,5400,5400,4400,3600,2900,2900,2400
mens leather dress coat,4400,1900,2400,4400,6600,6600,6600,5400,4400,4400,3600,2900,1900
black trench coat male,4400,1900,2400,4400,6600,8100,6600,5400,4400,3600,2900,1900,1600
pants with cords,4400,2400,3600,5400,6600,6600,6600,4400,3600,3600,2900,2400,1900
corduroy pants,4400,2400,3600,5400,6600,6600,6600,4400,3600,3600,2900,2400,1900
black sequin dress,4400,2900,3600,5400,6600,12100,12100,3600,2400,2400,2400,2400,1900
black formal dresses,4400,4400,4400,6600,6600,6600,3600,5400,4400,4400,4400,4400,3600
boys jeans,4400,2900,2900,5400,6600,8100,9900,4400,4400,5400,3600,2900,1900
gold sequin dress,4400,3600,3600,4400,6600,8100,6600,3600,2900,2900,2900,2900,3600
plus size party dresses,4400,3600,3600,4400,6600,12100,8100,4400,3600,3600,2900,2900,2400
heated jacket men,4400,260,720,2900,6600,14800,9900,8100,2900,1300,590,590,320
sheepskin coat,4400,1600,2400,5400,6600,9900,8100,8100,3600,2400,1600,1300,1300
hoodrich hoodie,4400,3600,4400,5400,6600,8100,8100,4400,3600,3600,2900,2900,2400
mens suede jacket,4400,1900,3600,5400,6600,6600,6600,5400,4400,5400,4400,3600,2400
mens thermal underwear,4400,720,1000,3600,6600,12100,8100,8100,2900,1600,1000,880,390
mens designer jeans,4400,3600,3600,5400,6600,8100,8100,4400,4400,5400,3600,3600,2400
jack wolfskin jacket,4400,1900,2900,5400,6600,8100,6600,6600,4400,3600,2400,1900,1900
polo sweatshirt,4400,2900,3600,5400,6600,8100,8100,4400,3600,3600,2900,2900,2400
thermal tights,4400,480,1000,3600,6600,22200,9900,9900,2900,1000,480,390,260
rab microlight alpine jacket,4400,1300,2400,4400,6600,8100,6600,8100,5400,4400,2900,2400,2400
harris tweed jacket,4400,2400,2900,5400,6600,6600,5400,5400,4400,3600,2900,2400,1900
trouser suits for women,4400,2400,3600,5400,6600,3600,2900,5400,5400,4400,4400,4400,2900
ladies sweatshirts,4400,1600,2900,8100,6600,6600,5400,3600,3600,4400,3600,2900,1600
green bomber jacket,4400,2400,3600,6600,6600,5400,4400,4400,4400,5400,4400,2900,1900
women's winter coats on sale,4400,2400,3600,6600,6600,6600,6600,8100,3600,2900,1600,1300,1300
grey jeans women,4400,2400,4400,6600,6600,6600,5400,5400,4400,4400,3600,2400,1600
1920s mens fashion,4400,3600,3600,5400,6600,8100,8100,6600,4400,4400,3600,2900,2900
party wear dresses for women,4400,4400,3600,4400,6600,9900,8100,3600,3600,3600,3600,3600,3600
fluffy jacket,4400,1000,1900,5400,6600,9900,9900,5400,3600,2400,1600,1000,720
party wear,4400,1300,1300,2900,6600,18100,12100,1900,1600,1600,1300,1300,1000
long sleeve black top,4400,1900,2900,4400,6600,6600,6600,4400,4400,4400,2900,2900,1900
thermal top,4400,590,1000,3600,6600,14800,6600,9900,3600,1900,1000,720,480
victorian dress,4400,4400,3600,5400,6600,6600,4400,5400,4400,4400,3600,4400,3600
fluffy coat,4400,1300,2400,5400,6600,12100,12100,6600,2900,1900,1000,880,720
mens hybrid jacket,4400,1000,2400,6600,6600,8100,6600,4400,2900,3600,2400,1900,1000
mackintosh coat,4400,2900,3600,8100,6600,5400,4400,4400,4400,5400,4400,3600,3600
1920s women fashion,4400,3600,3600,5400,6600,6600,5400,6600,4400,4400,3600,3600,2900
suede men's jacket,4400,1900,3600,5400,6600,6600,6600,5400,4400,5400,4400,3600,2400
mens jacket suede,4400,1900,3600,5400,6600,6600,6600,5400,4400,5400,4400,3600,2400
jacket suede mens,4400,1900,3600,5400,6600,6600,6600,5400,4400,5400,4400,3600,2400
suede overcoat men,4400,1900,3600,5400,6600,6600,6600,5400,4400,5400,4400,3600,2400
chunky knit sweater,3600,1300,2900,5400,6600,6600,5400,5400,2400,1300,1000,590,480
faux leather jacket womens,3600,1300,2900,5400,6600,6600,5400,3600,3600,4400,3600,2400,1600
wide fit knee high boots,3600,1000,2400,6600,6600,8100,6600,3600,2400,1600,1000,720,480
black knee high boots with heel,3600,1300,1900,4400,6600,8100,6600,3600,2900,1900,1000,880,590
faux leather blazer womens,3600,1300,2900,5400,6600,6600,5400,3600,3600,4400,3600,2400,1600
ladies faux leather jacket,3600,1300,2900,5400,6600,6600,5400,3600,3600,4400,3600,2400,1600
pleather jacket womens,3600,1300,2900,5400,6600,6600,5400,3600,3600,4400,3600,2400,1600
faux leather biker jacket womens,3600,1300,2900,5400,6600,6600,5400,3600,3600,4400,3600,2400,1600
wide fit knee boots,3600,1000,2400,6600,6600,8100,6600,3600,2400,1600,1000,720,480
faux leather coat womens,3600,1300,2900,5400,6600,6600,5400,3600,3600,4400,3600,2400,1600
fake leather jacket womens,3600,1300,2900,5400,6600,6600,5400,3600,3600,4400,3600,2400,1600
high boots heels,3600,2400,2900,4400,6600,6600,5400,4400,3600,2900,2400,1900,1600
black heeled knee boots,3600,1300,1900,4400,6600,8100,6600,3600,2900,1900,1000,880,590
black high heel boots knee high,3600,1300,1900,4400,6600,8100,6600,3600,2900,1900,1000,880,590
oversized ladies jumper,3600,880,2400,6600,6600,6600,6600,4400,2400,1900,1300,880,590
faux biker jacket womens,3600,1300,2900,5400,6600,6600,5400,3600,3600,4400,3600,2400,1600
long trench coat,3600,1000,2900,6600,6600,6600,5400,3600,3600,3600,2900,1900,1000
black knitted jumper,3600,1600,3600,5400,6600,8100,6600,4400,3600,2400,1600,1300,880
fairisle cardigan,3600,720,1600,4400,6600,12100,9900,3600,1600,1000,720,590,390
knitted black sweater,3600,1600,3600,5400,6600,8100,6600,4400,3600,2400,1600,1300,880
long trench jacket,3600,1000,2900,6600,6600,6600,5400,3600,3600,3600,2900,1900,1000
large trench coat,3600,1000,2900,6600,6600,6600,5400,3600,3600,3600,2900,1900,1000
long coat trench,3600,1000,2900,6600,6600,6600,5400,3600,3600,3600,2900,1900,1000
checked jacket womens,3600,590,1900,5400,6600,4400,3600,2900,2900,5400,3600,1900,1300
montbell jackets,3600,1000,1900,4400,6600,8100,5400,5400,3600,2400,1900,1600,1900
shearling coat,3600,880,1900,4400,6600,8100,6600,6600,2400,1600,880,720,590
turtleneck sweater,3600,1600,2400,5400,6600,8100,6600,4400,2900,2400,1600,1300,880
red sequin dress,3600,1600,1900,3600,6600,9900,9900,2400,1600,1300,1300,1300,1300
red velvet dress,3600,880,1000,2900,6600,14800,14800,1900,1600,880,720,590,480
soft shell jacket,3600,2900,2900,6600,6600,6600,2400,1900,1900,3600,3600,2900,2400
cream coat,3600,880,1900,4400,6600,8100,6600,5400,2900,2400,1600,720,480
mens coats and jackets,3600,1300,1900,5400,6600,8100,8100,4400,2900,2900,1900,1300,880
teddy coat womens,3600,480,1000,4400,6600,9900,8100,6600,1900,1300,590,320,170
pleather pants,3600,720,1300,4400,6600,9900,8100,3600,2900,1900,1300,720,480
long waterproof coat,3600,1300,2400,9900,6600,8100,4400,5400,3600,1300,720,880,1300
grey coat,3600,1300,2400,5400,6600,8100,6600,5400,3600,2400,1900,1300,1000
designer coats,3600,1600,2900,6600,6600,8100,5400,4400,2400,1900,1300,1000,880
brown bomber jacket,3600,1300,4400,6600,6600,5400,3600,2900,3600,5400,4400,2900,1600
kpop outfits,3600,1600,2400,4400,6600,3600,2900,3600,3600,3600,2900,2900,1900
fleece gilet mens,3600,1300,2400,5400,6600,8100,8100,4400,2900,2900,2400,1900,1300
mens hooded fleece,3600,880,1600,4400,6600,9900,8100,4400,2400,1900,1300,1000,590
black jumper dress,2900,320,880,3600,6600,9900,8100,5400,2900,1300,480,320,170
long black boots,2900,1000,1900,4400,6600,8100,6600,3600,2400,1300,880,720,590
chunky knee high boots,2900,1000,1900,5400,6600,8100,6600,3600,1900,1300,880,720,590
chunky knee boots,2900,1000,1900,5400,6600,8100,6600,3600,1900,1300,880,720,590
chunky high boots,2900,1000,1900,5400,6600,8100,6600,3600,1900,1300,880,720,590
chunky boots knee high,2900,1000,1900,5400,6600,8100,6600,3600,1900,1300,880,720,590
chunky high knee boots,2900,1000,1900,5400,6600,8100,6600,3600,1900,1300,880,720,590
high knee chunky boots,2900,1000,1900,5400,6600,8100,6600,3600,1900,1300,880,720,590
knee boots chunky,2900,1000,1900,5400,6600,8100,6600,3600,1900,1300,880,720,590
high boots chunky,2900,1000,1900,5400,6600,8100,6600,3600,1900,1300,880,720,590
jumper black dress,2900,320,880,3600,6600,9900,8100,5400,2900,1300,480,320,170
suede ankle boots,2900,1300,2400,6600,6600,5400,4400,2900,2400,2400,1600,1000,720
ladies ankle boots,2900,880,1900,6600,6600,6600,5400,3600,2400,1300,880,590,480
brown long sleeve dress,2900,880,1600,4400,6600,6600,4400,3600,2900,2400,1600,1300,880
suede trench coat,2900,720,3600,9900,6600,4400,2400,2400,1900,1900,1000,720,320
women's tan boots,2900,1300,2400,6600,6600,6600,4400,3600,2400,1900,1000,720,480
long brown dress with sleeves,2900,880,1600,4400,6600,6600,4400,3600,2900,2400,1600,1300,880
long sleeve dress brown,2900,880,1600,4400,6600,6600,4400,3600,2900,2400,1600,1300,880
best winter coats for men,2900,1000,1900,5400,6600,8100,4400,4400,1600,880,480,480,320
best winter coats for guys,2900,1000,1900,5400,6600,8100,4400,4400,1600,880,480,480,320
m & s corduroy trousers,2900,590,1300,4400,6600,6600,4400,3600,1900,1600,880,590,390
corduroy pants women,2900,720,1900,5400,6600,6600,5400,5400,2400,1600,1300,720,590
maternity coat,2900,1000,2400,8100,6600,8100,3600,2400,1000,720,480,480,480
white corset dress,2900,3600,2900,2900,6600,1900,1600,2900,2900,3600,3600,3600,3600
best winter jackets for men,2900,1000,1900,5400,6600,8100,4400,4400,1600,880,480,480,320
corduroy jacket womens,2900,1300,3600,6600,6600,4400,2900,2900,2400,2900,2900,1900,1000
velvet jacket women,2900,720,1300,3600,6600,8100,8100,2900,1900,1900,1300,1000,590
wool jacket women,2900,720,1600,5400,6600,5400,4400,3600,2900,2400,1300,880,480
brown long boots,2400,590,1600,4400,6600,6600,4400,2400,1600,1000,590,480,390
burgundy ankle boots,2400,260,1000,4400,6600,5400,4400,2400,1000,590,320,210,140
ladies wedge boots,2400,880,1600,5400,6600,5400,4400,2900,1900,1300,720,590,390
maroon ankle boots,2400,260,1000,4400,6600,5400,4400,2400,1000,590,320,210,140
ladies brown suede boots,2400,590,1600,5400,6600,4400,3600,2400,1300,1000,590,390,260
brown boots long,2400,590,1600,4400,6600,6600,4400,2400,1600,1000,590,480,390
coraline outfit,1300,720,1000,2400,6600,720,390,390,1000,1000,590,720,480
glenn martens,1300,1900,390,880,6600,1900,590,590,480,390,720,480,260
festival outfits,40500,110000,74000,14800,5400,6600,8100,12100,12100,22200,40500,74000,74000
linen trousers women,18100,33100,18100,9900,5400,4400,4400,9900,9900,18100,27100,40500,33100
mens chino shorts,12100,22200,18100,12100,5400,4400,3600,5400,6600,8100,12100,18100,18100
mens linen trousers,12100,27100,14800,9900,5400,5400,4400,8100,8100,9900,14800,22200,27100
girls raincoat,12100,14800,27100,33100,5400,3600,1900,2900,5400,9900,12100,12100,22200
palazzo pants,9900,12100,9900,8100,5400,5400,18100,6600,18100,8100,12100,14800,9900
and palazzo pants,9900,12100,9900,8100,5400,5400,18100,6600,18100,8100,12100,14800,9900
zimmermann dress,9900,14800,9900,6600,5400,5400,8100,9900,8100,9900,14800,18100,18100
boho dresses,9900,18100,12100,6600,5400,3600,2900,5400,6600,8100,12100,14800,14800
pink maxi dress,9900,12100,8100,6600,5400,4400,3600,8100,8100,12100,14800,14800,12100
baby tee,9900,9900,9900,6600,5400,6600,6600,6600,8100,9900,12100,12100,12100
short sleeve shirts,9900,18100,12100,8100,5400,5400,4400,4400,5400,8100,9900,14800,18100
bike shorts women,9900,22200,18100,6600,5400,3600,3600,4400,5400,8100,12100,18100,18100
cycling shorts women,9900,22200,18100,6600,5400,3600,3600,4400,5400,8100,12100,18100,18100
light blue dress,8100,12100,8100,5400,5400,4400,3600,6600,6600,9900,9900,12100,12100
dresses for wedding,8100,12100,9900,8100,5400,3600,2400,8100,8100,9900,9900,9900,8100
t shirts for women,8100,12100,9900,6600,5400,4400,4400,5400,5400,8100,12100,12100,12100
backless top,8100,8100,8100,6600,5400,6600,8100,8100,8100,8100,8100,8100,8100
blue dresses for women,8100,9900,8100,6600,5400,4400,3600,6600,6600,8100,9900,9900,9900
bloomchic uk,8100,8100,6600,6600,5400,5400,4400,6600,6600,8100,9900,12100,14800
dress for wedding,8100,12100,9900,8100,5400,3600,2400,8100,8100,9900,9900,9900,8100
white trousers women,8100,12100,9900,6600,5400,4400,4400,5400,6600,9900,12100,14800,12100
lilac dresses,8100,12100,8100,5400,5400,3600,2900,6600,6600,9900,9900,9900,9900
casual dresses,6600,8100,8100,6600,5400,5400,5400,5400,6600,6600,6600,6600,6600
gym shorts men,6600,9900,8100,6600,5400,6600,6600,5400,5400,6600,6600,8100,8100
white sequin dress,6600,6600,6600,5400,5400,8100,6600,6600,6600,8100,8100,8100,6600
fit and flare dress,6600,8100,6600,5400,5400,5400,4400,5400,5400,6600,8100,8100,8100
polo t shirts,6600,12100,8100,6600,5400,5400,5400,4400,4400,6600,6600,8100,9900
cute tops,6600,6600,5400,5400,5400,8100,6600,6600,6600,8100,8100,8100,6600
ladies tops,6600,8100,8100,6600,5400,6600,6600,5400,6600,8100,9900,9900,6600
cream dress,6600,8100,6600,6600,5400,5400,5400,6600,6600,8100,8100,8100,8100
freemans dresses,6600,12100,8100,6600,5400,4400,2400,3600,5400,6600,8100,8100,8100
boss polo shirts,6600,9900,8100,6600,5400,9900,9900,4400,4400,5400,6600,8100,8100
fashion eyewear,6600,6600,6600,5400,5400,6600,5400,6600,5400,6600,6600,6600,6600
brunch outfits,6600,9900,8100,6600,5400,4400,1900,6600,8100,12100,9900,8100,6600
black shorts women,6600,9900,8100,4400,5400,4400,5400,2900,2900,3600,4400,8100,12100
embroidered jeans,6600,4400,5400,5400,5400,8100,8100,6600,6600,8100,6600,5400,4400
jean skirts for women,6600,9900,8100,6600,5400,4400,3600,4400,5400,8100,8100,9900,8100
blouses women,6600,6600,6600,6600,5400,5400,5400,5400,6600,8100,8100,8100,6600
mother of the bride outfits for over 50s,6600,8100,8100,6600,5400,3600,2900,12100,9900,8100,6600,4400,3600
skopes suits,6600,6600,6600,5400,5400,4400,3600,6600,6600,8100,8100,8100,8100
1950s dresses,6600,8100,8100,6600,5400,5400,4400,6600,5400,5400,6600,5400,5400
klass dresses,6600,12100,8100,5400,5400,5400,3600,4400,6600,6600,6600,9900,9900
ladies trouser suits for weddings,6600,5400,6600,6600,5400,3600,2900,8100,8100,9900,9900,6600,5400
evening wedding guest dresses,6600,8100,8100,8100,5400,2400,1600,3600,5400,8100,8100,9900,9900
wedding suits for women,6600,6600,6600,8100,5400,3600,2900,6600,6600,8100,6600,6600,5400
50s dress,6600,8100,8100,6600,5400,5400,4400,6600,5400,5400,6600,5400,5400
jeans skirt for women,6600,9900,8100,6600,5400,4400,3600,4400,5400,8100,8100,9900,8100
mother of the bride outfits for over 50's,6600,8100,8100,6600,5400,3600,2900,12100,9900,8100,6600,4400,3600
loafers women,5400,4400,6600,6600,5400,5400,4400,5400,5400,6600,6600,6600,5400
maxi dress with sleeves,5400,9900,6600,5400,5400,4400,3600,4400,4400,5400,6600,8100,6600
yellow cardigan,5400,4400,5400,4400,5400,2900,2400,3600,5400,12100,12100,6600,3600
yellow cardigan sweater,5400,4400,5400,4400,5400,2900,2400,3600,5400,12100,12100,6600,3600
ben sherman dress shirts,5400,6600,6600,5400,5400,6600,6600,4400,4400,5400,5400,5400,5400
cargo pants for women,5400,5400,5400,5400,5400,4400,3600,4400,4400,6600,6600,6600,5400
black tie wedding guest dress,5400,5400,6600,6600,5400,4400,2900,4400,4400,5400,6600,8100,6600
work dresses for women,5400,5400,5400,6600,5400,4400,2900,5400,5400,5400,5400,5400,5400
newborn clothes,5400,6600,6600,6600,5400,5400,5400,6600,5400,5400,5400,5400,4400
mens jeans sale,5400,2900,3600,4400,5400,8100,12100,6600,4400,4400,3600,2900,2400
burnt orange dress,5400,6600,8100,6600,5400,2900,2400,4400,3600,5400,5400,6600,6600
low rise baggy jeans,5400,4400,6600,6600,5400,8100,8100,5400,4400,5400,4400,3600,2900
mens white pants,5400,8100,6600,5400,5400,4400,3600,3600,3600,4400,5400,6600,6600
kids designer clothes,5400,4400,4400,6600,5400,8100,8100,4400,5400,6600,4400,4400,3600
cream jeans,5400,2900,4400,5400,5400,3600,3600,4400,4400,8100,8100,5400,3600
boys clothes sale,5400,5400,5400,5400,5400,6600,9900,6600,5400,6600,5400,4400,3600
mens tuxedos,5400,4400,4400,5400,5400,8100,4400,5400,4400,4400,4400,4400,4400
chore jacket,5400,3600,5400,5400,5400,5400,5400,4400,4400,6600,6600,8100,4400
baby store,5400,6600,6600,5400,5400,4400,4400,5400,5400,5400,5400,5400,4400
unisex baby clothes,5400,6600,5400,6600,5400,4400,5400,6600,5400,5400,5400,4400,4400
men's clothing brands,5400,4400,4400,5400,5400,8100,8100,4400,4400,4400,4400,4400,3600
ladies clothes,5400,5400,5400,6600,5400,6600,6600,5400,5400,6600,6600,5400,4400
levi's denim jacket,5400,4400,5400,5400,5400,5400,4400,4400,4400,5400,6600,5400,4400
office wear,5400,5400,6600,6600,5400,4400,3600,5400,5400,5400,4400,4400,4400
pleated trousers,5400,5400,5400,6600,5400,6600,5400,5400,5400,6600,5400,6600,6600
clubbing outfits,5400,5400,5400,6600,5400,4400,3600,5400,4400,5400,5400,5400,4400
ladies cargo pants,5400,5400,5400,5400,5400,4400,3600,4400,4400,6600,6600,6600,5400
mens pleated pants,5400,4400,4400,5400,5400,5400,5400,4400,4400,5400,4400,5400,5400
mens pleated trousers,5400,4400,4400,5400,5400,5400,5400,4400,4400,5400,4400,5400,5400
60s fashion,5400,6600,5400,6600,5400,5400,3600,6600,4400,5400,5400,5400,5400
cropped jacket womens,5400,3600,4400,6600,5400,5400,4400,4400,5400,8100,8100,6600,4400
mens windbreaker jacket,5400,3600,4400,6600,5400,5400,5400,4400,4400,6600,6600,5400,4400
chrome hearts jeans,5400,5400,4400,5400,5400,5400,6600,6600,4400,6600,5400,5400,4400
y2k outfits,5400,4400,4400,4400,5400,5400,5400,6600,6600,8100,8100,6600,6600
1950s fashion,5400,6600,6600,6600,5400,5400,4400,5400,5400,5400,4400,5400,4400
white trousers men,5400,8100,6600,5400,5400,4400,3600,3600,3600,4400,5400,6600,6600
pink shirts for men,5400,6600,6600,5400,5400,4400,3600,3600,3600,4400,5400,5400,5400
a line wedding dress,5400,6600,8100,6600,5400,4400,3600,6600,5400,5400,5400,5400,5400
sergio tacchini track top,5400,4400,4400,5400,5400,6600,6600,4400,4400,5400,6600,5400,4400
mens designer sale,5400,4400,4400,4400,5400,8100,9900,5400,4400,4400,3600,4400,4400
1980s fashion,5400,6600,5400,6600,5400,5400,5400,6600,4400,5400,4400,5400,5400
1940s fashion,5400,6600,6600,8100,5400,4400,2900,4400,3600,4400,4400,5400,4400
1960s fashion,5400,6600,4400,6600,5400,5400,3600,6600,4400,5400,5400,5400,5400
childrens designer clothes,5400,4400,4400,6600,5400,8100,8100,4400,5400,6600,4400,4400,3600
kaleidoscope clothing,5400,8100,6600,6600,5400,4400,4400,4400,5400,6600,6600,6600,5400
old money outfits,5400,8100,6600,5400,5400,4400,4400,4400,3600,4400,4400,4400,4400
80s fashion men,5400,6600,5400,5400,5400,5400,5400,5400,4400,4400,4400,4400,3600
hanfu,5400,6600,5400,5400,5400,4400,4400,5400,5400,5400,5400,5400,4400
crop jacket for women,5400,3600,4400,6600,5400,5400,4400,4400,5400,8100,8100,6600,4400
louis vuitton shirts,5400,9900,8100,6600,5400,5400,5400,4400,4400,5400,5400,6600,5400
1980s fashion men,5400,6600,5400,5400,5400,5400,5400,5400,4400,4400,4400,4400,3600
1960s clothing,5400,6600,4400,6600,5400,5400,3600,6600,4400,5400,5400,5400,5400
mens trousers pleated,5400,4400,4400,5400,5400,5400,5400,4400,4400,5400,4400,5400,5400
mens trousers with pleats,5400,4400,4400,5400,5400,5400,5400,4400,4400,5400,4400,5400,5400
mens pants with pleats,5400,4400,4400,5400,5400,5400,5400,4400,4400,5400,4400,5400,5400
biker jacket women,4400,2400,3600,5400,5400,4400,3600,3600,3600,5400,4400,2900,1900
ladies biker jacket,4400,2400,3600,5400,5400,4400,3600,3600,3600,5400,4400,2900,1900
black satin skirt,4400,5400,4400,5400,5400,8100,8100,3600,2900,3600,3600,3600,3600
flared black trousers,4400,3600,5400,6600,5400,6600,5400,5400,4400,4400,3600,2900,2400
black skirt satin,4400,5400,4400,5400,5400,8100,8100,3600,2900,3600,3600,3600,3600
marks and spencers loafers,4400,3600,4400,6600,5400,4400,3600,5400,4400,5400,4400,4400,3600
mens black chelsea boots,4400,2400,2900,4400,5400,8100,8100,5400,4400,3600,2900,2400,1900
chelsea mens boots black,4400,2400,2900,4400,5400,8100,8100,5400,4400,3600,2900,2400,1900
mens black boots chelsea,4400,2400,2900,4400,5400,8100,8100,5400,4400,3600,2900,2400,1900
denim overcoat mens,4400,4400,5400,5400,5400,5400,4400,4400,4400,5400,5400,4400,2900
chelsea boots black for men,4400,2400,2900,4400,5400,8100,8100,5400,4400,3600,2900,2400,1900
nursing tops,4400,4400,5400,5400,5400,4400,4400,5400,4400,5400,4400,4400,3600
bell bottom jeans,4400,3600,4400,4400,5400,4400,4400,4400,3600,4400,3600,3600,2900
cheap clothes,4400,5400,5400,5400,5400,4400,4400,4400,3600,4400,4400,5400,4400
cargo jeans,4400,4400,5400,5400,5400,5400,5400,4400,4400,4400,4400,3600,2900
snowboard jacket,4400,1300,1900,3600,5400,9900,8100,12100,8100,2900,1000,880,720
maternity pajamas,4400,4400,5400,5400,5400,6600,6600,4400,3600,3600,3600,3600,2900
black satin dress,4400,4400,4400,5400,5400,5400,4400,3600,3600,3600,3600,3600,3600
slim fit jeans,4400,3600,4400,5400,5400,5400,5400,4400,3600,4400,3600,2900,1900
denim jeans,4400,3600,4400,5400,5400,4400,4400,4400,3600,4400,4400,4400,3600
tunic tops for women,4400,4400,4400,5400,5400,4400,3600,4400,3600,4400,4400,4400,3600
sparkle dress,4400,2900,2900,4400,5400,12100,12100,3600,2900,2900,2900,2900,2900
black bodycon dress,4400,4400,4400,5400,5400,5400,4400,3600,3600,3600,3600,3600,2900
mens bootcut jeans,4400,2900,3600,4400,5400,5400,6600,5400,4400,5400,4400,4400,3600
boucle jacket,4400,2400,3600,6600,5400,4400,4400,4400,4400,6600,5400,4400,2400
low rise flare jeans,4400,3600,5400,5400,5400,6600,6600,4400,3600,4400,3600,2900,2400
black and gold dress,4400,4400,4400,5400,5400,6600,5400,5400,4400,4400,3600,3600,2900
suit jacket,4400,4400,4400,5400,5400,5400,4400,4400,3600,4400,4400,4400,4400
princess dresses for girls,4400,3600,3600,4400,5400,6600,5400,3600,4400,4400,2900,2900,3600
high waisted wide leg jeans,4400,2900,4400,6600,5400,4400,4400,4400,4400,5400,4400,2900,1900
green jacket,4400,2900,3600,5400,5400,5400,3600,3600,4400,6600,6600,4400,2400
alternative clothing,4400,4400,5400,5400,5400,5400,5400,4400,4400,4400,4400,4400,4400
womens fashion,4400,5400,4400,5400,5400,4400,5400,4400,4400,5400,4400,4400,2900
black baggy jeans,4400,3600,4400,5400,5400,8100,6600,4400,3600,4400,2900,2900,2400
boss sweatshirt,4400,1600,2400,4400,5400,9900,12100,4400,3600,3600,1900,1600,1000
coat sale,4400,1900,2900,4400,5400,8100,12100,9900,4400,2900,1900,1300,1000
grey trousers,4400,3600,4400,5400,5400,5400,4400,4400,3600,4400,3600,2900,2900
sports clothes,4400,5400,4400,5400,5400,6600,4400,4400,3600,4400,4400,4400,3600
going out dresses for women,4400,3600,4400,5400,5400,5400,3600,5400,5400,5400,4400,4400,4400
mens loose fit jeans,4400,2400,3600,5400,5400,5400,6600,3600,3600,4400,3600,2900,2400
black flared trousers,4400,3600,5400,6600,5400,6600,5400,5400,4400,4400,3600,2900,2400
mens smart trousers,4400,4400,5400,6600,5400,6600,5400,4400,3600,4400,4400,4400,3600
musto jacket,4400,2400,3600,5400,5400,6600,6600,5400,4400,2900,2900,2400,2400
mens ski wear,4400,1300,1900,4400,5400,8100,9900,12100,8100,3600,1300,880,880
1930s fashion,4400,4400,4400,5400,5400,4400,4400,5400,4400,4400,3600,3600,2900
mens smart casual outfits,4400,4400,4400,5400,5400,6600,5400,3600,3600,4400,4400,3600,3600
manish malhotra,4400,2400,2400,2400,5400,9900,3600,3600,2400,8100,2900,4400,2400
helmut newton,4400,3600,4400,5400,5400,5400,4400,6600,6600,5400,4400,4400,3600
relaxed fit jeans for men,4400,2400,3600,5400,5400,5400,6600,3600,3600,4400,3600,2900,2400
checked shirts for men,4400,3600,3600,4400,5400,5400,5400,2900,2900,3600,3600,3600,3600
sportswear brand,4400,6600,5400,6600,5400,5400,4400,4400,3600,4400,4400,3600,3600
morrisons nutmeg clothing,4400,4400,4400,5400,5400,6600,6600,3600,4400,4400,4400,5400,4400
checkered shirt mens,4400,3600,3600,4400,5400,5400,5400,2900,2900,3600,3600,3600,3600
long sleeve dresses for women,3600,2400,2900,5400,5400,5400,4400,4400,4400,4400,3600,2900,2400
leather loafers women,3600,2900,4400,6600,5400,3600,2900,4400,3600,4400,3600,2900,2400
womens long raincoat,3600,1900,2900,9900,5400,4400,2400,2900,2900,1600,1000,1600,2900
ladies leather loafers,3600,2900,4400,6600,5400,3600,2900,4400,3600,4400,3600,2900,2400
ladies white jumper,3600,1300,1900,3600,5400,6600,6600,4400,2900,2900,2400,1600,1000
ladies long raincoat,3600,1900,2900,9900,5400,4400,2400,2900,2900,1600,1000,1600,2900
wedge shoe boots,3600,1600,2400,5400,5400,6600,5400,4400,2900,2400,1600,1300,880
mens long waterproof coat,3600,1000,1600,6600,5400,8100,6600,4400,3600,1600,880,880,880
mens leather bomber,3600,1600,2400,4400,5400,6600,5400,4400,3600,2900,2400,1900,1300
leather aviator jacket mens,3600,1600,2400,4400,5400,6600,5400,4400,3600,2900,2400,1900,1300
mens long coat waterproof,3600,1000,1600,6600,5400,8100,6600,4400,3600,1600,880,880,880
northface puffer jacket men,3600,1300,1900,4400,5400,9900,6600,4400,2400,1600,880,720,480
bomber men leather jacket,3600,1600,2400,4400,5400,6600,5400,4400,3600,2900,2400,1900,1300
velour tracksuit,3600,1900,2900,4400,5400,5400,6600,5400,3600,3600,2900,2900,1900
aran sweater,3600,1600,2400,3600,5400,6600,8100,5400,2900,2400,1600,1600,1300
mercier tracksuit,3600,2900,3600,4400,5400,6600,6600,3600,2900,3600,2400,1900,1300
toddler snowsuit,3600,390,1000,2900,5400,14800,8100,12100,1600,480,210,170,140
dark green dress,3600,4400,3600,4400,5400,5400,3600,3600,2900,3600,3600,3600,2900
pink coat,3600,1300,2400,5400,5400,6600,5400,6600,3600,3600,1900,1000,880
girls jeans,3600,1900,2900,5400,5400,5400,6600,3600,3600,3600,2900,1900,1600
black straight leg jeans,3600,1900,2900,5400,5400,6600,5400,4400,3600,3600,2900,1900,1300
girls black dress,3600,3600,2400,3600,5400,3600,2900,2900,3600,3600,2900,2900,3600
sp5der hoodie,3600,3600,3600,3600,5400,4400,5400,4400,3600,3600,2900,2900,2400
jordan tracksuit,3600,2400,2900,3600,5400,6600,6600,2900,2900,3600,2400,1900,1300
ladies jeans,3600,2400,2900,5400,5400,4400,4400,4400,4400,4400,3600,2900,1900
black skater dress,3600,4400,3600,4400,5400,5400,4400,3600,2900,2900,2900,2900,2400
stretch jeans for women,3600,2400,3600,5400,5400,4400,4400,4400,4400,4400,3600,2900,1900
short black dress,3600,3600,2900,4400,5400,5400,4400,3600,3600,3600,2400,2900,2900
moleskin trousers,3600,1600,2400,4400,5400,6600,6600,5400,2900,2400,2400,1600,4400
mens black bomber jacket,3600,1900,2900,5400,5400,6600,5400,3600,3600,4400,2900,2400,1600
red coat women,3600,1000,1600,3600,5400,8100,8100,4400,2400,1900,1300,880,390
evening tops for women,3600,1900,2400,4400,5400,5400,3600,2900,3600,3600,2900,2400,1900
black cropped jacket,3600,2900,3600,5400,5400,4400,3600,2900,3600,5400,4400,4400,2400
designer tracksuits,3600,2900,2900,4400,5400,5400,5400,3600,3600,4400,2900,2900,1600
hooded jacket,3600,2900,3600,8100,5400,5400,3600,3600,3600,3600,2900,2400,2900
waist coat,3600,4400,3600,3600,5400,4400,3600,3600,2900,3600,3600,3600,4400
mens 1 4 zip sweater,3600,1000,1900,4400,5400,8100,8100,3600,2900,2400,1600,1300,880
mens 1 4 zip jumper,3600,1000,1900,4400,5400,8100,8100,3600,2900,2400,1600,1300,880
northface fleece jacket,3600,1000,1600,4400,5400,8100,6600,4400,2400,2400,1600,1000,720
half zip sweatshirts,3600,1600,2900,5400,5400,5400,4400,3600,2900,2900,2400,1900,1000
mens flannelette shirts,3600,2400,2900,4400,5400,6600,6600,2900,2400,2900,2900,2400,1900
mens dress flannel shirts,3600,2400,2900,4400,5400,6600,6600,2900,2400,2900,2900,2400,1900
mens 1 4 zip pullover sweater,3600,1000,1900,4400,5400,8100,8100,3600,2900,2400,1600,1300,880
quarter zip fleeces,3600,1000,1900,4400,5400,6600,6600,4400,2900,2400,1600,1300,880
1 4 zip mens pullovers,3600,1000,1900,4400,5400,8100,8100,3600,2900,2400,1600,1300,880
mens flannel tops,3600,2400,2900,4400,5400,6600,6600,2900,2400,2900,2900,2400,1900
chunky chelsea boots,2900,720,1600,4400,5400,6600,5400,3600,1900,1300,720,480,390
black chunky boots,2900,1600,1900,4400,5400,6600,4400,2900,1900,1600,1000,1000,880
leather coat,2900,1900,2900,4400,5400,5400,4400,3600,2900,2900,1900,1600,1000
high boots,2900,1600,1900,4400,5400,5400,4400,2900,1900,1600,1600,1300,1000
knit midi dress,2900,1300,1900,4400,5400,6600,5400,3600,1900,1300,1000,880,720
tan knee high boots,2900,1300,2400,5400,5400,5400,3600,2400,1900,1600,880,720,480
black suede knee high boots,2900,720,1300,3600,5400,6600,6600,3600,2400,1300,720,480,320
knit maxi dress,2900,1900,1900,4400,5400,5400,5400,3600,1900,1600,1600,1600,1300
oversized cardigan sweater,2900,1600,3600,6600,5400,4400,3600,2900,2400,2900,2400,1900,1000
black suede knee boots,2900,720,1300,3600,5400,6600,6600,3600,2400,1300,720,480,320
tan knee boots,2900,1300,2400,5400,5400,5400,3600,2400,1900,1600,880,720,480
tan high boots,2900,1300,2400,5400,5400,5400,3600,2400,1900,1600,880,720,480
over the thigh boots,2900,1000,1600,4400,5400,6600,5400,2900,1900,1300,880,590,590
leather jacket coat,2900,1900,2900,4400,5400,5400,4400,3600,2900,2900,1900,1600,1000
coat leather jacket,2900,1900,2900,4400,5400,5400,4400,3600,2900,2900,1900,1600,1000
knitwear midi dress,2900,1300,1900,4400,5400,6600,5400,3600,1900,1300,1000,880,720
chunky boots chelsea,2900,720,1600,4400,5400,6600,5400,3600,1900,1300,720,480,390
knitwear maxi dress,2900,1900,1900,4400,5400,5400,5400,3600,1900,1600,1600,1600,1300
boots chunky chelsea,2900,720,1600,4400,5400,6600,5400,3600,1900,1300,720,480,390
boots chelsea chunky,2900,720,1600,4400,5400,6600,5400,3600,1900,1300,720,480,390
boots chunky black,2900,1600,1900,4400,5400,6600,4400,2900,1900,1600,1000,1000,880
oversized cardigan,2900,1600,3600,6600,5400,4400,3600,2900,2400,2900,2400,1900,1000
long black cardigan,2900,1600,2900,5400,5400,4400,3600,3600,2400,2900,2900,2400,1300
waterproof trench coat,2900,1600,2900,9900,5400,3600,1900,2400,2900,2400,1600,1000,1600
wide fit ankle boots,2900,880,1600,5400,5400,6600,4400,3600,1900,1300,880,590,390
short wellies womens,2900,1600,1600,5400,5400,6600,5400,4400,2900,1900,1000,1000,1300
black long sleeve maxi dress,2900,1900,1900,3600,5400,5400,4400,3600,2900,2900,1900,1900,1600
leather boots women,2900,480,880,2900,5400,8100,5400,3600,1900,1300,880,720,590
long black cardigan sweater,2900,1600,2900,5400,5400,4400,3600,3600,2400,2900,2900,2400,1300
water resistant trench coat,2900,1600,2900,9900,5400,3600,1900,2400,2900,2400,1600,1000,1600
brown cardigan womens,2900,880,1900,5400,5400,3600,2400,2400,1900,2400,2400,2400,1600
doc marten chelsea boots womens,2900,880,1600,3600,5400,8100,8100,4400,2400,1600,880,590,480
waterproof trench,2900,1600,2900,9900,5400,3600,1900,2400,2900,2400,1600,1000,1600
wool cardigans,2900,1000,2400,5400,5400,5400,4400,3600,1900,1900,1600,1300,880
brown suede jacket womens,2900,1000,3600,6600,5400,2400,1900,1900,2400,3600,2400,1600,880
knit jumper womens,2900,880,1900,4400,5400,6600,6600,2900,1600,1300,1000,720,480
beige boot,2900,1900,2900,4400,5400,5400,4400,2900,2400,2900,2400,2400,1900
dr marten chelsea boots women's,2900,880,1600,3600,5400,8100,8100,4400,2400,1600,880,590,480
black boots ladies,2900,1000,1600,4400,5400,6600,5400,3600,2400,1600,1000,880,590
sleeveless jumpers ladies,2900,880,1600,3600,5400,5400,4400,4400,3600,2400,1900,1000,590
brown knitted jumper,2900,720,2400,5400,5400,6600,5400,2400,1600,1000,720,590,320
sleeveless jumper women's,2900,880,1600,3600,5400,5400,4400,4400,3600,2400,1900,1000,590
maxi black dress long sleeve,2900,1900,1900,3600,5400,5400,4400,3600,2900,2900,1900,1900,1600
h and m cardigans,2900,1900,3600,6600,5400,3600,3600,2400,2400,2400,2900,2400,1600
tan color boots,2900,1600,2900,5400,5400,5400,4400,2900,2400,2400,1900,1600,1300
brown womens suede jacket,2900,1000,3600,6600,5400,2400,1900,1900,2400,3600,2400,1600,880
men's corduroy pants,2900,1300,1600,3600,5400,6600,5400,4400,2900,2400,1900,1600,1000
mens black leather jacket,2900,1900,2400,3600,5400,5400,4400,3600,2900,3600,2400,1900,1300
mens sheepskin coat,2900,1000,1600,3600,5400,6600,6600,4400,2400,1600,880,720,590
puffa jacket,2900,880,1600,3600,5400,6600,4400,4400,2400,1600,1300,1000,880
mens waterproof winter coat,2900,720,1300,5400,5400,8100,4400,2900,1900,1000,590,590,320
mens cord pants,2900,1300,1600,3600,5400,6600,5400,4400,2900,2400,1900,1600,1000
mens black leather coat,2900,1900,2400,3600,5400,5400,4400,3600,2900,3600,2400,1900,1300
mens designer coats on sale,2900,1000,1600,3600,5400,6600,5400,3600,2400,2400,1300,1000,720
long jacket puffer,2900,590,1600,4400,5400,8100,4400,5400,1900,1000,590,390,260
men's designer coats on sale,2900,1000,1600,3600,5400,6600,5400,3600,2400,2400,1300,1000,720
coat double breasted,2900,1300,1900,4400,5400,6600,5400,4400,2400,1900,1300,880,590
pants corduroy mens,2900,1300,1600,3600,5400,6600,5400,4400,2900,2400,1900,1600,1000
black jacket men leather,2900,1900,2400,3600,5400,5400,4400,3600,2900,3600,2400,1900,1300
trench coat me,2900,1300,1900,3600,5400,5400,4400,3600,2400,2400,1600,1300,1000
corduroy slacks mens,2900,1300,1600,3600,5400,6600,5400,4400,2900,2400,1900,1600,1000
guys corduroy pants,2900,1300,1600,3600,5400,6600,5400,4400,2900,2400,1900,1600,1000
men in corduroy pants,2900,1300,1600,3600,5400,6600,5400,4400,2900,2400,1900,1600,1000
sweater dress,2900,1000,1900,4400,5400,6600,5400,3600,2400,1600,1300,1000,880
cropped puffer jacket,2900,880,2400,5400,5400,6600,4400,3600,2900,1900,1000,590,390
mens corduroy pants,2900,1300,1600,3600,5400,6600,5400,4400,2900,2400,1900,1600,1000
cable knit sweater,2900,1600,3600,5400,5400,6600,5400,2900,1900,1900,1300,1000,880
long puffer jacket,2900,590,1600,4400,5400,8100,4400,5400,1900,1000,590,390,260
teddy bear coat,2900,590,1300,4400,5400,8100,5400,4400,1900,1300,590,480,260
kids winter coats,2900,1300,3600,8100,5400,6600,2400,2400,880,590,390,390,480
pea coat men,2900,880,1600,3600,5400,6600,5400,4400,2400,1600,1000,880,590
boys puffer jacket,2900,1000,2400,5400,5400,8100,5400,3600,1900,1600,880,720,480
girls puffer jacket,2900,1000,2900,5400,5400,8100,4400,3600,1900,1600,1000,880,720
michael kors jacket,2900,1900,2400,3600,5400,5400,4400,3600,2400,2400,1600,1300,880
plus size coats for women,2900,720,1300,4400,5400,6600,4400,4400,1900,1300,1000,590,320
green coat,2900,1600,1900,4400,5400,6600,4400,4400,3600,2400,1600,1300,1000
michael kors coat,2900,1600,1900,3600,5400,6600,5400,3600,2400,1600,1000,590,480
double breasted coat,2900,1300,1900,4400,5400,6600,5400,4400,2400,1900,1300,880,590
womens thermal tops,2900,390,720,3600,5400,9900,5400,8100,2400,1300,720,480,320
longline coat,2900,590,1300,4400,5400,6600,5400,5400,2400,1600,880,480,320
navy coat,2900,1000,1900,4400,5400,5400,4400,3600,2400,1900,1000,720,390
padded coat,2900,720,1600,4400,5400,6600,4400,4400,2400,1300,880,590,320
knitted midi dress,2900,1300,1900,4400,5400,6600,5400,3600,1900,1300,1000,880,720
mens shearling jacket,2900,1000,1600,3600,5400,6600,6600,4400,2400,1600,880,720,590
hybrid jacket,2900,880,2400,5400,5400,6600,5400,3600,2400,2900,1900,1300,880
long jacket men,2900,1000,1600,3600,5400,8100,5400,4400,2900,1900,1300,1000,720
turtleneck top,2900,1300,2400,4400,5400,5400,4400,3600,2400,1900,1600,1300,1000
party wear women,2900,880,1000,1900,5400,14800,8100,1900,1300,1300,1300,880,720
mens sherpa fleece,2900,590,1000,3600,5400,8100,6600,4400,2400,1600,880,720,390
mens full zip fleece,2900,1300,1900,4400,5400,6600,5400,2900,2400,2400,2400,1900,1000
mens fleece jacket full zip,2900,1300,1900,4400,5400,6600,5400,2900,2400,2400,2400,1900,1000
mens fleece half zip,2900,880,1600,3600,5400,8100,6600,2900,1900,1600,1300,1000,590
mens fleece sherpa,2900,590,1000,3600,5400,8100,6600,4400,2400,1600,880,720,390
mens fleeces full zip,2900,1300,1900,4400,5400,6600,5400,2900,2400,2400,2400,1900,1000
black fleeces,2900,1000,1900,5400,5400,5400,3600,4400,2900,2900,1900,1900,1000
full zip mens fleece jacket,2900,1300,1900,4400,5400,6600,5400,2900,2400,2400,2400,1900,1000
sherpa fleece for men,2900,590,1000,3600,5400,8100,6600,4400,2400,1600,880,720,390
black knit dress,2400,720,1000,2900,5400,6600,5400,4400,1900,1000,720,590,390
knee length boots,2400,880,1600,4400,5400,5400,4400,2900,1600,880,720,590,480
brown chunky boots,2400,880,1600,3600,5400,5400,3600,2400,1300,1000,720,720,590
womens brown knee high boots,2400,590,1600,4400,5400,5400,4400,2400,1600,1000,720,480,480
ladies brown knee high boots,2400,590,1600,4400,5400,5400,4400,2400,1600,1000,720,480,480
brown knee boots womens,2400,590,1600,4400,5400,5400,4400,2400,1600,1000,720,480,480
knee high boots for women brown,2400,590,1600,4400,5400,5400,4400,2400,1600,1000,720,480,480
chunky boots brown,2400,880,1600,3600,5400,5400,3600,2400,1300,1000,720,720,590
womens brown knee boots,2400,590,1600,4400,5400,5400,4400,2400,1600,1000,720,480,480
black dress knit,2400,720,1000,2900,5400,6600,5400,4400,1900,1000,720,590,390
brown boots chunky,2400,880,1600,3600,5400,5400,3600,2400,1300,1000,720,720,590
suede boots women,2400,880,1900,5400,5400,4400,3600,2400,1600,1300,880,720,590
leather ankle boots,2400,880,1600,4400,5400,5400,4400,2900,1900,1300,880,590,480
flat ankle boots for women,2400,880,1600,4400,5400,5400,4400,2900,2400,1600,1000,720,480
leopard print boots,2400,880,1600,4400,5400,5400,3600,2900,1900,1600,1000,880,590
ladies wide fit ankle boots,2400,1000,1900,5400,5400,5400,4400,2900,1900,1000,880,480,320
wide fit ankle boots womens,2400,1000,1900,5400,5400,5400,4400,2900,1900,1000,880,480,320
brown ankle boots with heel,2400,590,1300,3600,5400,5400,4400,2900,2400,1600,720,480,390
ladies flat ankle boots,2400,880,1600,4400,5400,5400,4400,2900,2400,1600,1000,720,480
burgundy cardigan womens,2400,480,1900,5400,5400,4400,4400,1900,1300,1000,720,590,320
burgundy satin skirt,2400,480,1300,4400,5400,6600,6600,1000,590,480,320,260,260
brown heel boots ankle,2400,590,1300,3600,5400,5400,4400,2900,2400,1600,720,480,390
brown corduroy trousers,2400,880,1600,4400,5400,5400,4400,3600,1900,1600,1000,880,720
check blazer womens,2400,590,1900,6600,5400,2900,1900,2400,2400,2900,1600,1000,590
ladies checked blazer,2400,590,1900,6600,5400,2900,1900,2400,2400,2900,1600,1000,590
brown pants corduroy,2400,880,1600,4400,5400,5400,4400,3600,1900,1600,1000,880,720
checkered blazer for women,2400,590,1900,6600,5400,2900,1900,2400,2400,2900,1600,1000,590
brown corduroy pants,2400,880,1600,4400,5400,5400,4400,3600,1900,1600,1000,880,720
long winter coat,2400,880,1900,5400,5400,6600,2900,2900,1000,720,480,390,320
beige coat,2400,720,1600,3600,5400,5400,4400,3600,2400,1900,1000,720,390
barbie outfits,2400,2400,2400,2900,5400,2900,1900,1900,1900,2400,1900,1900,1600
black knitted dress,2400,720,1000,2900,5400,6600,5400,4400,1900,1000,720,590,390
longline jumper,2400,390,1000,4400,5400,5400,4400,3600,1900,1300,720,320,210
winter outfits men,2400,590,1600,4400,5400,8100,5400,2400,880,390,260,210,210
dress with knee high boots,1900,390,590,1900,5400,3600,2900,2400,1900,1300,720,390,320
dress with high boots,1900,390,590,1900,5400,3600,2900,2400,1900,1300,720,390,320
dress to go with knee high boots,1900,390,590,1900,5400,3600,2900,2400,1900,1300,720,390,320
knee high boots and dress,1900,390,590,1900,5400,3600,2900,2400,1900,1300,720,390,320
brown suede trench coat,1900,260,1600,6600,5400,2900,1600,1300,1000,720,260,140,110
red mini skirt,1900,1600,1600,1900,5400,2400,2900,1300,1600,1300,1300,1900,1900
boots juicy couture,1600,260,590,1600,5400,3600,4400,1300,480,320,260,210,170
red leather jacket mens,1600,720,880,1600,5400,1600,1600,1000,1000,1300,1000,1000,720
red biker jacket mens,1600,720,880,1600,5400,1600,1600,1000,1000,1300,1000,1000,720
red leather biker jacket mens,1600,720,880,1600,5400,1600,1600,1000,1000,1300,1000,1000,720
purple mini dress,1600,1000,1000,1900,5400,1000,880,1300,1000,1000,1300,1300,1300
plain clothing,1600,880,1300,2400,5400,2400,1600,1900,1300,1600,880,880,880
tyler durden jacket,880,480,480,1000,5400,480,320,320,320,390,390,480,320
white linen trousers,14800,33100,18100,8100,4400,3600,3600,6600,8100,14800,22200,33100,33100
black linen pants,9900,22200,14800,6600,4400,2900,2900,4400,4400,8100,12100,18100,18100
tankini with shorts,9900,18100,12100,6600,4400,2900,2900,6600,8100,9900,12100,18100,18100
gingham dress,9900,22200,14800,6600,4400,3600,3600,4400,5400,9900,14800,18100,18100
mens denim shorts,9900,22200,14800,6600,4400,2900,2400,3600,4400,8100,12100,18100,18100
t shirt dress,8100,18100,12100,6600,4400,3600,3600,4400,4400,6600,9900,14800,14800
dress tee shirts,8100,18100,12100,6600,4400,3600,3600,4400,4400,6600,9900,14800,14800
tight shirt dress,8100,18100,12100,6600,4400,3600,3600,4400,4400,6600,9900,14800,14800
boys shorts,8100,14800,9900,5400,4400,3600,4400,5400,5400,9900,12100,18100,12100
petite maxi dresses,8100,12100,8100,5400,4400,3600,2900,4400,5400,8100,9900,12100,12100
baby blue dress,8100,12100,8100,5400,4400,3600,2900,6600,6600,9900,12100,14800,12100
camo shorts,8100,12100,9900,4400,4400,1900,1900,2900,3600,8100,12100,22200,22200
day dresses,8100,12100,9900,6600,4400,4400,3600,5400,5400,8100,9900,12100,9900
oversized t shirt women,8100,14800,12100,8100,4400,3600,3600,3600,3600,5400,8100,9900,9900
hope and ivy dresses,8100,12100,9900,5400,4400,3600,3600,8100,8100,12100,12100,14800,9900
mens tank tops,6600,12100,8100,5400,4400,4400,4400,4400,3600,4400,5400,9900,9900
petite dresses for women,6600,9900,6600,5400,4400,4400,3600,4400,5400,6600,8100,9900,9900
french connection dresses,6600,12100,8100,5400,4400,5400,3600,3600,3600,5400,6600,8100,8100
gym shorts women,6600,12100,9900,5400,4400,3600,3600,4400,4400,6600,8100,12100,12100
wedding outfits,6600,8100,8100,6600,4400,2900,2400,6600,6600,8100,6600,6600,6600
ever pretty dresses,6600,3600,4400,4400,4400,4400,2900,14800,12100,9900,9900,8100,8100
lightweight jacket,6600,5400,5400,6600,4400,3600,2900,2900,4400,12100,14800,12100,8100
dress sale,6600,9900,9900,5400,4400,5400,8100,6600,5400,6600,5400,6600,8100
light jacket,6600,5400,5400,6600,4400,3600,2900,2900,4400,12100,14800,12100,8100
dorothy perkins dresses,6600,9900,6600,5400,4400,6600,4400,4400,5400,5400,6600,12100,9900
light jacket women,6600,3600,5400,6600,4400,2900,2400,3600,5400,12100,12100,9900,6600
lightweight jacket women,6600,3600,5400,6600,4400,2900,2400,3600,5400,12100,12100,9900,6600
mens t shirt sale,6600,9900,8100,5400,4400,6600,8100,4400,4400,5400,6600,8100,8100
sports shorts for women,6600,12100,9900,5400,4400,3600,3600,4400,4400,6600,8100,12100,12100
cotton underwear,5400,4400,4400,4400,4400,5400,5400,6600,5400,6600,6600,5400,5400
cotton underwear for women,5400,5400,4400,4400,4400,5400,5400,6600,5400,6600,6600,5400,5400
white party dress,5400,6600,6600,5400,4400,4400,3600,5400,4400,5400,5400,5400,5400
kids suits,5400,8100,5400,5400,4400,3600,3600,4400,4400,5400,5400,5400,6600
sequin trousers,5400,2400,2400,2900,4400,14800,27100,2900,2400,2400,2900,3600,4400
mens lightweight jacket,5400,4400,4400,6600,4400,4400,3600,2900,4400,8100,9900,8100,6600
olive green dress,5400,6600,6600,5400,4400,4400,2900,5400,5400,6600,6600,8100,8100
satin maxi dress,5400,6600,5400,5400,4400,5400,3600,5400,4400,6600,6600,8100,6600
dress shops,5400,6600,4400,5400,4400,4400,4400,5400,5400,6600,6600,6600,6600
baby dresses,5400,5400,4400,5400,4400,4400,5400,5400,5400,6600,4400,5400,3600
jumpsuits for weddings,5400,6600,6600,5400,4400,2900,1900,5400,6600,8100,6600,8100,5400
denim mini dress,5400,9900,8100,5400,4400,2900,2400,3600,4400,6600,6600,6600,6600
abaya dress,5400,5400,4400,4400,4400,5400,4400,5400,6600,8100,4400,4400,4400
m65 field jacket,5400,2400,2900,4400,4400,4400,12100,6600,5400,5400,4400,4400,2400
summer dresses sale,5400,12100,9900,8100,4400,2900,2400,3600,2400,1900,2400,3600,6600
cute outfits,5400,4400,4400,4400,4400,4400,5400,5400,5400,5400,5400,5400,5400
phase 8 dresses,5400,8100,6600,4400,4400,3600,2900,5400,5400,6600,6600,8100,8100
blue prom dresses,5400,6600,3600,5400,4400,4400,2900,8100,6600,6600,6600,6600,8100
evening dresses for weddings,5400,8100,8100,6600,4400,2900,2400,4400,4400,5400,5400,5400,5400
christening dresses,5400,6600,6600,5400,4400,2900,1900,5400,5400,6600,6600,6600,6600
knee length dress,5400,6600,5400,3600,4400,4400,2900,3600,3600,4400,5400,8100,8100
nice tops,5400,3600,3600,4400,4400,5400,6600,5400,5400,6600,5400,4400,3600
castore clothing,5400,4400,4400,4400,4400,8100,8100,4400,4400,4400,4400,6600,5400
bottomless brunch outfit,5400,6600,6600,5400,4400,3600,1600,5400,6600,9900,8100,6600,5400
pakistani clothing brands,5400,3600,4400,3600,4400,4400,4400,6600,6600,5400,5400,5400,3600
black shirt dress,4400,6600,5400,5400,4400,3600,2900,3600,3600,4400,4400,4400,4400
straight leg trousers,4400,3600,4400,5400,4400,4400,3600,3600,3600,4400,4400,3600,2900
navy cardigan womens,4400,2900,4400,6600,4400,3600,2900,3600,2900,4400,5400,4400,3600
black tshirt dress,4400,6600,5400,5400,4400,3600,2900,3600,3600,4400,4400,4400,4400
ladies navy cardigan,4400,2900,4400,6600,4400,3600,2900,3600,2900,4400,5400,4400,3600
womens navy cardigan sweater,4400,2900,4400,6600,4400,3600,2900,3600,2900,4400,5400,4400,3600
tshirt dress black,4400,6600,5400,5400,4400,3600,2900,3600,3600,4400,4400,4400,4400
wide legged pants men,4400,3600,3600,4400,4400,5400,4400,4400,3600,4400,3600,3600,3600
wide legged trousers men,4400,3600,3600,4400,4400,5400,4400,4400,3600,4400,3600,3600,3600
good american jeans,4400,2900,4400,5400,4400,5400,5400,5400,4400,5400,5400,3600,2400
leggings with pockets,4400,4400,4400,5400,4400,4400,3600,4400,3600,4400,4400,3600,2900
maternity pants,4400,5400,5400,4400,4400,4400,4400,5400,4400,4400,4400,4400,3600
letterman jacket,4400,3600,4400,3600,4400,4400,3600,4400,5400,9900,3600,3600,2400
tank tops for women,4400,4400,4400,5400,4400,5400,3600,3600,2900,3600,3600,3600,3600
compression shorts,4400,4400,4400,4400,4400,4400,3600,3600,3600,4400,4400,5400,4400
maternity jumpsuit,4400,5400,5400,4400,4400,4400,4400,4400,4400,5400,4400,4400,2900
yoga pants for women,4400,3600,4400,4400,4400,4400,3600,4400,3600,4400,3600,3600,2900
maternity dresses for baby shower,4400,4400,4400,4400,4400,3600,2400,6600,5400,5400,5400,4400,4400
casual dresses for women,4400,5400,4400,4400,4400,4400,4400,3600,4400,4400,4400,5400,4400
mens ski pants,4400,1000,1600,2900,4400,8100,8100,12100,8100,4400,1000,880,590
cute clothes,4400,2900,2900,3600,4400,6600,5400,4400,3600,4400,3600,3600,3600
rave outfits women,4400,5400,4400,4400,4400,3600,2900,4400,4400,4400,4400,4400,4400
midi skirts for women,4400,5400,3600,4400,4400,4400,3600,3600,3600,4400,5400,6600,6600
white jacket,4400,3600,3600,4400,4400,4400,3600,3600,3600,6600,6600,6600,3600
tunic dress,4400,5400,4400,4400,4400,4400,3600,3600,2900,3600,3600,4400,4400
duster coat,4400,3600,3600,5400,4400,4400,3600,4400,4400,4400,4400,3600,2900
high waisted trousers,4400,4400,4400,5400,4400,4400,4400,4400,4400,4400,4400,3600,2900
y2k clothing,4400,4400,4400,4400,4400,5400,5400,4400,4400,4400,4400,5400,4400
light blue jeans,4400,2900,3600,4400,4400,5400,5400,4400,3600,5400,4400,4400,2900
ski outfit,4400,1600,1900,3600,4400,6600,8100,9900,6600,3600,1300,880,880
ladies blouses,4400,4400,4400,5400,4400,5400,4400,4400,4400,5400,5400,5400,4400
gym outfits,4400,4400,4400,5400,4400,4400,4400,6600,5400,5400,4400,4400,3600
tailored suit,4400,4400,4400,6600,4400,3600,2900,4400,3600,4400,4400,4400,4400
track jacket,4400,2900,3600,4400,4400,4400,3600,3600,3600,5400,5400,5400,3600
mens high waisted pants,4400,4400,4400,4400,4400,4400,4400,5400,4400,5400,4400,4400,4400
all saints clothing,4400,3600,3600,3600,4400,6600,5400,3600,2900,3600,3600,4400,3600
white jacket womens,4400,4400,4400,4400,4400,4400,4400,3600,3600,6600,6600,6600,4400
casual jackets for women,4400,2900,3600,5400,4400,2400,1900,2400,2900,6600,6600,5400,2900
knee length skirts,4400,4400,3600,4400,4400,4400,3600,3600,3600,4400,4400,5400,5400
little mistress dresses,4400,4400,3600,2900,4400,5400,3600,2900,3600,4400,6600,6600,5400
80s outfits women,4400,4400,4400,4400,4400,4400,2900,5400,4400,4400,3600,3600,3600
wide leg pants men,4400,3600,3600,4400,4400,5400,4400,4400,3600,4400,3600,3600,3600
black halter neck dress,4400,6600,5400,4400,4400,5400,3600,3600,3600,3600,4400,5400,5400
mantaray clothing,4400,6600,5400,4400,4400,4400,3600,3600,3600,4400,4400,6600,6600
marni clothing,4400,5400,4400,4400,4400,5400,6600,5400,4400,4400,4400,4400,3600
chrome hearts t shirt,4400,5400,4400,3600,4400,3600,4400,3600,3600,4400,4400,5400,4400
jean shirt men,4400,4400,4400,5400,4400,5400,4400,3600,3600,4400,4400,4400,2900
gul ahmed pk,4400,3600,4400,3600,4400,4400,3600,4400,4400,3600,4400,4400,4400
louis vuitton windbreaker,4400,4400,4400,4400,4400,5400,5400,4400,4400,5400,4400,3600,2900
goose island clothes,4400,6600,5400,3600,4400,3600,2900,3600,3600,4400,4400,5400,5400
black wide leg pants,3600,2900,3600,5400,4400,4400,3600,4400,3600,3600,2900,2400,2400
heeled loafers,3600,2400,3600,5400,4400,3600,2900,3600,3600,4400,2900,2400,1900
loafer shoes women,3600,2900,3600,5400,4400,3600,2900,2900,3600,4400,3600,3600,2400
straight leg pants women,3600,2400,3600,4400,4400,3600,2900,3600,3600,3600,4400,3600,2900
red cardigan womens,3600,1900,2400,4400,4400,6600,8100,2900,3600,3600,2900,2900,1600
straight leg trousers women,3600,2400,3600,4400,4400,3600,2900,3600,3600,3600,4400,3600,2900
ladies loafer shoes,3600,2900,3600,5400,4400,3600,2900,2900,3600,4400,3600,3600,2400
ladies straight leg trousers,3600,2400,3600,4400,4400,3600,2900,3600,3600,3600,4400,3600,2900
female loafers shoes,3600,2900,3600,5400,4400,3600,2900,2900,3600,4400,3600,3600,2400
black wide leg trouser pants,3600,2900,3600,5400,4400,4400,3600,4400,3600,3600,2900,2400,2400
womens slip on loafer shoes,3600,2900,3600,5400,4400,3600,2900,2900,3600,4400,3600,3600,2400
straight leg pants for ladies,3600,2400,3600,4400,4400,3600,2900,3600,3600,3600,4400,3600,2900
dealer boots mens,3600,2400,2900,3600,4400,6600,5400,3600,2900,2900,2400,2400,2400
leather pants,3600,2400,2900,3600,4400,5400,4400,4400,3600,3600,2400,1900,1600
work pants for men,3600,2900,3600,5400,4400,4400,2900,3600,3600,3600,2900,2900,2400
mens skinny jeans,3600,1900,2400,3600,4400,4400,5400,3600,2900,3600,2900,2400,1600
mid rise jeans,3600,2900,4400,5400,4400,3600,3600,3600,3600,4400,4400,2900,1900
big mens clothing,3600,4400,3600,4400,4400,4400,4400,2900,2400,2900,2900,3600,2900
street wear,3600,4400,4400,4400,4400,4400,4400,3600,2900,3600,3600,3600,2900
mens lounge pants,3600,1600,1600,2900,4400,9900,9900,2900,2400,1900,1900,1600,1600
black sweatshirt,3600,2400,3600,5400,4400,5400,4400,4400,3600,2900,2400,1900,1300
dress up,3600,3600,2900,3600,4400,4400,3600,2900,2900,3600,2400,2900,2900
running leggings,3600,1900,2400,4400,4400,5400,5400,6600,3600,3600,2900,2400,1300
black tank top,3600,4400,4400,3600,4400,2900,2900,2900,2900,3600,3600,4400,4400
womens blazer jacket,3600,1900,2900,4400,4400,4400,3600,3600,3600,5400,4400,3600,1900
tapered jeans,3600,2400,2900,4400,4400,4400,4400,3600,3600,4400,3600,2900,1900
sergio tacchini tracksuit,3600,2900,3600,4400,4400,4400,5400,4400,3600,3600,3600,2900,2400
mens outfits,3600,2900,3600,3600,4400,4400,4400,2900,3600,3600,3600,3600,2900
black flare leggings,3600,2400,3600,4400,4400,5400,4400,4400,3600,4400,2900,2900,2400
taylor swift outfits,3600,4400,4400,3600,4400,2400,2400,3600,4400,3600,2400,2400,2400
mink coat,3600,2400,2900,3600,4400,6600,8100,6600,3600,2400,2400,1900,1600
sports leggings,3600,3600,3600,5400,4400,4400,4400,4400,3600,3600,2900,2900,1900
snowsuit,3600,1000,1600,3600,4400,9900,6600,9900,1900,1000,720,720,590
latex dress,3600,3600,3600,3600,4400,3600,4400,4400,4400,3600,2900,2900,2900
rhinestone jeans,3600,1900,2400,2900,4400,9900,9900,3600,2900,2900,2900,2400,1900
engagement dress,3600,4400,4400,4400,4400,3600,2900,4400,3600,3600,3600,3600,3600
mens suit jacket,3600,3600,3600,4400,4400,4400,3600,2900,2900,3600,3600,3600,2900
baby outfits,3600,3600,3600,4400,4400,4400,4400,3600,3600,3600,3600,3600,2900
dinner dress,3600,3600,3600,4400,4400,4400,3600,4400,4400,4400,3600,3600,3600
camo jacket,3600,2400,2900,4400,4400,5400,5400,5400,4400,4400,3600,2900,2400
mens blue jeans,3600,2400,2900,4400,4400,5400,5400,3600,3600,4400,3600,2900,2400
nehru jacket,3600,3600,3600,3600,4400,4400,2900,4400,2900,3600,3600,3600,2900
military jacket,3600,1600,2400,2900,4400,3600,3600,4400,3600,4400,3600,3600,2900
large mens clothing,3600,4400,3600,4400,4400,4400,4400,2900,2400,2900,2900,3600,2900
brown satin dress,3600,2900,3600,4400,4400,4400,2900,2900,2400,2900,2900,2900,2900
camouflage jacket,3600,2400,2900,4400,4400,5400,5400,5400,4400,4400,3600,2900,2400
mens softshell jacket,3600,1900,2400,5400,4400,4400,3600,2900,2900,3600,2900,2400,1600
beige jacket,3600,1600,2400,4400,4400,3600,2900,2900,2900,6600,6600,4400,2400
shell jacket,3600,1900,2400,4400,4400,4400,3600,4400,3600,3600,2900,2900,1900
petite evening dresses,3600,2900,2900,4400,4400,4400,1900,2900,2900,2900,2900,2900,2900
party outfits for women,3600,1600,1900,2900,4400,8100,5400,3600,2400,2400,2400,1900,1900
house coat,3600,1900,2400,3600,4400,5400,5400,3600,2400,2400,2400,1900,1600
evening maxi dresses,3600,3600,3600,4400,4400,5400,2900,3600,2900,3600,3600,3600,2900
viking clothing,3600,2400,1600,2900,4400,5400,5400,4400,2900,2900,1900,2400,2400
womens ski wear,3600,1300,1900,3600,4400,6600,8100,9900,5400,2900,1000,880,880
1970s fashion,3600,4400,3600,5400,4400,3600,2900,4400,3600,4400,3600,3600,3600
red shirt men,3600,4400,3600,3600,4400,3600,4400,2900,3600,2900,2900,3600,2900
arsenal jacket,3600,1300,2400,3600,4400,5400,5400,3600,2900,4400,1900,8100,2400
wallis clothing,3600,3600,2900,3600,4400,4400,2900,2900,2900,3600,3600,3600,3600
louis vuitton jacket men,3600,1900,2400,3600,4400,5400,5400,4400,2900,2900,2400,1900,1600
only clothes,3600,2900,3600,3600,4400,4400,2900,2900,2900,3600,4400,4400,3600
asim jofa pk,3600,4400,4400,4400,4400,4400,4400,4400,3600,2900,2900,2900,2400
fashion street,3600,4400,5400,5400,4400,3600,2900,3600,3600,3600,3600,3600,2900
black chinos men,3600,3600,3600,4400,4400,5400,4400,3600,3600,3600,2900,2900,2900
mens quarter zip fleece,3600,880,1300,3600,4400,8100,8100,4400,2900,2400,1600,1000,720
mens black chino pants,3600,3600,3600,4400,4400,5400,4400,3600,3600,3600,2900,2900,2900
portuguese flannel shirt,3600,3600,3600,3600,4400,4400,4400,3600,2900,3600,3600,4400,4400
mens black chino trousers,3600,3600,3600,4400,4400,5400,4400,3600,3600,3600,2900,2900,2900
black mens chinos trousers,3600,3600,3600,4400,4400,5400,4400,3600,3600,3600,2900,2900,2900
chino pants for men black,3600,3600,3600,4400,4400,5400,4400,3600,3600,3600,2900,2900,2900
ladies leather jacket,2900,1300,1900,4400,4400,4400,3600,2400,2400,2900,2400,1900,1000
leather jacket with fur,2900,880,1900,3600,4400,6600,5400,3600,1900,1600,1000,720,480
leopard jeans,2900,1300,2400,4400,4400,3600,2900,2900,2900,3600,2400,1300,880
leather and fur jacket,2900,880,1900,3600,4400,6600,5400,3600,1900,1600,1000,720,480
leather coat with fur,2900,880,1900,3600,4400,6600,5400,3600,1900,1600,1000,720,480
oversize sweatshirts,2900,1600,2900,5400,4400,4400,3600,3600,2900,2900,2400,1900,1300
joe brown jacket,2900,1000,1900,3600,4400,4400,3600,2900,2400,2400,1900,1300,880
leather coat fur,2900,880,1900,3600,4400,6600,5400,3600,1900,1600,1000,720,480
fur jacket leather,2900,880,1900,3600,4400,6600,5400,3600,1900,1600,1000,720,480
jeans with leopard,2900,1300,2400,4400,4400,3600,2900,2900,2900,3600,2400,1300,880
petite trench coat women,2900,880,2400,5400,4400,2900,2400,2400,2400,4400,2900,1600,1000
long sleeve party dress,2900,1000,1300,2400,4400,9900,6600,2900,1900,1900,1300,1000,720
evening gowns with sleeves,2900,2400,2900,4400,4400,3600,1900,2900,2900,2900,2400,2400,1900
evening dresses with sleeves,2900,2400,2900,4400,4400,3600,1900,2900,2900,2900,2400,2400,1900
long sleeve evening dresses,2900,1600,1900,3600,4400,5400,2400,3600,2900,2900,1900,1900,1600