Keyword,Avg. monthly search,Jul 2025,Aug 2025,Sep 2025,Okt 2025,Nov 2025,Dec 2025,Jan 2026,Feb 2026,Mrt 2026,Apr 2026,Mei 2026,Jun 2026
wedding guest dresses,246000,368000,301000,201000,135000,74000,60500,201000,246000,301000,301000,368000,301000
dresses,165000,201000,165000,165000,135000,165000,165000,201000,165000,201000,165000,201000,201000
hoodies,110000,60500,90500,135000,135000,201000,165000,90500,74000,90500,74000,60500,49500
jeans,90500,60500,74000,135000,90500,110000,110000,90500,74000,90500,74000,60500,49500
cardigan,74000,74000,110000,135000,90500,90500,90500,74000,60500,74000,74000,74000,60500
cardigan clothes,74000,74000,110000,135000,90500,90500,90500,74000,60500,74000,74000,74000,60500
cardigans clothing,74000,74000,110000,135000,90500,90500,90500,74000,60500,74000,74000,74000,60500
coat,74000,33100,60500,135000,135000,201000,110000,90500,60500,49500,33100,27100,27100
womens trainers,110000,74000,90500,110000,90500,165000,165000,90500,90500,110000,90500,90500,74000
trench coat,74000,33100,60500,110000,110000,110000,74000,60500,60500,74000,60500,40500,27100
trench jacket,74000,33100,60500,110000,110000,110000,74000,60500,60500,74000,60500,40500,27100
trench trench coat,74000,33100,60500,110000,110000,110000,74000,60500,60500,74000,60500,40500,27100
knee high boots,60500,27100,40500,110000,135000,135000,110000,60500,40500,33100,22200,18100,14800
womens coats,60500,14800,40500,110000,135000,165000,135000,90500,49500,33100,14800,12100,8100
mens tracksuits,74000,33100,49500,90500,110000,165000,165000,74000,60500,60500,49500,40500,33100
tracksuit,74000,49500,60500,90500,110000,135000,135000,74000,60500,74000,49500,49500,40500
jacket,60500,33100,49500,90500,90500,110000,90500,60500,60500,74000,60500,40500,33100
waterproof jacket,49500,40500,40500,90500,60500,60500,40500,40500,40500,27100,22200,27100,40500
weatherproof jacket,49500,40500,40500,90500,60500,60500,40500,40500,40500,27100,22200,27100,40500
black dress,74000,74000,60500,74000,90500,90500,74000,74000,60500,74000,60500,60500,60500
leather jackets,60500,40500,49500,74000,90500,74000,74000,60500,60500,74000,74000,60500,33100
jackets leather,60500,40500,49500,74000,90500,74000,74000,60500,60500,74000,74000,60500,33100
jacket leder,60500,40500,49500,74000,90500,74000,74000,60500,60500,74000,74000,60500,33100
leather jacket,60500,40500,49500,74000,90500,74000,74000,60500,60500,74000,74000,60500,33100
mens hoodies,60500,22200,33100,74000,74000,135000,165000,49500,40500,40500,33100,27100,22200
mens coats,49500,9900,22200,74000,90500,165000,110000,60500,33100,22200,12100,8100,6600
puffer jacket,49500,14800,33100,74000,74000,110000,74000,60500,33100,22200,14800,12100,9900
winter coats,27100,12100,33100,74000,60500,74000,33100,27100,9900,5400,3600,3600,3600
shorts,90500,110000,74000,60500,60500,60500,74000,74000,74000,90500,110000,135000,135000
maxi dresses,74000,110000,74000,60500,49500,60500,49500,60500,60500,90500,90500,110000,110000
baby clothes,49500,49500,49500,60500,49500,60500,60500,60500,49500,49500,40500,40500,40500
bomber jacket,49500,27100,40500,60500,60500,74000,49500,49500,40500,49500,49500,40500,27100
mens jackets,49500,18100,27100,60500,74000,110000,110000,60500,49500,49500,33100,27100,18100
womens tracksuits,49500,18100,33100,60500,60500,90500,90500,49500,40500,40500,27100,22200,18100
chelsea boots boots,40500,22200,33100,60500,60500,74000,74000,49500,33100,33100,22200,22200,18100
girls coats,27100,14800,49500,60500,40500,49500,33100,33100,18100,12100,8100,5400,5400
women clothing,60500,49500,49500,49500,60500,60500,74000,49500,49500,60500,60500,49500,49500
white dress,60500,90500,60500,49500,49500,33100,33100,49500,49500,60500,60500,74000,74000
denim dress,49500,74000,60500,49500,33100,22200,14800,27100,40500,60500,60500,60500,60500
going out tops,49500,27100,33100,49500,49500,60500,60500,60500,74000,74000,49500,40500,33100
jumpsuits,49500,60500,49500,49500,49500,60500,49500,49500,49500,49500,49500,60500,49500
pyjamas,49500,33100,33100,49500,60500,90500,110000,49500,40500,40500,27100,33100,27100
skirts,49500,60500,49500,49500,49500,49500,49500,40500,40500,49500,40500,49500,49500
arne clothing,49500,27100,40500,49500,49500,90500,90500,60500,40500,40500,40500,40500,40500
sainsbury's clothing,49500,49500,49500,49500,60500,60500,60500,33100,33100,40500,40500,49500,40500
anna wintour,49500,60500,27100,49500,74000,27100,40500,22200,22200,33100,60500,135000,18100
boots docmart,40500,18100,27100,49500,60500,90500,74000,49500,27100,22200,18100,14800,12100
mens jeans,40500,27100,33100,49500,60500,74000,90500,40500,40500,40500,33100,27100,22200
black tie dresses,40500,27100,33100,49500,60500,74000,33100,49500,40500,40500,40500,40500,33100
pea coat,40500,18100,33100,49500,90500,60500,49500,40500,27100,22200,14800,12100,9900
men's jeans,40500,27100,33100,49500,60500,74000,90500,40500,40500,40500,33100,27100,22200
windbreakers,40500,49500,49500,49500,40500,33100,27100,27100,33100,49500,49500,49500,40500
black boots,33100,22200,27100,49500,74000,74000,60500,40500,27100,22200,18100,14800,14800
womens jumpers,33100,8100,18100,49500,60500,74000,90500,40500,22200,18100,12100,8100,5400
puffer jacket women,33100,8100,18100,49500,60500,74000,49500,49500,22200,18100,9900,8100,5400
work trousers,33100,27100,33100,49500,40500,40500,27100,40500,33100,33100,27100,27100,27100
arcteryx jacket,33100,14800,22200,49500,49500,60500,49500,40500,33100,22200,18100,14800,14800
trousers,33100,33100,33100,49500,40500,40500,40500,33100,33100,40500,33100,33100,27100
ladies puffer jacket,33100,8100,18100,49500,60500,74000,49500,49500,22200,18100,9900,8100,5400
brown knee high boots,27100,8100,18100,49500,60500,60500,40500,22200,14800,12100,8100,6600,4400
brown knee boots,27100,8100,18100,49500,60500,60500,40500,22200,14800,12100,8100,6600,4400
brown high boots,27100,8100,18100,49500,60500,60500,40500,22200,14800,12100,8100,6600,4400
high knee boots brown,27100,8100,18100,49500,60500,60500,40500,22200,14800,12100,8100,6600,4400
waterproof trousers,27100,14800,18100,49500,40500,49500,33100,40500,33100,22200,14800,18100,22200
suedette jacket,22200,8100,33100,49500,33100,22200,18100,18100,18100,27100,22200,14800,8100
waterproof coat,22200,9900,14800,49500,33100,40500,22200,27100,22200,12100,6600,8100,9900
suede jacket,22200,8100,33100,49500,33100,22200,18100,18100,18100,27100,22200,14800,8100
winter coats women,18100,6600,18100,49500,49500,49500,22200,22200,8100,4400,2400,1900,2400
womens waterproof jacket,18100,14800,18100,49500,22200,22200,18100,14800,14800,12100,8100,12100,14800
mother of the bride dresses,49500,60500,49500,40500,40500,27100,22200,90500,74000,60500,60500,49500,40500
midi dress,49500,60500,49500,40500,33100,33100,27100,33100,33100,49500,60500,60500,60500
mini dress,49500,49500,40500,40500,40500,49500,49500,40500,40500,49500,49500,60500,60500
apricot clothing,49500,60500,49500,40500,40500,49500,49500,49500,40500,49500,60500,74000,60500
maternity clothes,40500,33100,40500,40500,33100,33100,40500,40500,40500,40500,40500,33100,27100
party dresses,40500,33100,33100,40500,60500,110000,74000,40500,33100,33100,27100,27100,27100
fur coat,40500,9900,22200,40500,60500,110000,110000,60500,33100,14800,9900,6600,5400
baby clothes for boys,40500,33100,40500,40500,40500,40500,40500,40500,40500,40500,40500,33100,33100
white womens trainers,40500,49500,49500,40500,27100,33100,33100,33100,33100,49500,60500,60500,49500
baggy jeans,33100,33100,33100,40500,40500,49500,49500,33100,27100,33100,27100,22200,22200
mens cargo trousers,33100,27100,27100,40500,40500,49500,49500,33100,27100,33100,27100,27100,22200
ladies dressing gowns,33100,12100,18100,40500,40500,90500,90500,33100,22200,22200,14800,14800,12100
smart casual,33100,40500,33100,40500,40500,40500,27100,27100,27100,33100,33100,33100,40500
nutmeg clothing,33100,33100,33100,40500,49500,40500,40500,27100,27100,33100,33100,40500,33100
jumper dress,27100,3600,8100,40500,60500,90500,74000,33100,18100,8100,4400,2900,1900
sweatshirt jumper dress,27100,3600,8100,40500,60500,90500,74000,33100,18100,8100,4400,2900,1900
jumper and dress,27100,3600,8100,40500,60500,90500,74000,33100,18100,8100,4400,2900,1900
jumper with dress,27100,3600,8100,40500,60500,90500,74000,33100,18100,8100,4400,2900,1900
sweatshirt,27100,18100,27100,40500,33100,40500,33100,27100,22200,27100,22200,18100,14800
fleece jacket,27100,8100,14800,40500,49500,49500,33100,33100,22200,22200,18100,12100,8100
polo tracksuit,27100,22200,27100,40500,40500,60500,49500,27100,22200,22200,18100,14800,12100
trench coat women,22200,8100,18100,40500,33100,27100,27100,22200,22200,33100,27100,14800,9900
ankle boots,22200,9900,18100,40500,40500,49500,33100,27100,18100,14800,9900,8100,6600
female trench coat,22200,8100,18100,40500,33100,27100,27100,22200,22200,33100,27100,14800,9900
trench jacket ladies,22200,8100,18100,40500,33100,27100,27100,22200,22200,33100,27100,14800,9900
boot for ankle,22200,9900,18100,40500,40500,49500,33100,27100,18100,14800,9900,8100,6600
ladies trenchcoats,22200,8100,18100,40500,33100,27100,27100,22200,22200,33100,27100,14800,9900
waterproof rain coats men,22200,14800,18100,40500,27100,33100,27100,18100,18100,12100,8100,9900,12100
puffer coat,22200,5400,18100,40500,40500,60500,33100,33100,14800,8100,4400,3600,2900
mens waterproof jacket,22200,14800,18100,40500,27100,33100,27100,18100,18100,12100,8100,9900,12100
womens fleece jacket,22200,6600,14800,40500,40500,40500,33100,27100,18100,22200,18100,14800,6600
boys coats,18100,9900,27100,40500,27100,40500,27100,22200,12100,8100,4400,3600,3600
mens rain coat,14800,14800,14800,40500,22200,18100,12100,9900,12100,8100,6600,8100,12100
mens rain coats,14800,14800,14800,40500,22200,18100,12100,9900,12100,8100,6600,8100,12100
rain jacket,14800,18100,18100,40500,22200,18100,12100,12100,12100,9900,8100,12100,18100
rain jacket men,14800,14800,14800,40500,22200,18100,12100,9900,12100,8100,6600,8100,12100
autumn wedding guest dresses,9900,9900,22200,40500,22200,5400,1600,3600,3600,2900,3600,4400,5400
swimsuits,40500,49500,49500,33100,27100,27100,27100,40500,33100,40500,40500,49500,49500
red dress,40500,40500,33100,33100,40500,49500,60500,40500,49500,33100,33100,33100,33100
polo shirts,40500,49500,40500,33100,27100,33100,33100,22200,22200,33100,33100,49500,49500
pink dress,40500,49500,40500,33100,33100,22200,18100,40500,40500,49500,49500,49500,49500
mens t shirts,40500,49500,40500,33100,27100,49500,60500,22200,27100,33100,40500,60500,49500
christmas party dress,40500,3600,8100,33100,90500,246000,110000,1600,880,880,720,880,1000
tank top,40500,49500,40500,33100,33100,33100,33100,33100,33100,40500,40500,49500,49500
women dresses,40500,49500,40500,33100,33100,40500,40500,33100,33100,40500,40500,49500,49500
leggings,33100,22200,27100,33100,33100,40500,40500,33100,27100,27100,27100,22200,18100
baby girl clothes,33100,33100,33100,33100,33100,40500,40500,40500,33100,33100,33100,33100,27100
shirts,33100,33100,33100,33100,27100,33100,27100,27100,27100,33100,33100,33100,33100
blouses,33100,33100,33100,33100,27100,27100,27100,33100,33100,40500,33100,40500,33100
mens swimming shorts,33100,49500,40500,33100,22200,22200,22200,27100,27100,27100,33100,49500,49500
denim skirts,33100,60500,40500,33100,27100,22200,18100,22200,22200,33100,40500,49500,40500
dresses for occasions,33100,49500,40500,33100,27100,18100,12100,27100,33100,40500,40500,49500,40500
chino's,33100,40500,40500,33100,33100,33100,33100,27100,27100,33100,33100,33100,33100
long sleeve dress,27100,18100,18100,33100,40500,40500,33100,33100,27100,27100,22200,22200,18100
longsleeve dress,27100,18100,18100,33100,40500,40500,33100,33100,27100,27100,22200,22200,18100
large sleeve dress,27100,18100,18100,33100,40500,40500,33100,33100,27100,27100,22200,22200,18100
male puffer jacket,27100,5400,12100,33100,49500,74000,49500,33100,18100,12100,6600,4400,3600
puffer mens coat,27100,5400,12100,33100,49500,74000,49500,33100,18100,12100,6600,4400,3600
jackets for men puffer,27100,5400,12100,33100,49500,74000,49500,33100,18100,12100,6600,4400,3600
coat mens puffer,27100,5400,12100,33100,49500,74000,49500,33100,18100,12100,6600,4400,3600
jacket men puffer,27100,5400,12100,33100,49500,74000,49500,33100,18100,12100,6600,4400,3600
formal dresses,27100,22200,22200,33100,27100,33100,18100,33100,27100,33100,27100,27100,22200
flare jeans,27100,22200,27100,33100,33100,33100,33100,33100,27100,27100,22200,18100,14800
mens puffer jacket,27100,5400,12100,33100,49500,74000,49500,33100,18100,12100,6600,4400,3600
birthday dress,27100,27100,27100,33100,33100,27100,22200,40500,27100,27100,27100,27100,22200
black dresses for women,27100,27100,27100,33100,33100,33100,27100,27100,27100,27100,22200,22200,22200
boys tracksuits,27100,12100,14800,33100,40500,60500,49500,18100,22200,27100,14800,12100,8100
long sleeve tops,27100,12100,18100,33100,33100,33100,33100,27100,22200,27100,22200,22200,18100
smart casual men,27100,33100,27100,33100,33100,33100,27100,22200,22200,27100,27100,27100,27100
smart casual attire men,27100,33100,27100,33100,33100,33100,27100,22200,22200,27100,27100,27100,27100
black knee high boots,22200,8100,14800,33100,49500,49500,40500,22200,14800,12100,6600,5400,4400
black knee boots,22200,8100,14800,33100,49500,49500,40500,22200,14800,12100,6600,5400,4400
black knee high,22200,8100,14800,33100,49500,49500,40500,22200,14800,12100,6600,5400,4400
black boots high knee,22200,8100,14800,33100,49500,49500,40500,22200,14800,12100,6600,5400,4400
wide leg trousers,22200,27100,27100,33100,27100,22200,18100,22200,18100,22200,22200,22200,18100
wide leg dress trousers,22200,27100,27100,33100,27100,22200,18100,22200,18100,22200,22200,22200,18100
zavetti canada coat,22200,6600,14800,33100,33100,60500,40500,40500,22200,12100,6600,5400,4400
brown dresses,22200,18100,22200,33100,33100,33100,22200,22200,18100,22200,18100,22200,22200
brown pleather jacket,18100,8100,18100,33100,33100,27100,22200,18100,18100,18100,14800,9900,5400
brown leather coats,18100,8100,18100,33100,33100,27100,22200,18100,18100,18100,14800,9900,5400
leather coat brown,18100,8100,18100,33100,33100,27100,22200,18100,18100,18100,14800,9900,5400
browns leather jacket,18100,8100,18100,33100,33100,27100,22200,18100,18100,18100,14800,9900,5400
brown colour leather jacket,18100,8100,18100,33100,33100,27100,22200,18100,18100,18100,14800,9900,5400
cropped trench coat,18100,8100,22200,33100,22200,14800,12100,9900,12100,27100,22200,14800,8100
cropped trench jacket,18100,8100,22200,33100,22200,14800,12100,9900,12100,27100,22200,14800,8100
trenchcoat cropped,18100,8100,22200,33100,22200,14800,12100,9900,12100,27100,22200,14800,8100
brown leather coat,18100,8100,18100,33100,33100,27100,22200,18100,18100,18100,14800,9900,5400
brown leather overcoat,18100,8100,18100,33100,33100,27100,22200,18100,18100,18100,14800,9900,5400
quilted jacket,18100,9900,18100,33100,33100,27100,18100,18100,18100,27100,22200,14800,6600
brown leather jacket,18100,8100,18100,33100,33100,27100,22200,18100,18100,18100,14800,9900,5400
quilted coat,18100,9900,18100,33100,33100,27100,18100,18100,18100,27100,22200,14800,6600
short trench coat,14800,6600,14800,33100,22200,14800,12100,9900,12100,22200,22200,12100,5400
short trench jacket,14800,6600,14800,33100,22200,14800,12100,9900,12100,22200,22200,12100,5400
trench short coat,14800,6600,14800,33100,22200,14800,12100,9900,12100,22200,22200,12100,5400
small trench coat,14800,6600,14800,33100,22200,14800,12100,9900,12100,22200,22200,12100,5400
winter jacket,14800,6600,14800,33100,33100,40500,18100,14800,6600,3600,2400,2400,2400
rain jacket women,14800,18100,18100,33100,12100,8100,5400,6600,8100,9900,8100,12100,22200
puddle suit,14800,9900,14800,33100,22200,18100,9900,14800,14800,9900,6600,4400,6600
rain coat,12100,14800,14800,33100,14800,12100,6600,8100,8100,6600,5400,8100,14800
boys winter coats,12100,5400,12100,33100,22200,27100,12100,12100,3600,1900,1000,1000,1600
boys winter jacket,12100,5400,12100,33100,22200,27100,12100,12100,3600,1900,1000,1000,1600
girls raincoat,12100,14800,27100,33100,5400,3600,1900,2900,5400,9900,12100,12100,22200
autumn dresses,6600,2400,12100,33100,18100,4400,590,590,590,590,590,590,720
mens shorts,49500,90500,49500,27100,18100,18100,18100,18100,22200,40500,60500,90500,90500
monsoon dresses,40500,49500,33100,27100,27100,27100,22200,33100,27100,33100,40500,60500,60500
sequin dresses,33100,27100,22200,27100,33100,60500,60500,22200,14800,18100,22200,27100,27100
shirt dress,27100,49500,33100,27100,22200,18100,18100,18100,22200,27100,33100,40500,40500
dress shirt dress,27100,49500,33100,27100,22200,18100,18100,18100,22200,27100,33100,40500,40500
dress with shirt,27100,49500,33100,27100,22200,18100,18100,18100,22200,27100,33100,40500,40500
dress and shirt,27100,49500,33100,27100,22200,18100,18100,18100,22200,27100,33100,40500,40500
shirt and dress,27100,49500,33100,27100,22200,18100,18100,18100,22200,27100,33100,40500,40500
maternity dresses,27100,33100,27100,27100,22200,22200,22200,27100,27100,33100,33100,33100,27100
gym clothes,27100,27100,27100,27100,27100,33100,33100,40500,27100,27100,27100,22200,22200
pajamas,27100,18100,22200,27100,33100,60500,49500,33100,22200,22200,18100,18100,14800
denim jacket,27100,27100,27100,27100,22200,18100,18100,18100,22200,40500,49500,40500,27100
lounge wear,27100,14800,18100,27100,33100,49500,49500,27100,22200,22200,14800,14800,12100
party dresses for women,27100,18100,18100,27100,40500,60500,40500,22200,18100,18100,18100,18100,18100
harrington jacket,27100,18100,22200,27100,27100,33100,27100,27100,22200,33100,33100,27100,18100
disturbia clothing,27100,18100,27100,27100,27100,27100,27100,27100,27100,22200,22200,33100,33100
terraces menswear,27100,22200,22200,27100,33100,49500,40500,27100,22200,27100,27100,27100,27100
runway,27100,27100,27100,27100,27100,22200,27100,40500,33100,33100,33100,33100,33100
dungaree,27100,33100,27100,27100,33100,22200,22200,27100,27100,33100,33100,27100,27100
morrisons clothes,27100,22200,27100,27100,33100,33100,33100,18100,18100,22200,22200,27100,22200
party dresses for ladies,27100,18100,18100,27100,40500,60500,40500,22200,18100,18100,18100,18100,18100
harriton jacket,27100,18100,22200,27100,27100,33100,27100,27100,22200,33100,33100,27100,18100
barrel jeans,22200,12100,18100,27100,27100,22200,18100,22200,27100,27100,22200,18100,14800
jeans barrel,22200,12100,18100,27100,27100,22200,18100,22200,27100,27100,22200,18100,14800
wide leg jeans,22200,14800,22200,27100,27100,22200,22200,22200,18100,22200,18100,14800,9900
black jeans,22200,14800,22200,27100,33100,40500,33100,27100,22200,22200,18100,14800,12100
vintage clothing,22200,22200,22200,27100,22200,22200,18100,18100,18100,18100,18100,18100,14800
tunics,22200,27100,27100,27100,27100,22200,18100,27100,22200,22200,22200,22200,22200
tunic clothing,22200,27100,27100,27100,27100,22200,18100,27100,22200,22200,22200,22200,22200
nutmeg morrisons,22200,22200,27100,27100,27100,22200,27100,22200,22200,22200,22200,27100,22200
mens fleece,22200,4400,8100,27100,33100,60500,49500,22200,14800,12100,8100,6600,4400
leather jacket women,18100,8100,12100,27100,27100,27100,18100,14800,14800,18100,14800,14800,8100
leather coat women,18100,8100,12100,27100,27100,27100,18100,14800,14800,18100,14800,14800,8100
female leather jacket,18100,8100,12100,27100,27100,27100,18100,14800,14800,18100,14800,14800,8100
women in leather jacket,18100,8100,12100,27100,27100,27100,18100,14800,14800,18100,14800,14800,8100
workwear,18100,18100,18100,27100,27100,22200,14800,22200,18100,18100,18100,14800,14800
sweaters,18100,12100,18100,27100,27100,33100,33100,18100,18100,14800,12100,12100,12100
jackets for women,18100,6600,12100,27100,27100,33100,27100,22200,18100,22200,22200,14800,9900
quilted jacket womens,18100,8100,12100,27100,27100,18100,14800,14800,14800,27100,22200,14800,5400
black coat,18100,5400,14800,27100,27100,40500,27100,22200,14800,9900,5400,3600,2900
knitted jumper,18100,6600,14800,27100,27100,40500,33100,18100,12100,9900,6600,5400,3600
chelsea boots women,14800,4400,9900,27100,33100,33100,27100,18100,12100,8100,4400,3600,2900
chelsea boots ladies,14800,4400,9900,27100,33100,33100,27100,18100,12100,8100,4400,3600,2900
mens winter jackets,14800,3600,8100,27100,33100,49500,27100,18100,8100,4400,2400,1900,1600
winter wedding guest dresses,14800,9900,18100,27100,33100,33100,18100,18100,9900,5400,4400,5400,5400
brown coat women,14800,2900,8100,27100,33100,27100,22200,18100,12100,12100,9900,6600,3600
brown jacket women,14800,2900,8100,27100,33100,27100,22200,18100,12100,12100,9900,6600,3600
suede brown coat,12100,3600,14800,27100,22200,12100,8100,8100,8100,12100,9900,6600,2900
brown suedette jacket,12100,3600,14800,27100,22200,12100,8100,8100,8100,12100,9900,6600,2900
brown suede jacket,12100,3600,14800,27100,22200,12100,8100,8100,8100,12100,9900,6600,2900
brown jacket suede,12100,3600,14800,27100,22200,12100,8100,8100,8100,12100,9900,6600,2900
womens waterproof coat,9900,4400,6600,27100,18100,22200,14800,12100,9900,5400,2900,2900,4400
girls winter coats,8100,4400,12100,27100,18100,22200,8100,8100,2900,1600,1000,880,1300
autumn clothes,5400,4400,18100,27100,9900,2400,590,390,480,590,320,320,590
autumn outfits,5400,2400,9900,27100,18100,4400,720,480,480,480,390,320,390
polka dot dress,40500,49500,40500,22200,18100,12100,9900,18100,27100,49500,74000,74000,60500
mens polo shirts,27100,33100,33100,22200,18100,33100,33100,14800,18100,22200,27100,33100,33100
holiday dresses,27100,40500,33100,22200,12100,8100,8100,18100,22200,27100,33100,49500,40500
running shorts,27100,33100,27100,22200,14800,18100,18100,22200,22200,33100,40500,40500,33100
corset dresses,27100,27100,22200,22200,27100,27100,22200,27100,27100,27100,27100,33100,27100
girls clothes,22200,14800,18100,22200,22200,33100,33100,14800,18100,22200,18100,14800,14800
black mini dress,22200,18100,18100,22200,33100,33100,33100,22200,22200,22200,18100,14800,18100
mini skirt,22200,27100,22200,22200,27100,27100,27100,22200,18100,22200,18100,22200,22200
wedding guest outfit,22200,33100,27100,22200,12100,8100,5400,22200,22200,33100,33100,27100,22200
gym clothes for women,22200,22200,22200,22200,22200,27100,33100,33100,22200,22200,22200,18100,18100
swimming shorts,22200,40500,27100,22200,14800,12100,12100,18100,18100,22200,22200,33100,33100
womens gym wear,22200,22200,22200,22200,22200,27100,33100,33100,22200,22200,22200,18100,18100
golden dress,22200,18100,18100,22200,22200,27100,27100,22200,18100,18100,18100,18100,18100
toast clothes,22200,22200,22200,22200,22200,22200,27100,27100,18100,22200,22200,27100,27100
ladies gym clothes,22200,22200,22200,22200,22200,27100,33100,33100,22200,22200,22200,18100,18100
cargo pants,18100,22200,22200,22200,22200,22200,22200,18100,14800,18100,18100,18100,14800
kids clothes,18100,18100,18100,22200,22200,33100,27100,14800,14800,22200,18100,18100,12100
flare leggings,18100,12100,18100,22200,27100,27100,22200,22200,18100,18100,14800,14800,12100
low rise jeans,18100,18100,22200,22200,22200,22200,22200,18100,18100,22200,18100,14800,12100
boys clothes,18100,14800,18100,22200,22200,27100,27100,14800,14800,22200,18100,14800,12100
bootcut jeans,18100,12100,14800,22200,22200,22200,22200,22200,18100,22200,18100,14800,12100
women's suits,18100,18100,18100,22200,22200,18100,14800,22200,18100,22200,18100,18100,14800
rab jacket,18100,6600,9900,22200,27100,40500,33100,33100,22200,18100,12100,9900,8100
black coat women,18100,3600,9900,22200,27100,40500,33100,33100,18100,12100,6600,3600,2400
black trousers women,18100,14800,18100,22200,22200,22200,18100,22200,18100,18100,14800,14800,12100
airport outfits,18100,33100,33100,22200,12100,6600,5400,8100,8100,12100,18100,27100,33100
smart casual women,18100,22200,22200,22200,22200,22200,14800,18100,18100,22200,18100,18100,22200
black skirts,18100,18100,18100,22200,33100,27100,33100,18100,14800,14800,12100,12100,14800
preppy,18100,27100,22200,22200,22200,18100,18100,18100,14800,18100,14800,14800,12100
windbreaker jackets,18100,12100,14800,22200,18100,18100,12100,14800,14800,22200,22200,18100,14800
smart casual attire women,18100,22200,22200,22200,22200,22200,14800,18100,18100,22200,18100,18100,22200
overshirt men,18100,9900,14800,22200,22200,33100,33100,14800,14800,18100,18100,14800,9900
mensovershirt,18100,9900,14800,22200,22200,33100,33100,14800,14800,18100,18100,14800,9900
knitted dress,14800,4400,6600,22200,33100,40500,33100,18100,8100,5400,3600,3600,2900
leopard print jeans,14800,8100,12100,22200,22200,18100,14800,18100,18100,18100,12100,8100,4400
jeans with leopard print,14800,8100,12100,22200,22200,18100,14800,18100,18100,18100,12100,8100,4400
black cardigan,14800,12100,18100,22200,18100,18100,14800,14800,12100,14800,14800,12100,8100
black cardigan sweater,14800,12100,18100,22200,18100,18100,14800,14800,12100,14800,14800,12100,8100
female loafers,14800,12100,18100,22200,18100,14800,14800,14800,14800,22200,18100,14800,9900
ladies slip on loafers,14800,12100,18100,22200,18100,14800,14800,14800,14800,22200,18100,14800,9900
women in loafers,14800,12100,18100,22200,18100,14800,14800,14800,14800,22200,18100,14800,9900
mens designer coats,14800,5400,9900,22200,27100,33100,27100,14800,12100,12100,6600,6600,4400
coat mens designer,14800,5400,9900,22200,27100,33100,27100,14800,12100,12100,6600,6600,4400
black puffer jacket,14800,5400,12100,22200,22200,33100,22200,18100,9900,6600,3600,2900,1900
wool coat,14800,3600,8100,22200,27100,40500,33100,27100,12100,6600,3600,2400,1900
wide leg jeans women,14800,8100,12100,22200,18100,18100,18100,14800,12100,14800,12100,9900,6600
duffle coat,14800,9900,14800,22200,33100,33100,22200,22200,12100,9900,8100,6600,5400
rab coat,14800,4400,8100,22200,27100,33100,33100,27100,14800,9900,5400,4400,3600
mens designer jackets,14800,5400,9900,22200,27100,33100,27100,14800,12100,12100,6600,6600,4400
women's cardigans,14800,8100,14800,22200,22200,22200,22200,14800,12100,14800,14800,12100,8100
long cardigans for women,12100,5400,9900,22200,18100,18100,18100,14800,9900,12100,12100,9900,5400
ladies long cardigans,12100,5400,9900,22200,18100,18100,18100,14800,9900,12100,12100,9900,5400
male winter coats,12100,2400,6600,22200,27100,40500,18100,14800,5400,2400,1600,1300,1000
polo ralph puffer,12100,2400,12100,22200,22200,33100,22200,14800,6600,3600,2400,1900,1600
ladies coats,12100,1900,5400,22200,22200,33100,27100,18100,12100,8100,3600,2400,1600
womens waterproof trousers,12100,6600,8100,22200,14800,18100,14800,18100,14800,9900,6600,6600,8100
brown suede bag,9900,5400,12100,22200,18100,14800,14800,9900,8100,8100,6600,5400,3600
brown suede purse,9900,5400,12100,22200,18100,14800,14800,9900,8100,8100,6600,5400,3600
brown suede handbag,9900,5400,12100,22200,18100,14800,14800,9900,8100,8100,6600,5400,3600
suede bag brown,9900,5400,12100,22200,18100,14800,14800,9900,8100,8100,6600,5400,3600
suede brown handbags,9900,5400,12100,22200,18100,14800,14800,9900,8100,8100,6600,5400,3600
suede jacket women,9900,4400,14800,22200,14800,8100,6600,8100,9900,14800,12100,6600,3600
brown cardigan,9900,3600,9900,22200,18100,12100,8100,6600,6600,6600,5400,5400,3600
brown cardigan sweater,9900,3600,9900,22200,18100,12100,8100,6600,6600,6600,5400,5400,3600
jacket suede women's,9900,4400,14800,22200,14800,8100,6600,8100,9900,14800,12100,6600,3600
women jacket suede,9900,4400,14800,22200,14800,8100,6600,8100,9900,14800,12100,6600,3600
winter dresses,9900,2400,6600,22200,27100,27100,18100,9900,4400,1900,880,880,880
winter jackets women,9900,3600,8100,22200,27100,27100,12100,9900,4400,2400,1600,1600,1600
daphne guinness,9900,5400,5400,22200,22200,8100,12100,8100,8100,6600,4400,5400,4400
rain coat women,6600,6600,8100,22200,8100,6600,3600,3600,4400,3600,2900,4400,8100
mesh shirt,2900,1900,1600,22200,1300,1300,1300,1000,1000,1300,1600,1900,1900
linen trousers,40500,60500,40500,18100,12100,12100,12100,18100,22200,40500,49500,74000,74000
maxi skirts,27100,40500,27100,18100,14800,14800,14800,18100,18100,27100,33100,40500,40500
ax paris dresses,27100,33100,27100,18100,18100,22200,14800,18100,22200,33100,40500,40500,40500
girls dresses,22200,27100,18100,18100,18100,22200,27100,18100,22200,33100,22200,27100,22200
green dress,22200,27100,22200,18100,22200,18100,14800,14800,18100,22200,22200,22200,22200
petite dresses,22200,33100,22200,18100,14800,14800,12100,14800,18100,22200,27100,33100,33100
ski jacket,22200,5400,8100,18100,27100,49500,49500,60500,33100,18100,5400,3600,3600
white dress for women,22200,33100,27100,18100,18100,12100,12100,18100,18100,22200,27100,27100,33100
holiday clothes,22200,22200,22200,18100,9900,8100,8100,22200,22200,27100,33100,33100,27100
midi skirts,22200,27100,22200,18100,14800,14800,14800,18100,18100,27100,33100,40500,40500
mens designer t shirts,22200,27100,22200,18100,18100,27100,27100,12100,14800,18100,18100,27100,22200
long sleeve maxi dress,18100,22200,18100,18100,18100,18100,18100,18100,14800,18100,18100,22200,18100
long sleeve maxi gown,18100,22200,18100,18100,18100,18100,18100,18100,14800,18100,18100,22200,18100
long sleeve long maxi dress,18100,22200,18100,18100,18100,18100,18100,18100,14800,18100,18100,22200,18100
maxi long dress with sleeves,18100,22200,18100,18100,18100,18100,18100,18100,14800,18100,18100,22200,18100
plus size clothing,18100,18100,18100,18100,14800,14800,14800,14800,14800,18100,22200,22200,18100
juicy couture tracksuit,18100,12100,14800,18100,22200,33100,33100,18100,14800,14800,12100,9900,8100
rave outfits,18100,27100,22200,18100,18100,18100,12100,18100,18100,18100,18100,18100,14800
pants,18100,27100,18100,18100,22200,22200,22200,18100,18100,18100,18100,18100,18100
plus size wedding guest dresses,18100,27100,22200,18100,9900,6600,4400,12100,14800,18100,22200,27100,22200
gym wear,18100,14800,14800,18100,14800,18100,22200,27100,18100,18100,14800,14800,12100
mens clothing sale,18100,18100,18100,18100,18100,27100,40500,22200,14800,18100,14800,14800,14800
baby clothes sale,18100,18100,18100,18100,18100,18100,27100,22200,14800,18100,14800,12100,14800
going out outfits,18100,14800,14800,18100,18100,18100,14800,22200,22200,27100,22200,18100,14800
loungewear set,18100,8100,12100,18100,22200,33100,40500,18100,14800,14800,9900,9900,8100
womens pajamas sets,18100,9900,12100,18100,22200,40500,49500,14800,12100,12100,8100,9900,8100
white shirts,18100,22200,18100,18100,22200,18100,14800,14800,14800,18100,18100,18100,22200
outfits,18100,14800,14800,18100,18100,18100,22200,18100,18100,22200,18100,18100,18100
leotards,18100,18100,14800,18100,18100,22200,18100,18100,18100,18100,18100,18100,14800
plus size wedding guest outfits,18100,27100,22200,18100,9900,6600,4400,12100,14800,18100,22200,27100,22200
gym shark leggings,18100,12100,14800,18100,22200,40500,33100,22200,18100,18100,14800,14800,9900
plus size dress clothes,18100,18100,18100,18100,14800,14800,14800,14800,14800,18100,22200,22200,18100
man with leather jacket,14800,8100,12100,18100,27100,27100,27100,18100,14800,14800,12100,9900,6600
wide leg trousers women,14800,18100,14800,18100,18100,14800,14800,14800,12100,14800,18100,18100,14800
wide leg pants women,14800,18100,14800,18100,18100,14800,14800,14800,12100,14800,18100,18100,14800
ladies wide leg trousers,14800,18100,14800,18100,18100,14800,14800,14800,12100,14800,18100,18100,14800
ladies wide leg pants,14800,18100,14800,18100,18100,14800,14800,14800,12100,14800,18100,18100,14800
wide leg womens dress pants,14800,18100,14800,18100,18100,14800,14800,14800,12100,14800,18100,18100,14800
womens wide leg trouser pants,14800,18100,14800,18100,18100,14800,14800,14800,12100,14800,18100,18100,14800
trousers women wide leg,14800,18100,14800,18100,18100,14800,14800,14800,12100,14800,18100,18100,14800
wide leg trouser pants for women,14800,18100,14800,18100,18100,14800,14800,14800,12100,14800,18100,18100,14800
leather coats for men,14800,8100,12100,18100,27100,27100,27100,18100,14800,14800,12100,9900,6600
cords trousers,14800,6600,9900,18100,22200,27100,22200,18100,12100,9900,8100,6600,5400
male leather jacket,14800,8100,12100,18100,27100,27100,27100,18100,14800,14800,12100,9900,6600
mens leather coats and jackets,14800,8100,12100,18100,27100,27100,27100,18100,14800,14800,12100,9900,6600
mens leather clothing,14800,8100,12100,18100,27100,27100,27100,18100,14800,14800,12100,9900,6600
long female coat,14800,2900,6600,18100,22200,40500,33100,22200,12100,8100,5400,2900,1900
men fleece coat,14800,3600,6600,18100,27100,33100,27100,18100,12100,9900,8100,6600,3600
guys leather jacket,14800,8100,12100,18100,27100,27100,27100,18100,14800,14800,12100,9900,6600
coats long womens,14800,2900,6600,18100,22200,40500,33100,22200,12100,8100,5400,2900,1900
ladies coat long,14800,2900,6600,18100,22200,40500,33100,22200,12100,8100,5400,2900,1900
man in leather jacket,14800,8100,12100,18100,27100,27100,27100,18100,14800,14800,12100,9900,6600
varsity jacket,14800,12100,14800,18100,18100,22200,18100,18100,14800,18100,14800,12100,8100
gym leggings,14800,12100,12100,18100,18100,18100,18100,22200,14800,18100,12100,9900,8100
straight leg jeans,14800,9900,12100,18100,18100,18100,18100,14800,14800,18100,14800,9900,8100
mens leather jackets,14800,8100,12100,18100,27100,27100,27100,18100,14800,14800,12100,9900,6600
mens sweatshirts,14800,5400,8100,18100,22200,33100,40500,14800,12100,14800,9900,8100,5400
cargo trousers,14800,12100,14800,18100,18100,18100,18100,14800,14800,18100,18100,18100,14800
bomber jacket women,14800,6600,12100,18100,18100,14800,12100,12100,12100,22200,18100,14800,8100
going out dresses,14800,14800,14800,18100,14800,14800,12100,14800,14800,14800,14800,12100,12100
wedding suits,14800,18100,18100,18100,12100,9900,8100,18100,14800,14800,14800,14800,12100
mens trousers,14800,14800,14800,18100,18100,22200,22200,14800,12100,14800,14800,14800,12100
black jacket,14800,8100,12100,18100,22200,22200,18100,14800,14800,18100,14800,12100,8100
mens fleece jacket,14800,3600,6600,18100,27100,33100,27100,18100,12100,9900,8100,6600,3600
long coat,14800,3600,6600,18100,22200,33100,27100,22200,12100,6600,4400,2900,2400
black trousers,14800,14800,14800,18100,18100,18100,18100,18100,14800,14800,14800,14800,12100
long coat women,14800,2900,6600,18100,22200,40500,33100,22200,12100,8100,5400,2900,1900
mens tracksuit bottoms,14800,8100,8100,18100,18100,27100,27100,18100,12100,12100,12100,9900,8100
90s fashion,14800,18100,14800,18100,14800,12100,8100,14800,12100,14800,14800,12100,12100
corduroy trousers,14800,6600,9900,18100,22200,27100,22200,18100,12100,9900,8100,6600,5400
long jacket women,14800,2900,6600,18100,22200,40500,33100,22200,12100,8100,5400,2900,1900
mens aviator jacket,14800,6600,9900,18100,22200,27100,22200,14800,12100,14800,12100,8100,5400
ladies long coat,14800,2900,6600,18100,22200,40500,33100,22200,12100,8100,5400,2900,1900
trouser pants for men,14800,14800,14800,18100,18100,22200,22200,14800,12100,14800,14800,14800,12100
fleece jacket men,14800,3600,6600,18100,27100,33100,27100,18100,12100,9900,8100,6600,3600
mens fleece coat,14800,3600,6600,18100,27100,33100,27100,18100,12100,9900,8100,6600,3600
mens microfleece jacket,14800,3600,6600,18100,27100,33100,27100,18100,12100,9900,8100,6600,3600
jacket fleece mens,14800,3600,6600,18100,27100,33100,27100,18100,12100,9900,8100,6600,3600
men in chinos,14800,14800,14800,18100,14800,14800,14800,12100,9900,12100,14800,14800,12100
knee boots for women,12100,3600,6600,18100,22200,27100,27100,12100,6600,4400,2900,1900,1600
ladies knee high boots,12100,3600,6600,18100,22200,27100,27100,12100,6600,4400,2900,1900,1600
ladies knee boots,12100,3600,6600,18100,22200,27100,27100,12100,6600,4400,2900,1900,1600
ladies high boots,12100,3600,6600,18100,22200,27100,27100,12100,6600,4400,2900,1900,1600
black trench coat,12100,4400,8100,18100,22200,22200,18100,14800,12100,14800,9900,6600,3600
black trench jacket,12100,4400,8100,18100,22200,22200,18100,14800,12100,14800,9900,6600,3600
dark trench coat,12100,4400,8100,18100,22200,22200,18100,14800,12100,14800,9900,6600,3600
trench black coat,12100,4400,8100,18100,22200,22200,18100,14800,12100,14800,9900,6600,3600
black coat trench,12100,4400,8100,18100,22200,22200,18100,14800,12100,14800,9900,6600,3600
doc marten chelsea boot,12100,5400,8100,18100,22200,33100,27100,18100,9900,6600,4400,3600,2900
dr marten boots chelsea,12100,5400,8100,18100,22200,33100,27100,18100,9900,6600,4400,3600,2900
dms chelsea boots,12100,5400,8100,18100,22200,33100,27100,18100,9900,6600,4400,3600,2900
maternity leggings,12100,9900,14800,18100,14800,14800,14800,14800,12100,12100,9900,8100,6600
jeans for women,12100,8100,12100,18100,14800,14800,14800,12100,12100,14800,12100,9900,8100
tweed jacket,12100,6600,8100,18100,18100,18100,14800,14800,12100,14800,9900,8100,6600
petite jeans,12100,8100,12100,18100,14800,14800,14800,14800,12100,14800,12100,8100,5400
brown jacket,12100,3600,8100,18100,22200,18100,12100,9900,9900,12100,9900,8100,4400
waterproofs,12100,9900,9900,18100,14800,14800,9900,12100,12100,9900,6600,8100,9900
black ankle boots,9900,3600,6600,18100,22200,22200,18100,12100,9900,6600,4400,3600,2400
brown boots women,9900,2900,6600,18100,22200,22200,18100,9900,6600,4400,2900,1900,1900
black ankle boots for women,9900,3600,6600,18100,18100,22200,18100,12100,8100,6600,3600,2400,1900
ladies black ankle boots,9900,3600,6600,18100,18100,22200,18100,12100,8100,6600,3600,2400,1900
black boots women ankle,9900,3600,6600,18100,18100,22200,18100,12100,8100,6600,3600,2400,1900
ankle boots for women black,9900,3600,6600,18100,18100,22200,18100,12100,8100,6600,3600,2400,1900
puffer jacket men,9900,2400,6600,18100,18100,27100,18100,14800,8100,5400,2900,2400,1900
gore tex jacket,9900,6600,6600,18100,14800,18100,12100,12100,9900,6600,4400,4400,4400
brown jeans,9900,2900,8100,18100,22200,14800,12100,12100,9900,9900,6600,5400,3600
tweed jacket womens,9900,3600,6600,18100,14800,12100,9900,9900,8100,9900,6600,4400,2900
brown jeans women,9900,1900,6600,18100,22200,14800,9900,9900,9900,8100,5400,3600,1900
brown trench coats,8100,1900,6600,18100,18100,14800,9900,6600,5400,6600,3600,2400,1300
brown trench jacket,8100,1900,6600,18100,18100,14800,9900,6600,5400,6600,3600,2400,1300
winter dresses for women,8100,1600,4400,18100,22200,22200,12100,9900,3600,1300,720,590,720
kids coats,8100,4400,14800,18100,14800,14800,9900,9900,5400,4400,2900,2400,2400
winter clothes for women,6600,2400,6600,18100,18100,18100,9900,5400,2400,1300,1000,880,880
winter wear for women,6600,2400,6600,18100,18100,18100,9900,5400,2400,1300,1000,880,880
winter clothes for ladies,6600,2400,6600,18100,18100,18100,9900,5400,2400,1300,1000,880,880
winter wear for ladies,6600,2400,6600,18100,18100,18100,9900,5400,2400,1300,1000,880,880
fall clothes women,2900,1600,8100,18100,8100,1600,260,260,320,210,140,110,210
womens autumn clothes,2900,1600,8100,18100,8100,1600,260,260,320,210,140,110,210
festival outfits,40500,110000,74000,14800,5400,6600,8100,12100,12100,22200,40500,74000,74000
denim shorts,33100,60500,40500,14800,12100,8100,8100,14800,18100,27100,40500,74000,60500
womens ski jacket,22200,5400,8100,14800,22200,40500,40500,60500,27100,14800,4400,2900,2400
yellow dress,22200,49500,27100,14800,14800,6600,6600,12100,14800,27100,33100,40500,40500
halter neck dress,22200,40500,27100,14800,14800,14800,12100,14800,18100,22200,27100,40500,40500
custom tee shirts,18100,18100,18100,14800,14800,18100,22200,12100,12100,14800,14800,18100,18100
long dresses,18100,18100,14800,14800,18100,22200,18100,18100,14800,22200,18100,18100,18100
lace dress,18100,12100,12100,14800,18100,18100,18100,18100,18100,18100,14800,14800,14800
fur coat women,18100,2900,6600,14800,27100,49500,60500,33100,14800,8100,4400,2900,1900
holiday clothes women,18100,18100,18100,14800,9900,6600,8100,22200,22200,22200,27100,27100,22200
halter neck top,18100,27100,22200,14800,12100,12100,14800,14800,14800,18100,22200,33100,33100
fur jacket women,18100,2900,6600,14800,27100,49500,60500,33100,14800,8100,4400,2900,1900
womens clothes sale,18100,18100,18100,14800,14800,14800,33100,22200,14800,14800,14800,12100,14800
holiday wear for women,18100,18100,18100,14800,9900,6600,8100,22200,22200,22200,27100,27100,22200
ladies holiday clothes,18100,18100,18100,14800,9900,6600,8100,22200,22200,22200,27100,27100,22200
ladies clothes sale,18100,18100,18100,14800,14800,14800,33100,22200,14800,14800,14800,12100,14800
mens coats sale,14800,5400,8100,14800,18100,33100,33100,22200,12100,12100,8100,6600,4400
plus size dresses,14800,22200,18100,14800,12100,14800,12100,12100,14800,14800,18100,18100,18100
wrap dress,14800,22200,18100,14800,12100,12100,12100,12100,12100,18100,18100,22200,18100
red dresses for women,14800,14800,14800,14800,14800,22200,27100,18100,18100,12100,12100,14800,14800
girls party dresses,14800,14800,9900,14800,18100,22200,22200,14800,14800,14800,12100,14800,12100
black lace dress,14800,9900,12100,14800,22200,22200,18100,18100,18100,14800,12100,12100,9900
80s fashion,14800,18100,14800,14800,14800,14800,12100,14800,12100,12100,9900,12100,9900
napapijri jacket,14800,6600,8100,14800,22200,27100,27100,18100,12100,9900,6600,5400,5400
mens jackets sale,14800,5400,8100,14800,18100,33100,33100,22200,12100,12100,8100,6600,4400
fur jacket,14800,2900,6600,14800,22200,40500,40500,22200,12100,8100,3600,2400,1600
camisole tops,14800,22200,18100,14800,12100,12100,12100,12100,12100,14800,18100,22200,18100
denim dress for women,14800,18100,18100,14800,9900,6600,4400,9900,14800,18100,18100,18100,18100
womens wedding guest dresses,14800,18100,14800,14800,9900,5400,5400,14800,18100,22200,22200,22200,18100
black tops,14800,14800,14800,14800,18100,18100,18100,14800,14800,18100,14800,14800,14800
napapijri coat,14800,6600,8100,14800,22200,27100,27100,18100,12100,9900,6600,5400,5400
vest tops women,14800,27100,22200,14800,9900,8100,8100,9900,9900,12100,18100,27100,27100
wedding guest outfits for women,14800,18100,14800,14800,9900,5400,5400,14800,18100,22200,22200,22200,18100
ladies vest tops,14800,27100,22200,14800,9900,8100,8100,9900,9900,12100,18100,27100,27100
black leather jacket,12100,6600,8100,14800,18100,18100,14800,14800,12100,14800,12100,8100,6600
womens jumper dress,12100,1300,3600,14800,27100,33100,33100,14800,6600,2900,1600,880,720
black leather coat,12100,6600,8100,14800,18100,18100,14800,14800,12100,14800,12100,8100,6600
ladies jumper dress,12100,1300,3600,14800,27100,33100,33100,14800,6600,2900,1600,880,720
black pleather jacket,12100,6600,8100,14800,18100,18100,14800,14800,12100,14800,12100,8100,6600
dress jumper womens,12100,1300,3600,14800,27100,33100,33100,14800,6600,2900,1600,880,720
dress jumpers ladies,12100,1300,3600,14800,27100,33100,33100,14800,6600,2900,1600,880,720
black boots women,12100,3600,6600,14800,22200,27100,22200,14800,8100,5400,3600,2900,2900
doc marten penny loafers,12100,12100,14800,14800,14800,14800,12100,12100,9900,9900,9900,8100,8100
black leather jackets,12100,6600,8100,14800,18100,18100,14800,14800,12100,14800,12100,8100,6600
coat men black,12100,5400,8100,14800,18100,22200,18100,14800,12100,9900,8100,6600,4400
black coat male,12100,5400,8100,14800,18100,22200,18100,14800,12100,9900,8100,6600,4400
mom jeans,12100,12100,14800,14800,14800,12100,9900,12100,12100,14800,12100,9900,6600
maternity jeans,12100,8100,12100,14800,14800,12100,14800,14800,14800,14800,9900,8100,6600
work dresses,12100,14800,14800,14800,12100,9900,6600,12100,9900,12100,12100,14800,14800
womens trousers,12100,9900,12100,14800,14800,12100,12100,12100,9900,12100,12100,12100,9900
grey jeans,12100,8100,9900,14800,18100,18100,18100,12100,9900,12100,8100,8100,5400
evening dresses for women,12100,8100,9900,14800,18100,14800,8100,12100,12100,12100,12100,12100,9900
cargo trousers women,12100,12100,14800,14800,14800,12100,9900,12100,12100,14800,14800,12100,9900
snickers work trousers,12100,9900,9900,14800,18100,18100,12100,14800,14800,14800,12100,9900,8100
lounge wear sets,12100,5400,8100,14800,14800,22200,27100,14800,9900,9900,6600,5400,4400
cargo jeans women,12100,12100,14800,14800,14800,12100,9900,12100,12100,14800,14800,12100,9900
rugby shirts,12100,8100,9900,14800,14800,40500,14800,8100,9900,12100,9900,8100,6600
mens black jacket,12100,5400,8100,14800,18100,22200,18100,14800,12100,9900,8100,6600,4400
womens going out tops,12100,6600,8100,14800,14800,18100,14800,14800,18100,18100,14800,9900,8100
mens knit sweater,12100,2900,5400,14800,18100,33100,33100,12100,8100,6600,4400,2900,1900
wranglers jeans,12100,9900,12100,14800,14800,14800,14800,14800,12100,12100,12100,12100,9900
checkered shirt,12100,12100,12100,14800,14800,12100,12100,9900,9900,12100,9900,9900,9900
wide calf knee high boots,9900,2900,5400,14800,22200,27100,18100,12100,6600,4400,2900,1900,1300
wide leg knee high boots,9900,2900,5400,14800,22200,27100,18100,12100,6600,4400,2900,1900,1300
wide calf knee boots,9900,2900,5400,14800,22200,27100,18100,12100,6600,4400,2900,1900,1300
wide calf high boots,9900,2900,5400,14800,22200,27100,18100,12100,6600,4400,2900,1900,1300
knit chunky cardigan,9900,3600,8100,14800,14800,12100,8100,33100,9900,8100,6600,4400,2400
ankle boots women,9900,2400,5400,14800,18100,27100,18100,14800,8100,5400,3600,1900,1600
black loafers women,9900,8100,9900,14800,12100,8100,6600,9900,8100,9900,8100,6600,6600
black cardigan women,9900,5400,9900,14800,12100,14800,12100,12100,9900,9900,9900,8100,6600
chunky knit cardigan,9900,3600,8100,14800,14800,12100,8100,33100,9900,8100,6600,4400,2400
ankle wellies,9900,4400,4400,14800,14800,18100,14800,12100,8100,5400,2900,2900,2900
ladies black cardigan,9900,5400,9900,14800,12100,14800,12100,12100,9900,9900,9900,8100,6600
ankle wellington boots,9900,4400,4400,14800,14800,18100,14800,12100,8100,5400,2900,2900,2900
ladies black loafers,9900,8100,9900,14800,12100,8100,6600,9900,8100,9900,8100,6600,6600
women's black cardigan sweater,9900,5400,9900,14800,12100,14800,12100,12100,9900,9900,9900,8100,6600
ankle welly boots,9900,4400,4400,14800,14800,18100,14800,12100,8100,5400,2900,2900,2900
chunky knit cardigan sweater,9900,3600,8100,14800,14800,12100,8100,33100,9900,8100,6600,4400,2400
black slip on loafers women's,9900,8100,9900,14800,12100,8100,6600,9900,8100,9900,8100,6600,6600
m & s cardigans,9900,5400,8100,14800,14800,14800,12100,8100,8100,8100,9900,8100,5400
marks spencer cardigan,9900,5400,8100,14800,14800,14800,12100,8100,8100,8100,9900,8100,5400
womens black slip on loafers,9900,8100,9900,14800,12100,8100,6600,9900,8100,9900,8100,6600,6600
black female loafers,9900,8100,9900,14800,12100,8100,6600,9900,8100,9900,8100,6600,6600
leather bomber jacket,9900,5400,8100,14800,14800,14800,12100,12100,9900,9900,8100,5400,3600
leather bomber coat,9900,5400,8100,14800,14800,14800,12100,12100,9900,9900,8100,5400,3600
black leggings,9900,8100,9900,14800,14800,14800,12100,12100,8100,9900,8100,6600,5400
black puffer coat,9900,2400,8100,14800,14800,22200,14800,14800,6600,3600,1600,1300,1000
boys jacket,9900,6600,9900,14800,12100,14800,12100,9900,8100,9900,6600,5400,3600
black jacket women,9900,5400,8100,14800,14800,12100,9900,9900,8100,12100,9900,8100,5400
ladies jackets,9900,4400,6600,14800,12100,12100,9900,8100,8100,14800,12100,9900,5400
moose knuckle jacket,9900,4400,6600,14800,14800,18100,14800,14800,8100,5400,4400,3600,2900
brown trousers,9900,4400,8100,14800,18100,12100,9900,9900,8100,8100,6600,6600,5400
suede bag,8100,6600,12100,14800,12100,12100,9900,8100,6600,6600,6600,5400,3600
flat knee high boots,8100,3600,5400,14800,18100,18100,14800,8100,5400,4400,2400,1900,1600
suede handbags,8100,6600,12100,14800,12100,12100,9900,8100,6600,6600,6600,5400,3600
flat knee boots,8100,3600,5400,14800,18100,18100,14800,8100,5400,4400,2400,1900,1600
flat high boots,8100,3600,5400,14800,18100,18100,14800,8100,5400,4400,2400,1900,1600
suede pocketbook,8100,6600,12100,14800,12100,12100,9900,8100,6600,6600,6600,5400,3600
bag suede,8100,6600,12100,14800,12100,12100,9900,8100,6600,6600,6600,5400,3600
purse suede,8100,6600,12100,14800,12100,12100,9900,8100,6600,6600,6600,5400,3600
brown ankle boots,8100,1900,5400,14800,18100,18100,12100,8100,6600,4400,2400,1900,1600
ankle booties for women,8100,2900,5400,14800,18100,18100,18100,9900,6600,4400,2900,2400,1600
female ankle boots,8100,2900,5400,14800,18100,18100,18100,9900,6600,4400,2900,2400,1600
ladies ankle shoes,8100,2900,5400,14800,18100,18100,18100,9900,6600,4400,2900,2400,1600
sweatshirts for women,8100,4400,6600,14800,14800,12100,9900,9900,8100,9900,8100,6600,4400
brown leggings,8100,1900,4400,14800,18100,14800,12100,9900,6600,5400,3600,2900,1900
ladies jumpers,8100,1300,3600,14800,18100,22200,18100,9900,6600,4400,2900,1900,1000
parka coat,8100,5400,6600,14800,14800,18100,12100,9900,6600,4400,3600,3600,2400
mens waterproof trousers,8100,3600,4400,14800,12100,18100,12100,12100,9900,5400,3600,3600,4400
large cardigan sweater,6600,3600,6600,14800,12100,9900,8100,6600,5400,6600,6600,4400,2900
long cardigan,6600,3600,6600,14800,12100,9900,8100,6600,5400,6600,6600,4400,2900
brown ankle boots women,6600,1600,4400,14800,18100,14800,12100,8100,5400,3600,1900,1300,1000
burgundy cardigan,6600,1900,5400,14800,12100,12100,9900,4400,2900,2900,1900,1600,1000
ladies brown ankle boots,6600,1600,4400,14800,18100,14800,12100,8100,5400,3600,1900,1300,1000
baby coat,6600,3600,6600,14800,9900,8100,6600,5400,4400,4400,3600,2900,2400
ladies winter coats,5400,1600,5400,14800,14800,14800,8100,6600,2900,1000,720,480,590
ladies waterproof jacket,5400,5400,6600,14800,6600,5400,3600,2900,3600,3600,2900,4400,5400
summer dress for women,27100,49500,27100,12100,8100,8100,9900,22200,22200,27100,40500,60500,60500
christmas dress,22200,1600,3600,12100,33100,90500,90500,880,590,720,590,720,720
schiaparelli,22200,12100,8100,12100,14800,12100,18100,22200,22200,40500,40500,40500,33100
cargo shorts,18100,40500,27100,12100,8100,6600,5400,6600,8100,14800,22200,40500,40500
mens cargo shorts,18100,40500,27100,12100,6600,5400,4400,6600,8100,14800,22200,40500,33100
linen shirt,18100,40500,22200,12100,8100,6600,6600,9900,9900,14800,22200,40500,49500
self portrait dress,18100,22200,14800,12100,12100,12100,12100,14800,14800,18100,22200,22200,22200
maxi dresses for women,18100,22200,14800,12100,9900,9900,8100,12100,12100,18100,22200,27100,27100
men's cargo shorts,18100,40500,27100,12100,6600,5400,4400,6600,8100,14800,22200,40500,33100
tshirt dress women,14800,22200,14800,12100,9900,9900,8100,12100,12100,14800,18100,22200,22200
ladies shirt dress,14800,22200,14800,12100,9900,9900,8100,12100,12100,14800,18100,22200,22200
tshirt dress for women,14800,22200,14800,12100,9900,9900,8100,12100,12100,14800,18100,22200,22200
women tshirt dress,14800,22200,14800,12100,9900,9900,8100,12100,12100,14800,18100,22200,22200
gym shorts,14800,27100,18100,12100,12100,12100,12100,14800,12100,14800,14800,22200,22200
white jeans,14800,12100,12100,12100,12100,12100,12100,12100,12100,22200,22200,22200,14800
white mini dress,14800,22200,14800,12100,14800,8100,8100,12100,12100,18100,18100,22200,27100
t shirts for men,14800,18100,14800,12100,9900,14800,14800,8100,8100,12100,14800,18100,18100
mens ski jacket,14800,3600,5400,12100,18100,33100,27100,40500,22200,12100,3600,2400,1900
mens running shorts,14800,14800,14800,12100,9900,12100,14800,12100,12100,14800,18100,18100,14800
running shorts women,14800,22200,18100,12100,8100,6600,8100,9900,12100,22200,27100,27100,22200
sahara clothing,14800,14800,14800,12100,14800,12100,9900,12100,12100,14800,18100,18100,18100
joe brown dresses,14800,18100,12100,12100,12100,12100,9900,9900,12100,14800,18100,22200,22200
ed hardy jeans,14800,12100,14800,12100,14800,22200,22200,14800,12100,12100,9900,9900,9900
mng clothing,14800,14800,12100,12100,14800,14800,14800,14800,12100,14800,18100,18100,18100
maria b pk,14800,9900,12100,12100,14800,14800,14800,18100,18100,14800,18100,18100,12100
gym outfit men,14800,12100,12100,12100,14800,18100,22200,18100,14800,14800,12100,12100,9900
gym apparel for men,14800,12100,12100,12100,14800,18100,22200,18100,14800,14800,12100,12100,9900
gym dress for men,14800,12100,12100,12100,14800,18100,22200,18100,14800,14800,12100,12100,9900
nishat linen pk,14800,9900,9900,12100,14800,14800,14800,18100,12100,12100,14800,18100,14800
overcoat men,12100,3600,5400,12100,18100,27100,27100,18100,12100,8100,4400,2900,1900
chelsea boots men,12100,6600,8100,12100,18100,22200,22200,14800,12100,9900,8100,8100,6600
mens over coat,12100,3600,5400,12100,18100,27100,27100,18100,12100,8100,4400,2900,1900
men's overcoats,12100,3600,5400,12100,18100,27100,27100,18100,12100,8100,4400,2900,1900
over coat for men,12100,3600,5400,12100,18100,27100,27100,18100,12100,8100,4400,2900,1900
mens dress chelsea boots,12100,6600,8100,12100,18100,22200,22200,14800,12100,9900,8100,8100,6600
male chelsea boots,12100,6600,8100,12100,18100,22200,22200,14800,12100,9900,8100,8100,6600
topcoats mens,12100,3600,5400,12100,18100,27100,27100,18100,12100,8100,4400,2900,1900
chelsea dress boots mens,12100,6600,8100,12100,18100,22200,22200,14800,12100,9900,8100,8100,6600
topcoats for men,12100,3600,5400,12100,18100,27100,27100,18100,12100,8100,4400,2900,1900
male overcoat,12100,3600,5400,12100,18100,27100,27100,18100,12100,8100,4400,2900,1900
boots chelsea mens,12100,6600,8100,12100,18100,22200,22200,14800,12100,9900,8100,8100,6600
chelsea boots guys,12100,6600,8100,12100,18100,22200,22200,14800,12100,9900,8100,8100,6600
chelsea boots on men,12100,6600,8100,12100,18100,22200,22200,14800,12100,9900,8100,8100,6600
men with chelsea boots,12100,6600,8100,12100,18100,22200,22200,14800,12100,9900,8100,8100,6600
plus size swimwear,12100,22200,18100,12100,8100,4400,3600,9900,9900,12100,14800,18100,14800
womens swimsuits,12100,14800,14800,12100,8100,6600,6600,12100,12100,12100,12100,14800,14800
sweatpants,12100,9900,9900,12100,12100,14800,12100,12100,9900,9900,9900,9900,8100
yoga pants,12100,9900,9900,12100,12100,12100,9900,12100,12100,12100,12100,9900,9900
purple dress,12100,14800,12100,12100,18100,9900,6600,9900,9900,12100,12100,12100,12100
satin dress,12100,14800,12100,12100,12100,12100,12100,12100,9900,12100,12100,14800,14800
mens chino shorts,12100,22200,18100,12100,5400,4400,3600,5400,6600,8100,12100,18100,18100
ladies dresses,12100,18100,14800,12100,9900,9900,9900,9900,12100,12100,14800,14800,14800
mens overcoat,12100,3600,5400,12100,18100,27100,27100,18100,12100,8100,4400,2900,1900
kids clothes sale,12100,12100,12100,12100,12100,14800,27100,14800,9900,12100,12100,9900,9900
running jacket,12100,3600,5400,12100,14800,22200,22200,27100,14800,12100,8100,6600,4400
walking trousers,12100,6600,8100,12100,12100,12100,12100,14800,12100,12100,12100,9900,8100
moose knuckle coat,12100,2400,4400,12100,18100,33100,22200,18100,14800,6600,3600,2900,1900
baby swimwear,12100,12100,12100,12100,9900,8100,8100,14800,12100,9900,9900,12100,9900
gym tops,12100,12100,9900,12100,12100,18100,18100,18100,14800,14800,12100,12100,9900
mens holiday clothes,12100,18100,14800,12100,6600,5400,4400,9900,9900,14800,18100,22200,18100
baggy jeans men,12100,9900,9900,12100,14800,18100,18100,12100,9900,12100,9900,8100,6600
clothing sales,12100,12100,12100,12100,9900,12100,27100,14800,9900,9900,9900,9900,9900
vest tops,12100,22200,18100,12100,8100,8100,6600,8100,8100,12100,14800,22200,22200
black shirts,12100,12100,12100,12100,14800,12100,9900,9900,8100,9900,9900,9900,12100
womens coats sale,12100,3600,6600,12100,14800,22200,33100,27100,14800,9900,5400,3600,2400
womens t shirt,12100,18100,14800,12100,8100,8100,9900,8100,8100,14800,18100,22200,18100
apple bottom jeans,12100,14800,14800,12100,12100,14800,12100,12100,9900,12100,9900,8100,8100
childrens clothes sale,12100,12100,12100,12100,12100,14800,27100,14800,9900,12100,12100,9900,9900
mens designer sweatshirts,12100,5400,6600,12100,14800,22200,22200,9900,9900,12100,6600,5400,3600
black sweatshirt mens,12100,5400,8100,12100,14800,22200,22200,12100,9900,9900,8100,6600,4400
style up,12100,6600,8100,12100,14800,18100,18100,12100,8100,9900,9900,9900,8100
shirt clothes for men,12100,14800,12100,12100,12100,14800,14800,9900,8100,12100,12100,14800,14800
flannel shirts,12100,9900,9900,12100,14800,14800,14800,9900,9900,12100,12100,9900,9900
flannelette shirt,12100,9900,9900,12100,14800,14800,14800,9900,9900,12100,12100,9900,9900
flan shirt,12100,9900,9900,12100,14800,14800,14800,9900,9900,12100,12100,9900,9900
flannel and shirt,12100,9900,9900,12100,14800,14800,14800,9900,9900,12100,12100,9900,9900
flannel with shirt,12100,9900,9900,12100,14800,14800,14800,9900,9900,12100,12100,9900,9900
satin skirt,9900,12100,12100,12100,12100,14800,14800,8100,6600,8100,9900,9900,9900
long sleeve midi dress,9900,6600,8100,12100,12100,12100,8100,9900,8100,9900,8100,8100,6600
long sleeve mini dress,9900,4400,6600,12100,14800,18100,18100,12100,9900,9900,8100,5400,4400
pink cardigan,9900,8100,9900,12100,12100,8100,6600,8100,9900,12100,9900,8100,4400
red cardigan,9900,4400,8100,12100,12100,14800,18100,6600,8100,8100,6600,5400,3600
barrel leg jeans,9900,5400,9900,12100,12100,9900,8100,9900,12100,12100,12100,8100,5400
red cardigan sweater,9900,4400,8100,12100,12100,14800,18100,6600,8100,8100,6600,5400,3600
pink cardigan sweater,9900,8100,9900,12100,12100,8100,6600,8100,9900,12100,9900,8100,4400
long sleeve mini,9900,4400,6600,12100,14800,18100,18100,12100,9900,9900,8100,5400,4400
flared trouser,9900,8100,12100,12100,9900,12100,9900,9900,8100,9900,8100,8100,6600
skirt satin,9900,12100,12100,12100,12100,14800,14800,8100,6600,8100,9900,9900,9900
dress long sleeve midi,9900,6600,8100,12100,12100,12100,8100,9900,8100,9900,8100,8100,6600
dress midi long sleeve,9900,6600,8100,12100,12100,12100,8100,9900,8100,9900,8100,8100,6600
long sleeve mid dress,9900,6600,8100,12100,12100,12100,8100,9900,8100,9900,8100,8100,6600
leather jacket men,9900,4400,6600,12100,14800,18100,14800,12100,9900,9900,8100,6600,4400
dealer boots,9900,9900,9900,12100,12100,14800,12100,9900,8100,9900,8100,8100,8100
mens down coat,9900,2900,4400,12100,14800,22200,14800,14800,8100,6600,3600,2900,1600
down jackets for men,9900,2900,4400,12100,14800,22200,14800,14800,8100,6600,3600,2900,1600
men's goose down jacket,9900,2900,4400,12100,14800,22200,14800,14800,8100,6600,3600,2900,1600
male trench coat,9900,3600,5400,12100,14800,18100,14800,12100,8100,8100,5400,4400,3600
mens trench overcoat,9900,3600,5400,12100,14800,18100,14800,12100,8100,8100,5400,4400,3600
mens feather down jacket,9900,2900,4400,12100,14800,22200,14800,14800,8100,6600,3600,2900,1600
trench coat guy,9900,3600,5400,12100,14800,18100,14800,12100,8100,8100,5400,4400,3600
amiri jeans,9900,9900,9900,12100,9900,9900,12100,9900,8100,9900,8100,6600,5400
mens bomber jacket,9900,4400,5400,12100,12100,14800,14800,8100,8100,9900,8100,6600,4400
wool coat women,9900,1600,4400,12100,18100,22200,18100,14800,6600,3600,1900,1000,720
trench coat men,9900,3600,5400,12100,14800,18100,14800,12100,8100,8100,5400,4400,3600
womens workwear,9900,9900,12100,12100,9900,6600,5400,12100,9900,9900,9900,8100,8100
helly hansen jacket,9900,4400,6600,12100,12100,18100,14800,14800,9900,8100,6600,6600,5400
cropped jacket,9900,8100,9900,12100,12100,9900,8100,8100,9900,14800,14800,12100,6600
blue jeans,9900,9900,9900,12100,12100,14800,14800,9900,9900,12100,9900,8100,6600
hi vis jacket,9900,8100,8100,12100,14800,18100,9900,12100,9900,9900,6600,6600,6600
down jacket men,9900,2900,4400,12100,14800,22200,14800,14800,8100,6600,3600,2900,1600
outdoor clothing,9900,8100,8100,12100,14800,14800,12100,12100,8100,8100,6600,6600,6600
y2k fashion,9900,9900,12100,12100,12100,12100,8100,8100,9900,12100,12100,12100,9900
kids tracksuits,9900,5400,6600,12100,14800,22200,22200,8100,8100,9900,6600,5400,3600
petite trousers,9900,8100,9900,12100,9900,9900,8100,9900,8100,9900,12100,9900,8100
tracksuit bottoms,9900,6600,8100,12100,14800,18100,14800,12100,9900,9900,8100,8100,6600
girls tracksuit,9900,4400,6600,12100,14800,22200,18100,9900,8100,8100,5400,5400,4400
mens walking trousers,9900,5400,6600,12100,12100,14800,14800,14800,12100,12100,8100,8100,5400
grey tracksuit,9900,5400,8100,12100,14800,18100,14800,12100,9900,9900,8100,6600,4400
down jackets,9900,3600,5400,12100,14800,22200,14800,14800,8100,6600,4400,3600,2900
flared trousers,9900,8100,12100,12100,9900,12100,9900,9900,8100,9900,8100,8100,6600
ladies trouser suits,9900,9900,9900,12100,9900,8100,5400,12100,12100,14800,14800,12100,8100
office wear for ladies,9900,9900,12100,12100,9900,6600,5400,12100,9900,9900,9900,8100,8100
schoffel gilet,9900,6600,6600,12100,14800,18100,18100,9900,8100,9900,8100,8100,8100
cardigan women,8100,6600,9900,12100,9900,9900,9900,6600,5400,8100,8100,8100,5400
long sleeve wedding guest dresses,8100,6600,8100,12100,9900,5400,3600,8100,8100,9900,8100,8100,5400
ankle wellies womens,8100,2900,3600,12100,12100,14800,12100,9900,8100,5400,2900,2400,2900
ladies ankle wellies,8100,2900,3600,12100,12100,14800,12100,9900,8100,5400,2900,2400,2900
ankle wellington boots womens,8100,2900,3600,12100,12100,14800,12100,9900,8100,5400,2900,2400,2900
long sleeve wedding guest outfit,8100,6600,8100,12100,9900,5400,3600,8100,8100,9900,8100,8100,5400
long sleeve dresses for weddings,8100,9900,9900,12100,9900,8100,6600,12100,8100,8100,8100,8100,6600
parka men coat,8100,2900,4400,12100,18100,22200,18100,12100,6600,3600,1900,1600,1300
work clothes,8100,8100,8100,12100,9900,8100,5400,8100,8100,8100,6600,6600,6600
black jeans women,8100,5400,8100,12100,12100,14800,12100,9900,8100,8100,6600,5400,3600
aviator jacket,8100,2400,4400,12100,14800,18100,14800,9900,6600,5400,3600,2400,1600
parka jacket,8100,8100,8100,12100,14800,14800,12100,9900,6600,5400,3600,5400,2900
mens parka jacket,8100,2900,4400,12100,18100,22200,18100,12100,6600,3600,1900,1600,1300
baby christmas outfit,8100,4400,6600,12100,14800,27100,22200,880,880,1300,1300,1300,1900
black puffer jacket women,8100,2400,6600,12100,14800,18100,14800,12100,6600,4400,2400,1600,1000
long winter coat women,8100,2400,4400,12100,14800,22200,12100,12100,4400,2400,1900,1300,720
mens black cargo pants,8100,6600,8100,12100,12100,12100,12100,8100,8100,8100,6600,5400,4400
mens parka coat,8100,2900,4400,12100,18100,22200,18100,12100,6600,3600,1900,1600,1300
brown loafers women,6600,3600,6600,12100,9900,5400,4400,8100,6600,6600,5400,4400,2900
wool jumper,6600,2400,4400,12100,12100,14800,14800,9900,5400,3600,2900,2400,1900
mens waterproof coat,6600,1900,2900,12100,9900,14800,12100,6600,5400,2400,1300,1300,1600
mens winter dress coats,6600,1600,4400,12100,14800,18100,9900,8100,2900,1600,880,880,880
pufferjackets,6600,1900,5400,12100,12100,14800,8100,8100,4400,4400,2400,1600,1300
winter mens overcoat,6600,1600,4400,12100,14800,18100,9900,8100,2900,1600,880,880,880
overcoat for men winter,6600,1600,4400,12100,14800,18100,9900,8100,2900,1600,880,880,880
burgundy leather jacket,5400,1600,4400,12100,12100,9900,6600,5400,4400,4400,2900,2400,1300
burgundy leather coat,5400,1600,4400,12100,12100,9900,6600,5400,4400,4400,2900,2400,1300
petite trench coat,5400,1900,4400,12100,8100,6600,4400,3600,4400,6600,4400,2400,1600
knitwear women,5400,1600,4400,12100,12100,12100,9900,5400,3600,2900,1900,1600,880
brown wide leg pants,5400,2400,5400,12100,12100,8100,5400,5400,5400,5400,4400,3600,2900
brown wide leg trousers,5400,2400,5400,12100,12100,8100,5400,5400,5400,5400,4400,3600,2900
petite trench,5400,1900,4400,12100,8100,6600,4400,3600,4400,6600,4400,2400,1600
petite mac coat,5400,1900,4400,12100,8100,6600,4400,3600,4400,6600,4400,2400,1600
trench coat petite size,5400,1900,4400,12100,8100,6600,4400,3600,4400,6600,4400,2400,1600
petite size trench coat,5400,1900,4400,12100,8100,6600,4400,3600,4400,6600,4400,2400,1600
wide leg trousers brown,5400,2400,5400,12100,12100,8100,5400,5400,5400,5400,4400,3600,2900
petite trench jacket,5400,1900,4400,12100,8100,6600,4400,3600,4400,6600,4400,2400,1600
brown trousers wide leg,5400,2400,5400,12100,12100,8100,5400,5400,5400,5400,4400,3600,2900
brown pants wide leg,5400,2400,5400,12100,12100,8100,5400,5400,5400,5400,4400,3600,2900
trench petite coat,5400,1900,4400,12100,8100,6600,4400,3600,4400,6600,4400,2400,1600
winter clothes,5400,2900,5400,12100,9900,12100,5400,4400,1900,1300,1000,1300,1600
suede bomber jacket,5400,1900,9900,12100,8100,5400,3600,3600,4400,8100,5400,3600,1600
bomber jacket in suede,5400,1900,9900,12100,8100,5400,3600,3600,4400,8100,5400,3600,1600
trench coat with hood,4400,1900,4400,12100,6600,4400,2900,2900,4400,4400,2900,2400,2400
trench with hood,4400,1900,4400,12100,6600,4400,2900,2900,4400,4400,2900,2400,2400
trench raincoat with hood,4400,1900,4400,12100,6600,4400,2900,2900,4400,4400,2900,2400,2400
trench jacket with hood,4400,1900,4400,12100,6600,4400,2900,2900,4400,4400,2900,2400,2400
hooded raincoats for women,4400,4400,5400,12100,6600,4400,2400,2900,3600,2900,2900,3600,6600
teddy jacket,4400,880,2400,12100,12100,8100,6600,4400,2400,2400,1600,880,480
capri pants,22200,22200,18100,9900,9900,9900,6600,8100,9900,27100,49500,60500,49500
christmas party outfit,22200,880,1900,9900,33100,110000,74000,720,480,390,320,260,260
races dresses,22200,33100,22200,9900,2900,2900,2900,14800,22200,49500,40500,33100,40500
womens shorts,18100,40500,27100,9900,6600,5400,5400,9900,9900,14800,22200,40500,40500
linen trousers women,18100,33100,18100,9900,5400,4400,4400,9900,9900,18100,27100,40500,33100
reformation dresses,14800,18100,14800,9900,9900,12100,8100,12100,12100,18100,22200,22200,22200
beach dresses,14800,27100,22200,9900,6600,5400,5400,12100,12100,12100,14800,27100,27100
holiday outfits,14800,18100,14800,9900,6600,4400,4400,12100,12100,18100,22200,27100,27100
white maxi dress,12100,22200,14800,9900,8100,8100,6600,9900,9900,12100,14800,18100,18100
sage green dress,12100,14800,12100,9900,6600,6600,4400,12100,9900,12100,14800,14800,14800
cycling shorts,12100,22200,18100,9900,6600,5400,4400,5400,5400,9900,14800,22200,22200
maternity swimwear,12100,14800,12100,9900,8100,6600,6600,14800,14800,14800,14800,18100,12100
mens short sleeve shirts,12100,22200,18100,9900,6600,8100,8100,6600,6600,8100,9900,18100,22200
black shorts,12100,18100,14800,9900,14800,9900,12100,8100,8100,12100,12100,18100,22200
mens linen trousers,12100,27100,14800,9900,5400,5400,4400,8100,8100,9900,14800,22200,27100
stunning wedding guest dresses,12100,18100,14800,9900,6600,3600,2900,12100,14800,18100,14800,14800,12100
smocked dress,12100,18100,12100,9900,8100,8100,8100,8100,8100,9900,12100,14800,14800
pink dress for women,12100,18100,12100,9900,8100,6600,5400,9900,9900,14800,14800,18100,14800
midi dress for women,12100,14800,12100,9900,8100,8100,6600,8100,9900,12100,14800,18100,18100
aybl leggings,12100,6600,9900,9900,12100,18100,18100,18100,14800,18100,14800,9900,8100
green wedding guest dress,12100,14800,12100,9900,6600,4400,3600,9900,9900,14800,14800,18100,14800
ibiza outfits,12100,22200,18100,9900,1900,1300,1300,8100,8100,12100,18100,22200,27100
apricot dresses,12100,22200,14800,9900,8100,9900,8100,8100,8100,9900,12100,18100,18100
80s outfits,12100,12100,9900,9900,9900,9900,9900,14800,12100,12100,12100,12100,9900
reserved clothing,12100,12100,12100,9900,12100,12100,12100,14800,9900,12100,9900,12100,9900
charizma pk,12100,6600,12100,9900,12100,14800,22200,14800,14800,12100,12100,9900,9900
1980s outfit,12100,12100,9900,9900,9900,9900,9900,14800,12100,12100,12100,12100,9900
long sleeve long black dress,9900,4400,5400,9900,14800,18100,14800,12100,9900,8100,5400,4400,3600
baby shower dresses,9900,12100,12100,9900,9900,6600,4400,12100,9900,12100,12100,9900,9900
skinny jeans,9900,6600,8100,9900,12100,12100,12100,12100,9900,9900,8100,6600,4400
denim jacket women,9900,12100,12100,9900,6600,4400,3600,4400,6600,12100,18100,14800,9900
sexy dresses,9900,9900,9900,9900,9900,9900,9900,9900,9900,8100,8100,8100,8100
ladies pyjamas,9900,4400,5400,9900,12100,27100,33100,8100,6600,6600,4400,4400,3600
jean jacket women,9900,12100,12100,9900,6600,4400,3600,4400,6600,12100,18100,14800,9900
juicy tracksuit,9900,6600,8100,9900,14800,14800,14800,9900,6600,8100,6600,5400,4400
black and white dress,9900,14800,12100,9900,8100,8100,6600,8100,6600,8100,9900,9900,9900
sexy outfits,9900,9900,9900,9900,12100,9900,12100,12100,9900,9900,9900,9900,8100
wedding outfits for women,9900,12100,12100,9900,6600,4400,3600,12100,12100,12100,12100,12100,9900
mens tracksuit set,9900,3600,5400,9900,12100,18100,18100,9900,8100,8100,6600,5400,3600
hiking trousers,9900,6600,8100,9900,8100,9900,8100,14800,9900,12100,9900,9900,9900
gym leggings women,9900,6600,8100,9900,9900,12100,14800,14800,12100,12100,8100,6600,5400
mens graphic t shirts,9900,14800,12100,9900,8100,12100,14800,5400,6600,8100,9900,12100,12100
mother of the groom outfits,9900,12100,9900,9900,8100,5400,4400,14800,12100,9900,8100,8100,6600
womens walking trousers,9900,6600,8100,9900,9900,9900,8100,14800,9900,12100,9900,9900,6600
folk clothing,9900,9900,8100,9900,9900,12100,12100,9900,8100,8100,9900,9900,9900
mens black trousers,9900,8100,12100,9900,9900,9900,9900,8100,8100,8100,8100,6600,6600
jeans jacket women,9900,12100,12100,9900,6600,4400,3600,4400,6600,12100,18100,14800,9900
black dress long sleeve,9900,4400,5400,9900,14800,18100,14800,12100,9900,8100,5400,4400,3600
concert outfit,9900,14800,12100,9900,8100,9900,5400,8100,8100,8100,18100,12100,18100
gym tops for women,9900,9900,8100,9900,9900,12100,12100,14800,12100,12100,9900,8100,8100
cowboy outfit,9900,12100,9900,9900,18100,6600,4400,6600,5400,6600,8100,8100,9900
nighty dress,9900,14800,12100,9900,9900,12100,12100,9900,8100,9900,8100,9900,9900
john galliano,9900,9900,8100,9900,9900,8100,6600,9900,8100,18100,8100,12100,6600
ladies cardigans,8100,4400,6600,9900,8100,8100,8100,6600,5400,8100,8100,8100,5400
ladies cardigan sweaters,8100,4400,6600,9900,8100,8100,8100,6600,5400,8100,8100,8100,5400
dress long black,8100,6600,6600,9900,12100,12100,8100,8100,6600,6600,5400,5400,5400
mens trench coat,8100,2900,4400,9900,14800,14800,12100,9900,6600,6600,3600,2900,2400
mens puffer coat,8100,1300,2900,9900,14800,22200,18100,9900,4400,2400,1300,880,720
long puffer coats,8100,1300,2900,9900,12100,22200,14800,14800,5400,2400,1000,720,480
heated jacket,8100,1300,2400,9900,14800,33100,14800,14800,5400,2400,1300,1000,720
mens cargo pants,8100,5400,6600,9900,12100,14800,14800,8100,8100,8100,8100,6600,5400
boyfriend jeans,8100,8100,9900,9900,9900,8100,8100,8100,8100,8100,8100,6600,4400
leggings for women,8100,5400,6600,9900,9900,9900,9900,8100,6600,8100,6600,6600,4400
long puffer coat,8100,1300,2900,9900,12100,22200,14800,14800,5400,2400,1000,720,480
mens fashion,8100,8100,8100,9900,9900,9900,9900,8100,6600,8100,8100,6600,5400
work clothes for women,8100,8100,9900,9900,6600,5400,5400,8100,6600,8100,6600,6600,6600
leather trousers,8100,3600,4400,9900,14800,18100,14800,9900,8100,8100,4400,3600,2400
boys hoodies,8100,3600,5400,9900,12100,18100,18100,5400,5400,6600,5400,4400,2900
1920s fashion,8100,8100,8100,9900,12100,12100,9900,12100,8100,8100,6600,6600,5400
sportswear,8100,8100,8100,9900,8100,8100,8100,8100,6600,6600,6600,6600,6600
scruffs work trousers,8100,5400,6600,9900,9900,9900,6600,8100,8100,8100,6600,6600,5400
girls jackets,8100,5400,9900,9900,9900,9900,8100,6600,6600,9900,8100,5400,3600
mens blazer jacket,8100,6600,6600,9900,9900,9900,9900,8100,6600,8100,8100,8100,5400
girls hoodies,8100,4400,5400,9900,9900,18100,18100,5400,5400,5400,4400,4400,3600
mens hoodies sale,8100,3600,5400,9900,12100,18100,22200,9900,6600,6600,5400,4400,2900
engagement party dresses,8100,8100,9900,9900,9900,5400,4400,9900,8100,6600,6600,6600,6600
men's slim fit jeans,8100,5400,6600,9900,9900,12100,12100,8100,8100,8100,6600,5400,4400
flare jeans men,8100,6600,8100,9900,9900,9900,12100,9900,6600,8100,6600,5400,4400
mens grey jeans,8100,6600,6600,9900,12100,14800,14800,8100,8100,8100,5400,5400,4400
mens sports jacket,8100,6600,6600,9900,9900,9900,9900,8100,6600,8100,8100,8100,5400
running jacket men,8100,2900,3600,9900,9900,14800,18100,14800,9900,6600,5400,4400,2900
black tracksuit,8100,4400,6600,9900,12100,14800,12100,9900,6600,6600,5400,4400,3600
brown maxi dress,8100,8100,8100,9900,9900,8100,5400,6600,6600,8100,8100,8100,8100
mens slim jeans,8100,5400,6600,9900,9900,12100,12100,8100,8100,8100,6600,5400,4400
mens rab jacket,8100,1900,4400,9900,14800,22200,18100,12100,8100,5400,3600,2900,2400
women jackets sale,8100,4400,6600,9900,9900,12100,12100,12100,8100,9900,8100,5400,3600
virgil abloh,8100,6600,6600,9900,12100,8100,6600,9900,8100,9900,8100,6600,6600
going out clothes women,8100,5400,6600,9900,9900,9900,8100,9900,9900,9900,8100,6600,5400
phoebe philo,8100,8100,6600,9900,9900,8100,8100,9900,8100,9900,8100,8100,9900
going out outfits women,8100,5400,6600,9900,9900,9900,8100,9900,9900,9900,8100,6600,5400
woolen jacket for women,8100,1600,3600,9900,14800,18100,14800,12100,6600,3600,1900,1000,720
overshirts,8100,6600,6600,9900,9900,12100,12100,8100,6600,8100,8100,8100,6600
overshirt shirt,8100,6600,6600,9900,9900,12100,12100,8100,6600,8100,8100,8100,6600
over the knee boots,6600,2400,4400,9900,12100,14800,12100,6600,4400,2900,1900,1600,1300
faux leather jacket,6600,2400,5400,9900,12100,9900,8100,6600,6600,8100,6600,4400,2400
knee high boots for women,6600,1600,3600,9900,14800,18100,18100,9900,5400,3600,1900,1600,1000
faux leather blazer,6600,2400,5400,9900,12100,9900,8100,6600,6600,8100,6600,4400,2400
knee high heeled boots,6600,2900,4400,9900,12100,14800,12100,6600,5400,3600,2400,1900,1300
black knee high boots flat,6600,1900,3600,9900,12100,14800,12100,6600,4400,2900,1600,1300,1000
over the knee high boots,6600,2400,4400,9900,12100,14800,12100,6600,4400,2900,1900,1600,1300
faux leather coat,6600,2400,5400,9900,12100,9900,8100,6600,6600,8100,6600,4400,2400
pleather jacket,6600,2400,5400,9900,12100,9900,8100,6600,6600,8100,6600,4400,2400
above the knee boots,6600,2400,4400,9900,12100,14800,12100,6600,4400,2900,1900,1600,1300
high heel knee high boots,6600,2900,4400,9900,12100,14800,12100,6600,5400,3600,2400,1900,1300
heeled knee boots,6600,2900,4400,9900,12100,14800,12100,6600,5400,3600,2400,1900,1300
fake leather jackets,6600,2400,5400,9900,12100,9900,8100,6600,6600,8100,6600,4400,2400
black flat high boots,6600,1900,3600,9900,12100,14800,12100,6600,4400,2900,1600,1300,1000
fake leather coat,6600,2400,5400,9900,12100,9900,8100,6600,6600,8100,6600,4400,2400
jacket faux leather,6600,2400,5400,9900,12100,9900,8100,6600,6600,8100,6600,4400,2400
leather & faux leather jackets,6600,2400,5400,9900,12100,9900,8100,6600,6600,8100,6600,4400,2400
black trench coat women,6600,2900,4400,9900,9900,9900,8100,8100,8100,8100,6600,4400,2400
black wide leg trousers,6600,5400,8100,9900,9900,9900,8100,8100,5400,6600,5400,5400,4400
petite wide leg pants,6600,8100,8100,9900,6600,5400,5400,5400,4400,6600,6600,6600,4400
petite wide leg trousers,6600,8100,8100,9900,6600,5400,5400,5400,4400,6600,6600,6600,4400
short wellies,6600,3600,3600,9900,9900,12100,9900,6600,6600,4400,2400,1900,2400
heeled ankle boots,6600,2900,4400,9900,12100,14800,12100,8100,6600,5400,2900,2400,1600
slouchy boots,6600,3600,8100,9900,12100,9900,8100,6600,4400,4400,2900,2900,2400
suede loafers women,6600,4400,6600,9900,6600,3600,2900,4400,6600,9900,8100,5400,3600
short wellington boots,6600,3600,3600,9900,9900,12100,9900,6600,6600,4400,2400,1900,2400
brown heel boots,6600,1900,4400,9900,12100,14800,12100,8100,6600,5400,2900,1600,1300
short welly boots,6600,3600,3600,9900,9900,12100,9900,6600,6600,4400,2400,1900,2400
ladies black trench coat,6600,2900,4400,9900,9900,9900,8100,8100,8100,8100,6600,4400,2400
ladies suede loafers,6600,4400,6600,9900,6600,3600,2900,4400,6600,9900,8100,5400,3600
petite wide leg dress pants,6600,8100,8100,9900,6600,5400,5400,5400,4400,6600,6600,6600,4400
womens black trench,6600,2900,4400,9900,9900,9900,8100,8100,8100,8100,6600,4400,2400
petite trousers wide leg,6600,8100,8100,9900,6600,5400,5400,5400,4400,6600,6600,6600,4400
black mac coat womens,6600,2900,4400,9900,9900,9900,8100,8100,8100,8100,6600,4400,2400
suede penny loafers womens,6600,4400,6600,9900,6600,3600,2900,4400,6600,9900,8100,5400,3600
wide legs pants petite,6600,8100,8100,9900,6600,5400,5400,5400,4400,6600,6600,6600,4400
black trench jacket women's,6600,2900,4400,9900,9900,9900,8100,8100,8100,8100,6600,4400,2400
trousers wide leg petite,6600,8100,8100,9900,6600,5400,5400,5400,4400,6600,6600,6600,4400
wide leg pants on petites,6600,8100,8100,9900,6600,5400,5400,5400,4400,6600,6600,6600,4400
mens casual coats,6600,4400,5400,9900,8100,9900,8100,5400,5400,8100,8100,6600,4400
cashmere sweater,6600,2900,5400,9900,12100,14800,12100,8100,5400,4400,3600,2900,2400
milwaukee heated jacket,6600,880,1600,9900,12100,27100,12100,12100,4400,1900,1000,880,720
black bomber jacket,6600,4400,6600,9900,9900,9900,8100,6600,6600,8100,6600,5400,3600
baby snowsuit,6600,2900,4400,9900,12100,14800,9900,9900,3600,1900,1600,1600,1900
flare jeans women,6600,5400,6600,9900,9900,8100,9900,8100,6600,8100,6600,4400,3600
puffer coat women,6600,1600,4400,9900,12100,18100,12100,12100,5400,2400,1300,880,880
knit sweater,6600,2900,6600,9900,9900,12100,9900,5400,4400,3600,2900,1900,1600
mens casual jackets,6600,4400,5400,9900,8100,9900,8100,5400,5400,8100,8100,6600,4400
dark blue jeans,6600,4400,6600,9900,9900,9900,9900,8100,6600,6600,5400,4400,3600
pinafore dress women,6600,3600,5400,9900,12100,9900,8100,6600,4400,3600,2900,2400,1900
velour garments,6600,5400,8100,9900,9900,14800,8100,5400,5400,4400,3600,6600,3600
chunky cardigan sweater,5400,2400,6600,9900,8100,6600,4400,8100,4400,3600,3600,2900,1300
bulky cardigan sweaters,5400,2400,6600,9900,8100,6600,4400,8100,4400,3600,3600,2900,1300
chunky loafers,5400,4400,6600,9900,8100,8100,5400,6600,5400,5400,4400,3600,2400
longline cardigan,5400,2400,4400,9900,8100,6600,6600,5400,3600,5400,5400,4400,2400
grey cardigan,5400,3600,6600,9900,8100,8100,5400,5400,4400,5400,4400,3600,2400
knit cardigan,5400,3600,6600,9900,8100,8100,6600,5400,4400,4400,3600,3600,2400
gray cardigan,5400,3600,6600,9900,8100,8100,5400,5400,4400,5400,4400,3600,2400
grey cardigan sweater,5400,3600,6600,9900,8100,8100,5400,5400,4400,5400,4400,3600,2400
chunky cardigans,5400,2400,6600,9900,8100,6600,4400,8100,4400,3600,3600,2900,1300
loafers chunky,5400,4400,6600,9900,8100,8100,5400,6600,5400,5400,4400,3600,2400
knit cardigan sweater,5400,3600,6600,9900,8100,8100,6600,5400,4400,4400,3600,3600,2400
work pants,5400,5400,6600,9900,6600,6600,4400,5400,5400,5400,5400,4400,4400
teddy coat,5400,1000,2400,9900,12100,14800,12100,8100,2900,1900,1000,590,390
kids jackets,5400,2900,5400,9900,6600,8100,6600,5400,3600,4400,3600,2900,2400
petite wide leg jeans,5400,3600,5400,9900,8100,6600,5400,5400,4400,5400,4400,2900,1900
petite coats,5400,1300,2900,9900,12100,14800,12100,8100,4400,2900,1600,1000,720
rab waterproof jacket,5400,3600,4400,9900,6600,9900,6600,6600,5400,3600,2900,3600,3600
brown hoodies,5400,2400,5400,9900,9900,9900,8100,6600,5400,4400,3600,2900,2400
workwear pants,5400,5400,6600,9900,6600,6600,4400,5400,5400,5400,5400,4400,4400
brown suede knee high boots,4400,720,2400,9900,12100,9900,8100,4400,2900,1900,1000,590,480
brown suede knee boots,4400,720,2400,9900,12100,9900,8100,4400,2900,1900,1000,590,480
chunky loafers women,4400,2400,5400,9900,6600,5400,3600,5400,4400,4400,2900,2400,1600
hooded coat,4400,1300,2900,9900,8100,8100,5400,4400,3600,1900,1300,1300,1000
womens long raincoat,3600,1900,2900,9900,5400,4400,2400,2900,2900,1600,1000,1600,2900
ladies long raincoat,3600,1900,2900,9900,5400,4400,2400,2900,2900,1600,1000,1600,2900
long waterproof coat,3600,1300,2400,9900,6600,8100,4400,5400,3600,1300,720,880,1300
waterproof trench coat,2900,1600,2900,9900,5400,3600,1900,2400,2900,2400,1600,1000,1600
suede trench coat,2900,720,3600,9900,6600,4400,2400,2400,1900,1900,1000,720,320
water resistant trench coat,2900,1600,2900,9900,5400,3600,1900,2400,2900,2400,1600,1000,1600
waterproof trench,2900,1600,2900,9900,5400,3600,1900,2400,2900,2400,1600,1000,1600
floral dress,14800,22200,14800,8100,6600,5400,6600,8100,12100,18100,22200,22200,18100
white linen trousers,14800,33100,18100,8100,4400,3600,3600,6600,8100,14800,22200,33100,33100
halter top,12100,14800,12100,8100,8100,6600,8100,12100,9900,12100,12100,14800,14800
wallis dresses,12100,18100,12100,8100,9900,9900,6600,8100,9900,12100,12100,14800,14800
petite wedding guest dresses,12100,14800,12100,8100,6600,3600,2400,8100,9900,14800,18100,18100,14800
palazzo pants,9900,12100,9900,8100,5400,5400,18100,6600,18100,8100,12100,14800,9900
crochet cardigans,9900,12100,12100,8100,6600,5400,4400,6600,6600,9900,14800,14800,12100
crochet cardigan sweater,9900,12100,12100,8100,6600,5400,4400,6600,6600,9900,14800,14800,12100
and palazzo pants,9900,12100,9900,8100,5400,5400,18100,6600,18100,8100,12100,14800,9900
thermal leggings,9900,1300,2400,8100,14800,33100,14800,27100,8100,3600,1900,1000,720
long dresses for women,9900,9900,8100,8100,8100,9900,8100,8100,8100,9900,9900,9900,9900
modest dresses,9900,12100,9900,8100,8100,8100,8100,8100,8100,12100,9900,12100,12100
petite jumpsuit,9900,12100,9900,8100,8100,9900,8100,8100,9900,12100,12100,12100,9900
boss t shirt,9900,14800,9900,8100,8100,12100,14800,5400,5400,6600,8100,9900,9900
short sleeve shirts,9900,18100,12100,8100,5400,5400,4400,4400,5400,8100,9900,14800,18100
axel arigato trainers,9900,8100,8100,8100,8100,12100,14800,9900,8100,8100,9900,8100,6600
running jacket women,9900,2900,3600,8100,9900,18100,18100,22200,12100,9900,6600,5400,3600
90s outfits,9900,9900,8100,8100,9900,9900,6600,12100,9900,12100,12100,12100,9900
gym shark shorts,9900,18100,12100,8100,8100,9900,9900,6600,6600,9900,12100,14800,14800
white cardigan,8100,9900,8100,8100,6600,5400,5400,5400,6600,9900,12100,12100,8100
white cardigan sweater,8100,9900,8100,8100,6600,5400,5400,5400,6600,9900,12100,12100,8100
wool coat men,8100,1600,2900,8100,12100,22200,22200,14800,6600,4400,1900,1300,1000
mens wool dress coat,8100,1600,2900,8100,12100,22200,22200,14800,6600,4400,1900,1300,1000
wool overcoat men's,8100,1600,2900,8100,12100,22200,22200,14800,6600,4400,1900,1300,1000
coat men wool,8100,1600,2900,8100,12100,22200,22200,14800,6600,4400,1900,1300,1000
coats for men wool,8100,1600,2900,8100,12100,22200,22200,14800,6600,4400,1900,1300,1000
woolen overcoat men's,8100,1600,2900,8100,12100,22200,22200,14800,6600,4400,1900,1300,1000
mens jacket woolen,8100,1600,2900,8100,12100,22200,22200,14800,6600,4400,1900,1300,1000
gents woolen coat,8100,1600,2900,8100,12100,22200,22200,14800,6600,4400,1900,1300,1000
jacket woolen for men,8100,1600,2900,8100,12100,22200,22200,14800,6600,4400,1900,1300,1000
wool coat male,8100,1600,2900,8100,12100,22200,22200,14800,6600,4400,1900,1300,1000
fleece lined leggings,8100,590,1600,8100,14800,27100,18100,18100,6600,2400,1300,1000,1900
emerald green dress,8100,9900,8100,8100,9900,9900,6600,8100,6600,8100,8100,8100,8100
long sleeve shirts,8100,6600,6600,8100,8100,8100,6600,6600,6600,8100,8100,8100,8100
silk dress,8100,12100,8100,8100,6600,6600,6600,8100,8100,9900,8100,9900,9900
wedding suits for men,8100,9900,9900,8100,6600,5400,4400,9900,8100,8100,8100,8100,6600
leather shorts,8100,5400,4400,8100,12100,14800,18100,8100,6600,8100,5400,4400,4400
navy blue dress,8100,9900,8100,8100,6600,6600,5400,6600,6600,8100,8100,8100,9900
activewear,8100,8100,8100,8100,8100,8100,8100,9900,8100,9900,8100,8100,8100
dresses for wedding,8100,12100,9900,8100,5400,3600,2400,8100,8100,9900,9900,9900,8100
alo leggings,8100,4400,5400,8100,8100,9900,12100,12100,9900,9900,9900,8100,6600
birthday dresses for women,8100,8100,8100,8100,8100,8100,6600,9900,6600,8100,6600,6600,6600
dsquared jeans,8100,6600,8100,8100,9900,9900,12100,8100,6600,8100,5400,5400,4400
long skirts,8100,12100,9900,8100,8100,6600,6600,8100,6600,8100,9900,12100,9900
nakd fashion,8100,6600,8100,8100,8100,12100,6600,6600,5400,6600,6600,8100,6600
baby girl dresses,8100,8100,8100,8100,8100,8100,8100,8100,9900,12100,8100,9900,6600
70s outfits,8100,8100,8100,8100,8100,6600,5400,9900,8100,8100,8100,6600,6600
birthday outfits,8100,6600,6600,8100,8100,6600,5400,9900,8100,8100,8100,6600,6600
goth clothing,8100,6600,8100,8100,9900,9900,8100,6600,5400,6600,6600,6600,5400
mens designer clothes,8100,8100,9900,8100,8100,12100,12100,6600,6600,8100,6600,6600,5400
men's wool coat,8100,1600,2900,8100,12100,22200,22200,14800,6600,4400,1900,1300,1000
dress for wedding,8100,12100,9900,8100,5400,3600,2400,8100,8100,9900,9900,9900,8100
crewneck,8100,6600,8100,8100,9900,9900,9900,9900,6600,6600,8100,6600,6600
oversized t shirt women,8100,14800,12100,8100,4400,3600,3600,3600,3600,5400,8100,9900,9900
mens designer shirts,8100,9900,8100,8100,8100,9900,12100,5400,6600,8100,6600,8100,8100
fast fashion,8100,5400,2400,8100,8100,22200,6600,8100,6600,8100,6600,8100,8100
premature baby clothes,8100,8100,8100,8100,9900,9900,9900,9900,6600,8100,6600,6600,6600
ferrari jacket,8100,8100,6600,8100,9900,9900,12100,8100,6600,9900,6600,5400,5400
women's cocktail dresses,8100,6600,6600,8100,9900,8100,5400,6600,6600,8100,8100,8100,6600
monsoon wedding dresses,8100,9900,9900,8100,6600,5400,4400,9900,8100,8100,6600,8100,8100
mens tracksuits sale,8100,3600,4400,8100,9900,14800,18100,8100,6600,6600,5400,5400,3600
scotch and soda clothing,8100,6600,6600,8100,8100,9900,9900,8100,6600,6600,6600,6600,6600
short skirt,8100,9900,9900,8100,8100,8100,8100,6600,6600,6600,6600,9900,8100
jeans and a nice top,8100,4400,5400,8100,6600,6600,6600,8100,9900,9900,9900,6600,4400
2000s fashion,8100,9900,8100,8100,8100,8100,6600,9900,8100,9900,8100,8100,8100
80s fashion women,8100,9900,8100,8100,8100,8100,6600,8100,6600,6600,6600,6600,5400
70 outfits,8100,8100,8100,8100,8100,6600,5400,9900,8100,8100,8100,6600,6600
mens designer wear,8100,8100,9900,8100,8100,12100,12100,6600,6600,8100,6600,6600,5400
gothic style clothing,8100,6600,8100,8100,9900,9900,8100,6600,5400,6600,6600,6600,5400
1970s outfit,8100,8100,8100,8100,8100,6600,5400,9900,8100,8100,8100,6600,6600
smart casual outfits for ladies,8100,6600,6600,8100,8100,8100,5400,8100,8100,9900,8100,8100,8100
00s fashion,8100,9900,8100,8100,8100,8100,6600,9900,8100,9900,8100,8100,8100
2000s style,8100,9900,8100,8100,8100,8100,6600,9900,8100,9900,8100,8100,8100
2000 style,8100,9900,8100,8100,8100,8100,6600,9900,8100,9900,8100,8100,8100
style attic,8100,9900,8100,8100,8100,8100,6600,6600,8100,8100,9900,9900,8100
red leather jacket,6600,3600,5400,8100,14800,8100,5400,5400,5400,5400,5400,5400,3600
red leather coat,6600,3600,5400,8100,14800,8100,5400,5400,5400,5400,5400,5400,3600
red leather biker jacket,6600,3600,5400,8100,14800,8100,5400,5400,5400,5400,5400,5400,3600
leather faux,6600,6600,6600,8100,8100,8100,6600,6600,6600,6600,5400,5400,5400
short trench coat women,6600,2400,4400,8100,6600,4400,3600,3600,5400,12100,12100,6600,3600
mens casual dress shirts,6600,8100,8100,8100,6600,8100,8100,4400,4400,5400,5400,6600,5400
casual shirts mens,6600,8100,8100,8100,6600,8100,8100,4400,4400,5400,5400,6600,5400
shirt for tuxedo,6600,8100,8100,8100,8100,9900,8100,5400,5400,6600,6600,8100,8100
kitten heels boots,6600,1300,2900,8100,12100,14800,12100,8100,6600,4400,2400,1600,880
mens long coat,6600,1600,2400,8100,12100,18100,14800,9900,6600,3600,2400,1300,1000
mens padded jacket,6600,1600,2400,8100,9900,14800,12100,8100,5400,4400,2900,1900,1000
mens pea coats,6600,2400,3600,8100,12100,18100,14800,9900,5400,4400,2400,1900,1300
mens padded coat,6600,1600,2400,8100,9900,14800,12100,8100,5400,4400,2900,1900,1000
mens lightweight coat,6600,5400,5400,8100,6600,5400,4400,3600,4400,8100,9900,8100,4400
leather red jacket,6600,3600,5400,8100,14800,8100,5400,5400,5400,5400,5400,5400,3600
long coat male,6600,1600,2400,8100,12100,18100,14800,9900,6600,3600,2400,1300,1000
long coats black,6600,1600,2900,8100,12100,18100,14800,12100,8100,3600,1900,1300,720
coat long men,6600,1600,2400,8100,12100,18100,14800,9900,6600,3600,2400,1300,1000
coat men long,6600,1600,2400,8100,12100,18100,14800,9900,6600,3600,2400,1300,1000
long coat for male,6600,1600,2400,8100,12100,18100,14800,9900,6600,3600,2400,1300,1000
man in long coat,6600,1600,2400,8100,12100,18100,14800,9900,6600,3600,2400,1300,1000
black cargo pants,6600,6600,6600,8100,8100,8100,6600,5400,5400,6600,5400,5400,4400
high waisted jeans,6600,5400,6600,8100,8100,6600,6600,8100,6600,8100,8100,5400,4400
jeggings,6600,6600,6600,8100,8100,6600,6600,6600,5400,14800,6600,5400,4400
black denim jacket,6600,6600,8100,8100,6600,5400,4400,4400,5400,8100,9900,8100,5400
chino pants,6600,8100,8100,8100,6600,6600,5400,5400,5400,5400,6600,6600,6600
tunic tops,6600,6600,6600,8100,6600,6600,4400,5400,5400,6600,6600,6600,5400
black jeans men,6600,5400,6600,8100,9900,9900,9900,6600,6600,6600,5400,4400,3600
petite clothing,6600,6600,6600,8100,6600,5400,5400,5400,5400,8100,8100,8100,6600
long black coat,6600,1600,2900,8100,12100,18100,14800,12100,8100,3600,1900,1300,720
baggy jeans women,6600,6600,8100,8100,8100,8100,8100,6600,5400,8100,6600,5400,4400
black wedding guest dress,6600,8100,9900,8100,6600,4400,2900,5400,5400,6600,6600,6600,6600
mens casual shirts,6600,8100,8100,8100,6600,8100,8100,4400,4400,5400,5400,6600,5400
black party dress,6600,4400,5400,8100,9900,14800,9900,6600,5400,5400,5400,4400,3600
70s fashion,6600,8100,6600,8100,6600,6600,5400,8100,6600,6600,6600,6600,5400
petite jeans for women,6600,3600,5400,8100,8100,6600,6600,6600,6600,8100,6600,4400,2900
black cargo trousers,6600,6600,6600,8100,8100,8100,6600,5400,5400,6600,5400,5400,4400
mens light jacket,6600,5400,5400,8100,6600,5400,4400,3600,4400,8100,9900,8100,4400
mens shirts sale,6600,9900,8100,8100,6600,8100,9900,6600,5400,5400,5400,6600,6600
mens straight leg jeans,6600,4400,5400,8100,8100,9900,12100,6600,5400,6600,4400,4400,2900
chino trousers,6600,8100,8100,8100,6600,6600,5400,5400,5400,5400,6600,6600,6600
mens casual trousers,6600,5400,6600,8100,8100,8100,6600,5400,5400,6600,6600,5400,4400
evening wedding guest dresses,6600,8100,8100,8100,5400,2400,1600,3600,5400,8100,8100,9900,9900
brown mini dress,6600,4400,4400,8100,9900,9900,8100,5400,5400,5400,4400,4400,4400
wedding suits for women,6600,6600,6600,8100,5400,3600,2900,6600,6600,8100,6600,6600,5400
mens smart jackets,6600,2400,3600,8100,9900,14800,14800,6600,6600,6600,5400,4400,2400
country clothes,6600,5400,5400,8100,9900,12100,12100,6600,5400,5400,4400,4400,4400
donkey jacket,6600,4400,4400,8100,8100,9900,12100,8100,6600,5400,4400,5400,5400
plaid shirts,6600,6600,6600,8100,8100,6600,5400,5400,4400,5400,5400,5400,5400
chunky boots,5400,2900,8100,8100,9900,12100,8100,6600,4400,3600,2400,2400,1900
brown leather jacket womens,5400,2400,5400,8100,9900,8100,6600,5400,5400,6600,5400,3600,2400
knitted dress women,5400,1300,2400,8100,12100,18100,12100,6600,3600,1600,1300,1000,880
ladies knitted dress,5400,1300,2400,8100,12100,18100,12100,6600,3600,1600,1300,1000,880
ladies brown leather jacket,5400,2400,5400,8100,9900,8100,6600,5400,5400,6600,5400,3600,2400
knit dress womens,5400,1300,2400,8100,12100,18100,12100,6600,3600,1600,1300,1000,880
boots chunky,5400,2900,8100,8100,9900,12100,8100,6600,4400,3600,2400,2400,1900
brown leather coat womens,5400,2400,5400,8100,9900,8100,6600,5400,5400,6600,5400,3600,2400
brown leather jacket female,5400,2400,5400,8100,9900,8100,6600,5400,5400,6600,5400,3600,2400
womens brown biker jacket,5400,2400,5400,8100,9900,8100,6600,5400,5400,6600,5400,3600,2400
knit dress for women,5400,1300,2400,8100,12100,18100,12100,6600,3600,1600,1300,1000,880
cashmere cardigan,5400,2900,5400,8100,8100,8100,8100,4400,2900,3600,2900,2900,2400
cropped cardigan,5400,4400,5400,8100,6600,5400,5400,4400,4400,6600,6600,6600,4400
navy cardigan,5400,3600,5400,8100,6600,5400,3600,4400,4400,5400,5400,5400,3600
cream cardigan,5400,4400,5400,8100,6600,5400,5400,4400,3600,5400,6600,6600,4400
cropped cardigan sweater,5400,4400,5400,8100,6600,5400,5400,4400,4400,6600,6600,6600,4400
green cardigan sweater,5400,3600,5400,8100,6600,5400,5400,4400,4400,6600,5400,4400,2400
navy cardigan sweater,5400,3600,5400,8100,6600,5400,3600,4400,4400,5400,5400,5400,3600
cashmere cardigan sweater,5400,2900,5400,8100,8100,8100,8100,4400,2900,3600,2900,2900,2400
cashmere jumper women's,5400,1300,2900,8100,9900,12100,12100,6600,3600,2900,1600,1300,880
green cardigans,5400,3600,5400,8100,6600,5400,5400,4400,4400,6600,5400,4400,2400
roll neck jumper women's,5400,1000,2400,8100,12100,14800,12100,9900,5400,2900,1600,1000,480
laced boots womens,5400,1900,3600,8100,9900,12100,8100,6600,3600,2400,1600,1000,880
mens winter coat sale,5400,2400,3600,8100,9900,12100,8100,8100,3600,2400,1900,1300,1000
mens tweed coat,5400,1900,2900,8100,8100,8100,8100,5400,4400,5400,2900,2400,1600
leather jacket brown womens,5400,2400,5400,8100,9900,8100,6600,5400,5400,6600,5400,3600,2400
ladies long puffer jackets,5400,1000,2900,8100,9900,18100,12100,9900,3600,1600,880,590,480
sherpa jacket,5400,1600,2900,8100,9900,12100,8100,6600,3600,2900,1900,1600,1000
cashmere sweater women,5400,1300,2900,8100,9900,12100,12100,6600,3600,2900,1600,1300,880
corduroy jacket,5400,2900,4400,8100,9900,8100,6600,5400,4400,5400,4400,3600,2400
stretch jeans,5400,3600,5400,8100,6600,5400,4400,4400,5400,6600,5400,3600,2400
girls leggings,5400,3600,5400,8100,6600,6600,5400,5400,4400,5400,5400,4400,3600
long puffer jacket women,5400,1000,2900,8100,9900,18100,12100,9900,3600,1600,880,590,480
black leggings for women,5400,3600,4400,8100,8100,8100,8100,6600,5400,5400,4400,3600,2900
work jacket,5400,2400,3600,8100,8100,9900,5400,6600,5400,5400,3600,2900,1900
black wide leg jeans,5400,2400,4400,8100,8100,8100,8100,6600,5400,4400,3600,2400,1600
mens tweed jacket,5400,1900,2900,8100,8100,8100,8100,5400,4400,5400,2900,2400,1600
summer dresses sale,5400,12100,9900,8100,4400,2900,2400,3600,2400,1900,2400,3600,6600
aviator jacket womens,5400,1000,2400,8100,12100,12100,12100,6600,3600,2400,1300,720,480
1940s fashion,5400,6600,6600,8100,5400,4400,2900,4400,3600,4400,4400,5400,4400
elastic waist trousers,5400,5400,6600,8100,6600,5400,5400,5400,5400,6600,5400,5400,4400
vogue runway,5400,4400,2900,8100,8100,3600,2900,5400,6600,6600,2900,2900,3600
old money style,5400,12100,9900,8100,6600,5400,4400,3600,3600,3600,3600,3600,2900
short jacket for women,5400,2400,3600,8100,6600,5400,4400,4400,5400,8100,8100,5400,2900
leather trench coat,4400,1900,3600,8100,9900,8100,6600,5400,4400,3600,2400,1900,1300
long boots,4400,1900,3600,8100,9900,12100,9900,5400,2900,2400,1600,1300,1300
suede knee high boots,4400,1600,2900,8100,9900,9900,8100,4400,2900,2400,1600,1000,720
long boots for women,4400,1600,2900,8100,9900,12100,9900,5400,2900,1900,1300,880,720
burgundy knee high boots,4400,880,2400,8100,9900,9900,8100,3600,1900,1300,590,390,320
leather knee boots,4400,1900,3600,8100,9900,9900,8100,5400,2900,1900,1600,1000,720
suede knee boots,4400,1600,2900,8100,9900,9900,8100,4400,2900,2400,1600,1000,720
suede high boots,4400,1600,2900,8100,9900,9900,8100,4400,2900,2400,1600,1000,720
leather trench jacket,4400,1900,3600,8100,9900,8100,6600,5400,4400,3600,2400,1900,1300
burgundy knee boots,4400,880,2400,8100,9900,9900,8100,3600,1900,1300,590,390,320
burgundy high boots,4400,880,2400,8100,9900,9900,8100,3600,1900,1300,590,390,320
boots leather knee high,4400,1900,3600,8100,9900,9900,8100,5400,2900,1900,1600,1000,720
women's chunky cardigan sweater,4400,1600,4400,8100,6600,6600,5400,8100,4400,3600,3600,2900,1300
shoe boots for women,4400,1900,3600,8100,9900,9900,8100,5400,3600,2900,2400,1600,1300
chunky cardigan womens,4400,1600,4400,8100,6600,6600,5400,8100,4400,3600,3600,2900,1300
ladies chunky cardigan,4400,1600,4400,8100,6600,6600,5400,8100,4400,3600,3600,2900,1300
women's flat boots,4400,1300,2900,8100,9900,12100,8100,5400,3600,2400,1300,1000,720
long womens boots,4400,1600,2900,8100,9900,12100,9900,5400,2900,1900,1300,880,720
argyle sweater women's,4400,260,1300,8100,12100,9900,9900,8100,3600,1300,480,320,170
argyle jumper womens,4400,260,1300,8100,12100,9900,9900,8100,3600,1300,480,320,170
waterproof dress boots women's,4400,1000,1900,8100,8100,12100,6600,6600,3600,1300,720,720,720
leather coat trench,4400,1900,3600,8100,9900,8100,6600,5400,4400,3600,2400,1900,1300
macs coats,4400,2900,3600,8100,6600,5400,4400,4400,4400,5400,4400,3600,3600
mens winter coat,4400,880,2400,8100,9900,12100,6600,4400,1600,590,390,320,390
plus size mother of the bride dresses,4400,4400,4400,8100,2900,2900,2400,6600,5400,4400,4400,3600,2900
parka jacket women,4400,1600,2900,8100,8100,8100,5400,5400,2900,2900,1900,1600,1000
ladies sweatshirts,4400,1600,2900,8100,6600,6600,5400,3600,3600,4400,3600,2900,1600
winter outfits women,4400,1300,2900,8100,9900,14800,9900,5400,2400,880,390,390,390
mackintosh coat,4400,2900,3600,8100,6600,5400,4400,4400,4400,5400,4400,3600,3600
winter look for women,4400,1300,2900,8100,9900,14800,9900,5400,2400,880,390,390,390
winter outfits for ladies,4400,1300,2900,8100,9900,14800,9900,5400,2400,880,390,390,390
brown leather knee high boots,3600,1300,2900,8100,8100,6600,5400,3600,1900,1600,880,720,590
brown leather knee boots,3600,1300,2900,8100,8100,6600,5400,3600,1900,1600,880,720,590
brown leather high boots,3600,1300,2900,8100,8100,6600,5400,3600,1900,1600,880,720,590
dirndl dress,3600,6600,4400,8100,8100,1900,1300,1600,2400,2400,2400,2400,2400
hooded jacket,3600,2900,3600,8100,5400,5400,3600,3600,3600,3600,2900,2400,2900
mac raincoat womens,2900,5400,4400,8100,2900,1900,1300,1600,1900,1900,1900,2900,4400
kids winter coats,2900,1300,3600,8100,5400,6600,2400,2400,880,590,390,390,480
maternity coat,2900,1000,2400,8100,6600,8100,3600,2400,1000,720,480,480,480
met gala,33100,6600,6600,6600,8100,8100,6600,6600,6600,8100,14800,301000,6600
summer clothes,18100,18100,8100,6600,6600,6600,8100,18100,18100,27100,27100,40500,27100
sandbanks clothing,18100,8100,6600,6600,8100,18100,22200,18100,12100,12100,49500,22200,14800
bermuda shorts,12100,22200,12100,6600,6600,4400,3600,5400,5400,9900,14800,27100,27100
christmas outfits,12100,1000,2400,6600,14800,49500,60500,590,390,390,390,320,390
zimmermann dress,9900,14800,9900,6600,5400,5400,8100,9900,8100,9900,14800,18100,18100
boho dresses,9900,18100,12100,6600,5400,3600,2900,5400,6600,8100,12100,14800,14800
white shorts,9900,18100,12100,6600,8100,3600,3600,4400,5400,8100,12100,22200,22200
black linen pants,9900,22200,14800,6600,4400,2900,2900,4400,4400,8100,12100,18100,18100
tankini with shorts,9900,18100,12100,6600,4400,2900,2900,6600,8100,9900,12100,18100,18100
gingham dress,9900,22200,14800,6600,4400,3600,3600,4400,5400,9900,14800,18100,18100
pink maxi dress,9900,12100,8100,6600,5400,4400,3600,8100,8100,12100,14800,14800,12100
baby tee,9900,9900,9900,6600,5400,6600,6600,6600,8100,9900,12100,12100,12100
mens denim shorts,9900,22200,14800,6600,4400,2900,2400,3600,4400,8100,12100,18100,18100
bike shorts women,9900,22200,18100,6600,5400,3600,3600,4400,5400,8100,12100,18100,18100
womens denim shorts,9900,22200,14800,6600,3600,2400,2400,4400,5400,8100,12100,22200,18100
cycling shorts women,9900,22200,18100,6600,5400,3600,3600,4400,5400,8100,12100,18100,18100
pink wedding guest dress,9900,14800,12100,6600,3600,2900,2400,8100,9900,14800,18100,18100,14800
t shirt dress,8100,18100,12100,6600,4400,3600,3600,4400,4400,6600,9900,14800,14800
dress tee shirts,8100,18100,12100,6600,4400,3600,3600,4400,4400,6600,9900,14800,14800
tight shirt dress,8100,18100,12100,6600,4400,3600,3600,4400,4400,6600,9900,14800,14800
merino wool base layer,8100,2400,3600,6600,9900,18100,14800,22200,9900,6600,4400,2900,2900
chino shorts,8100,18100,12100,6600,3600,2900,2400,3600,3600,6600,9900,14800,18100
pink mini dress,8100,9900,8100,6600,8100,3600,3600,6600,8100,9900,9900,9900,9900
t shirts for women,8100,12100,9900,6600,5400,4400,4400,5400,5400,8100,12100,12100,12100
mens boxer shorts,8100,8100,8100,6600,8100,12100,14800,5400,5400,5400,5400,6600,8100
red prom dress,8100,8100,4400,6600,6600,6600,4400,9900,8100,9900,8100,8100,9900
backless top,8100,8100,8100,6600,5400,6600,8100,8100,8100,8100,8100,8100,8100
sequin mini dress,8100,6600,6600,6600,8100,14800,18100,5400,4400,5400,5400,6600,6600
carpenter jeans,8100,4400,4400,6600,27100,9900,9900,6600,5400,4400,4400,3600,3600
blue dresses for women,8100,9900,8100,6600,5400,4400,3600,6600,6600,8100,9900,9900,9900
bloomchic uk,8100,8100,6600,6600,5400,5400,4400,6600,6600,8100,9900,12100,14800
black fur coat,8100,1300,2400,6600,12100,22200,27100,14800,6600,3600,1600,1000,720
designer t shirts,8100,9900,8100,6600,6600,8100,8100,4400,5400,6600,6600,8100,8100
party tops,8100,3600,3600,6600,8100,18100,18100,8100,6600,8100,5400,5400,6600
day dresses,8100,12100,9900,6600,4400,4400,3600,5400,5400,8100,9900,12100,9900
party outfit,8100,5400,5400,6600,8100,14800,12100,8100,6600,6600,6600,5400,5400
night dress for women,8100,8100,8100,6600,8100,9900,9900,8100,6600,6600,6600,8100,8100
mens white t shirts,8100,9900,8100,6600,6600,9900,9900,5400,5400,8100,8100,9900,9900
white trousers women,8100,12100,9900,6600,5400,4400,4400,5400,6600,9900,12100,14800,12100
chrome hearts hoodie,8100,4400,5400,6600,9900,12100,12100,9900,8100,8100,6600,6600,4400
hot pants,8100,12100,9900,6600,8100,6600,8100,6600,6600,8100,8100,9900,14800
women's running clothes,8100,6600,6600,6600,6600,8100,9900,12100,8100,9900,9900,8100,5400
running outfit women,8100,6600,6600,6600,6600,8100,9900,12100,8100,9900,9900,8100,5400
blue and black dress,8100,9900,8100,6600,8100,8100,6600,8100,8100,9900,6600,6600,6600
mens quarter zip jumper,8100,2400,3600,6600,9900,18100,22200,8100,6600,6600,4400,3600,2400
quarter zip sweater mens,8100,2400,3600,6600,9900,18100,22200,8100,6600,6600,4400,3600,2400
zavetti canada jacket,6600,2400,3600,6600,8100,14800,12100,12100,6600,5400,2900,2400,1900
long black coat for ladies,6600,1600,2900,6600,9900,14800,14800,12100,6600,3600,2400,1000,720
men clothing,6600,5400,5400,6600,8100,9900,9900,5400,5400,6600,6600,6600,5400
parachute pants,6600,6600,6600,6600,6600,6600,5400,6600,5400,8100,8100,8100,6600
skims dress,6600,9900,8100,6600,6600,6600,6600,8100,6600,6600,6600,6600,6600
dress shirts,6600,6600,6600,6600,6600,8100,6600,6600,5400,6600,5400,6600,6600
hoodrich tracksuit,6600,5400,5400,6600,8100,12100,12100,5400,4400,5400,3600,3600,2400
casual dresses,6600,8100,8100,6600,5400,5400,5400,5400,6600,6600,6600,6600,6600
gym clothes men,6600,5400,5400,6600,6600,8100,8100,8100,6600,6600,5400,5400,5400
gym shorts men,6600,9900,8100,6600,5400,6600,6600,5400,5400,6600,6600,8100,8100
polo t shirts,6600,12100,8100,6600,5400,5400,5400,4400,4400,6600,6600,8100,9900
mens cashmere sweaters,6600,2400,2900,6600,9900,14800,14800,6600,4400,4400,2400,1900,1300
psg tracksuit,6600,8100,6600,6600,8100,8100,8100,4400,4400,5400,4400,5400,3600
white lace dress,6600,8100,6600,6600,6600,4400,4400,6600,6600,8100,8100,9900,9900
ladies tops,6600,8100,8100,6600,5400,6600,6600,5400,6600,8100,9900,9900,6600
newborn baby clothes,6600,6600,6600,6600,6600,6600,6600,6600,5400,5400,5400,5400,5400
elegant dresses,6600,8100,6600,6600,6600,6600,5400,6600,6600,8100,6600,8100,6600
childrens clothes,6600,14800,6600,6600,6600,6600,6600,3600,3600,5400,3600,3600,2900
designer baby clothes,6600,6600,6600,6600,6600,6600,6600,6600,5400,6600,5400,5400,4400
cream dress,6600,8100,6600,6600,5400,5400,5400,6600,6600,8100,8100,8100,8100
petite clothing for women,6600,5400,5400,6600,6600,5400,5400,5400,6600,8100,8100,8100,6600
formal dresses for women,6600,6600,5400,6600,6600,6600,4400,5400,6600,6600,6600,6600,6600
freemans dresses,6600,12100,8100,6600,5400,4400,2400,3600,5400,6600,8100,8100,8100
satin pants,6600,4400,5400,6600,8100,9900,12100,5400,5400,6600,6600,8100,5400
boss polo shirts,6600,9900,8100,6600,5400,9900,9900,4400,4400,5400,6600,8100,8100
brunch outfits,6600,9900,8100,6600,5400,4400,1900,6600,8100,12100,9900,8100,6600
baby girl outfits,6600,5400,5400,6600,6600,8100,8100,6600,6600,6600,6600,5400,5400
marc darcy suits,6600,8100,8100,6600,6600,5400,4400,8100,6600,8100,8100,8100,6600
green dress for women,6600,9900,6600,6600,6600,6600,6600,5400,6600,8100,6600,8100,8100
wedding outfits,6600,8100,8100,6600,4400,2900,2400,6600,6600,8100,6600,6600,6600
lightweight jacket,6600,5400,5400,6600,4400,3600,2900,2900,4400,12100,14800,12100,8100
jean skirts for women,6600,9900,8100,6600,5400,4400,3600,4400,5400,8100,8100,9900,8100
singlet,6600,8100,8100,6600,6600,8100,6600,6600,6600,6600,6600,8100,8100
light jacket,6600,5400,5400,6600,4400,3600,2900,2900,4400,12100,14800,12100,8100
light jacket women,6600,3600,5400,6600,4400,2900,2400,3600,5400,12100,12100,9900,6600
cowl neck top,6600,6600,6600,6600,6600,6600,6600,5400,5400,5400,6600,6600,6600
blouses women,6600,6600,6600,6600,5400,5400,5400,5400,6600,8100,8100,8100,6600
lightweight jacket women,6600,3600,5400,6600,4400,2900,2400,3600,5400,12100,12100,9900,6600
satin trousers,6600,4400,5400,6600,8100,9900,12100,5400,5400,6600,6600,8100,5400
mother of the bride outfits for over 50s,6600,8100,8100,6600,5400,3600,2900,12100,9900,8100,6600,4400,3600
long black coat women,6600,1600,2900,6600,9900,14800,14800,12100,6600,3600,2400,1000,720
mens harrington jacket,6600,4400,5400,6600,6600,8100,8100,5400,6600,9900,9900,6600,4400
religion clothing,6600,6600,6600,6600,6600,8100,6600,6600,6600,6600,6600,6600,6600
1950s dresses,6600,8100,8100,6600,5400,5400,4400,6600,5400,5400,6600,5400,5400
running gear for men,6600,5400,5400,6600,6600,9900,12100,9900,8100,8100,8100,6600,4400
ladies trouser suits for weddings,6600,5400,6600,6600,5400,3600,2900,8100,8100,9900,9900,6600,5400
running clothes men,6600,5400,5400,6600,6600,9900,12100,9900,8100,8100,8100,6600,4400
holland cooper coat,6600,1600,2400,6600,8100,12100,12100,9900,5400,8100,2900,1900,1900
50s dress,6600,8100,8100,6600,5400,5400,4400,6600,5400,5400,6600,5400,5400
jeans skirt for women,6600,9900,8100,6600,5400,4400,3600,4400,5400,8100,8100,9900,8100
ladies petite clothing,6600,5400,5400,6600,6600,5400,5400,5400,6600,8100,8100,8100,6600
maid outfits,6600,6600,6600,6600,8100,5400,5400,6600,6600,5400,5400,5400,5400
mother of the bride outfits for over 50's,6600,8100,8100,6600,5400,3600,2900,12100,9900,8100,6600,4400,3600
the style attic,6600,6600,5400,6600,6600,5400,4400,5400,6600,8100,8100,8100,6600
black leather jacket women,5400,2400,3600,6600,8100,6600,6600,5400,5400,6600,5400,3600,2400
leather bomber jacket women,5400,1900,4400,6600,8100,6600,6600,5400,5400,5400,4400,2900,1900
ladies black leather jacket,5400,2400,3600,6600,8100,6600,6600,5400,5400,6600,5400,3600,2400
black leather coat womens,5400,2400,3600,6600,8100,6600,6600,5400,5400,6600,5400,3600,2400
ladies leather bomber jacket,5400,1900,4400,6600,8100,6600,6600,5400,5400,5400,4400,2900,1900
bomber womens leather jackets,5400,1900,4400,6600,8100,6600,6600,5400,5400,5400,4400,2900,1900
female black leather jacket,5400,2400,3600,6600,8100,6600,6600,5400,5400,6600,5400,3600,2400
black jacket women leather,5400,2400,3600,6600,8100,6600,6600,5400,5400,6600,5400,3600,2400
loafers women,5400,4400,6600,6600,5400,5400,4400,5400,5400,6600,6600,6600,5400
black long sleeve dress,5400,2400,2900,6600,9900,12100,9900,8100,6600,4400,2900,2400,1900
corduroy trousers men,5400,1900,2900,6600,8100,9900,9900,6600,4400,4400,2900,2400,1900
biker jacket,5400,4400,5400,6600,6600,6600,5400,5400,5400,6600,5400,4400,2900
mens cord trousers,5400,1900,2900,6600,8100,9900,9900,6600,4400,4400,2900,2400,1900
chelsea black boots,5400,1900,2900,6600,8100,12100,9900,6600,3600,2900,1900,1900,1300
ladies black leather jackets,5400,2400,3600,6600,8100,6600,6600,5400,5400,6600,5400,3600,2400
purple jeans,5400,6600,6600,6600,6600,5400,6600,6600,5400,5400,4400,4400,2900
mens sweaters,5400,1600,2900,6600,8100,12100,12100,5400,3600,3600,2400,1900,1300
black tie wedding guest dress,5400,5400,6600,6600,5400,4400,2900,4400,4400,5400,6600,8100,6600
anine bing sweatshirt,5400,3600,4400,6600,6600,6600,8100,6600,4400,3600,3600,2900,1900
sweater vest,5400,3600,5400,6600,8100,6600,6600,6600,4400,5400,3600,2900,2400
leather pants women,5400,1900,2900,6600,8100,12100,12100,6600,5400,4400,2900,1900,1600
track pants,5400,4400,5400,6600,6600,8100,6600,5400,5400,5400,5400,5400,4400
max mara coat,5400,1900,2900,6600,9900,12100,9900,8100,4400,3600,1900,1300,1300
work dresses for women,5400,5400,5400,6600,5400,4400,2900,5400,5400,5400,5400,5400,5400
shearling jacket,5400,1600,2900,6600,9900,12100,9900,8100,4400,2900,1600,1300,1000
newborn clothes,5400,6600,6600,6600,5400,5400,5400,6600,5400,5400,5400,5400,4400
mesh dress,5400,6600,6600,6600,6600,6600,6600,5400,5400,5400,5400,5400,4400
burnt orange dress,5400,6600,8100,6600,5400,2900,2400,4400,3600,5400,5400,6600,6600
black flare jeans,5400,2900,4400,6600,8100,8100,8100,6600,5400,5400,3600,2900,2400
1920s dress,5400,4400,5400,6600,8100,8100,5400,6600,4400,4400,3600,3600,2900
mens denim jacket,5400,4400,5400,6600,6600,6600,5400,4400,4400,6600,6600,5400,4400
low rise baggy jeans,5400,4400,6600,6600,5400,8100,8100,5400,4400,5400,4400,3600,2900
mens lightweight jacket,5400,4400,4400,6600,4400,4400,3600,2900,4400,8100,9900,8100,6600
kids designer clothes,5400,4400,4400,6600,5400,8100,8100,4400,5400,6600,4400,4400,3600
varsity jacket mens,5400,3600,4400,6600,6600,8100,8100,6600,5400,5400,4400,3600,2400
dinner jacket,5400,4400,4400,6600,6600,8100,6600,4400,3600,4400,5400,4400,4400
designer hoodies,5400,2900,3600,6600,6600,8100,8100,4400,4400,4400,3600,2900,1900
avirex jacket,5400,3600,4400,6600,6600,6600,8100,6600,6600,5400,4400,3600,3600
sports jacket,5400,4400,4400,6600,6600,6600,5400,4400,4400,5400,5400,4400,3600
tracksuit set,5400,2900,4400,6600,6600,8100,8100,5400,4400,5400,3600,3600,2400
red coat,5400,3600,3600,6600,8100,9900,8100,6600,4400,4400,3600,3600,2900
unisex baby clothes,5400,6600,5400,6600,5400,4400,5400,6600,5400,5400,5400,4400,4400
ladies clothes,5400,5400,5400,6600,5400,6600,6600,5400,5400,6600,6600,5400,4400
office wear,5400,5400,6600,6600,5400,4400,3600,5400,5400,5400,4400,4400,4400
jean jacket men,5400,4400,5400,6600,6600,6600,5400,4400,4400,6600,6600,5400,4400
pleated trousers,5400,5400,5400,6600,5400,6600,5400,5400,5400,6600,5400,6600,6600
brown midi dress,5400,5400,5400,6600,6600,5400,3600,3600,4400,5400,4400,5400,5400
mens corduroy trousers,5400,1900,2900,6600,8100,9900,9900,6600,4400,4400,2900,2400,1900
ladies trousers,5400,4400,4400,6600,6600,5400,4400,4400,4400,5400,5400,5400,4400
mens dinner jacket,5400,3600,4400,6600,8100,8100,5400,5400,4400,4400,4400,4400,3600
clubbing outfits,5400,5400,5400,6600,5400,4400,3600,5400,4400,5400,5400,5400,4400
mens designer tracksuits,5400,2900,3600,6600,8100,9900,9900,5400,5400,6600,4400,4400,2900
night out outfits,5400,5400,4400,6600,6600,6600,4400,6600,6600,8100,6600,5400,4400
black shirts for men,5400,5400,5400,6600,6600,6600,6600,4400,4400,5400,4400,5400,5400
60s fashion,5400,6600,5400,6600,5400,5400,3600,6600,4400,5400,5400,5400,5400
cropped jacket womens,5400,3600,4400,6600,5400,5400,4400,4400,5400,8100,8100,6600,4400
mens windbreaker jacket,5400,3600,4400,6600,5400,5400,5400,4400,4400,6600,6600,5400,4400
leather trousers women,5400,1900,2900,6600,8100,12100,12100,6600,5400,4400,2900,1900,1600
evening dresses for weddings,5400,8100,8100,6600,4400,2900,2400,4400,4400,5400,5400,5400,5400
1950s fashion,5400,6600,6600,6600,5400,5400,4400,5400,5400,5400,4400,5400,4400
a line wedding dress,5400,6600,8100,6600,5400,4400,3600,6600,5400,5400,5400,5400,5400
1980s fashion,5400,6600,5400,6600,5400,5400,5400,6600,4400,5400,4400,5400,5400
1960s fashion,5400,6600,4400,6600,5400,5400,3600,6600,4400,5400,5400,5400,5400
ball gown dress,5400,4400,5400,6600,8100,8100,4400,6600,5400,5400,5400,4400,4400
childrens designer clothes,5400,4400,4400,6600,5400,8100,8100,4400,5400,6600,4400,4400,3600
kaleidoscope clothing,5400,8100,6600,6600,5400,4400,4400,4400,5400,6600,6600,6600,5400
grunge style,5400,8100,8100,6600,6600,5400,5400,5400,5400,5400,5400,5400,5400
business casual clothes men,5400,6600,5400,6600,6600,5400,2900,5400,5400,5400,5400,5400,5400
crop jacket for women,5400,3600,4400,6600,5400,5400,4400,4400,5400,8100,8100,6600,4400
business casual attire for men,5400,6600,5400,6600,6600,5400,2900,5400,5400,5400,5400,5400,5400
louis vuitton shirts,5400,9900,8100,6600,5400,5400,5400,4400,4400,5400,5400,6600,5400
1960s clothing,5400,6600,4400,6600,5400,5400,3600,6600,4400,5400,5400,5400,5400
half zip sweater men,5400,1900,2900,6600,8100,14800,14800,6600,4400,4400,2900,1900,1300
mens half zip jumper,5400,1900,2900,6600,8100,14800,14800,6600,4400,4400,2900,1900,1300
mens half zip pullover sweater,5400,1900,2900,6600,8100,14800,14800,6600,4400,4400,2900,1900,1300
half zipper sweater mens,5400,1900,2900,6600,8100,14800,14800,6600,4400,4400,2900,1900,1300
jacket avirex,5400,3600,4400,6600,6600,6600,8100,6600,6600,5400,4400,3600,3600
half zip men's jumper,5400,1900,2900,6600,8100,14800,14800,6600,4400,4400,2900,1900,1300
half zip men's pullover,5400,1900,2900,6600,8100,14800,14800,6600,4400,4400,2900,1900,1300
half zipper sweater men's,5400,1900,2900,6600,8100,14800,14800,6600,4400,4400,2900,1900,1300
oversized leather jacket,4400,1900,3600,6600,6600,6600,4400,4400,4400,5400,3600,2400,1600
oversized leather coat,4400,1900,3600,6600,6600,6600,4400,4400,4400,5400,3600,2400,1600
biker jacket oversized,4400,1900,3600,6600,6600,6600,4400,4400,4400,5400,3600,2400,1600
oversized jacket leather,4400,1900,3600,6600,6600,6600,4400,4400,4400,5400,3600,2400,1600
black chelsea boots women,4400,1300,2400,6600,8100,9900,8100,6600,3600,1900,1600,1000,720
wool trench coat,4400,1300,2900,6600,8100,9900,8100,5400,2900,1900,1000,720,590
wrap cardigan,4400,1900,4400,6600,8100,8100,5400,5400,4400,4400,2900,1900,1600
flat black boots,4400,1300,2400,6600,8100,9900,8100,4400,2900,2400,1600,1300,1000
navy cardigan womens,4400,2900,4400,6600,4400,3600,2900,3600,2900,4400,5400,4400,3600
brown satin skirt,4400,2400,3600,6600,8100,6600,6600,2900,2400,2400,1900,2400,2400
ladies navy cardigan,4400,2900,4400,6600,4400,3600,2900,3600,2900,4400,5400,4400,3600
flared black trousers,4400,3600,5400,6600,5400,6600,5400,5400,4400,4400,3600,2900,2400
ladies black chelsea boots,4400,1300,2400,6600,8100,9900,8100,6600,3600,1900,1600,1000,720
wool jumpers womens,4400,1000,2400,6600,8100,9900,9900,6600,2900,1900,1300,880,590
ladies wool jumpers,4400,1000,2400,6600,8100,9900,9900,6600,2900,1900,1300,880,590
womens navy cardigan sweater,4400,2900,4400,6600,4400,3600,2900,3600,2900,4400,5400,4400,3600
satin brown skirt,4400,2400,3600,6600,8100,6600,6600,2900,2400,2400,1900,2400,2400
satin skirt brown,4400,2400,3600,6600,8100,6600,6600,2900,2400,2400,1900,2400,2400
marks and spencers loafers,4400,3600,4400,6600,5400,4400,3600,5400,4400,5400,4400,4400,3600
wool coat trench,4400,1300,2900,6600,8100,9900,8100,5400,2900,1900,1000,720,590
marks spencer wide leg trousers,4400,3600,5400,6600,6600,5400,3600,4400,3600,4400,4400,4400,2900
wool trench jacket,4400,1300,2900,6600,8100,9900,8100,5400,2900,1900,1000,720,590
brown skirt satin,4400,2400,3600,6600,8100,6600,6600,2900,2400,2400,1900,2400,2400
brown chelsea boots,4400,1600,2900,6600,8100,9900,6600,4400,2900,2400,1900,1600,1600
mens black puffer jacket,4400,1300,2900,6600,6600,9900,8100,6600,3600,1900,1000,720,590
puffer jacket brown,4400,590,1900,6600,9900,12100,8100,8100,3600,2400,880,480,320
brown chelsea shoes,4400,1600,2900,6600,8100,9900,6600,4400,2900,2400,1900,1600,1600
black formal dresses,4400,4400,4400,6600,6600,6600,3600,5400,4400,4400,4400,4400,3600
boucle jacket,4400,2400,3600,6600,5400,4400,4400,4400,4400,6600,5400,4400,2400
brown puffer jacket,4400,590,1900,6600,9900,12100,8100,8100,3600,2400,880,480,320
wool jacket,4400,2400,4400,6600,8100,9900,6600,5400,3600,3600,1900,1600,880
high waisted wide leg jeans,4400,2900,4400,6600,5400,4400,4400,4400,4400,5400,4400,2900,1900
padded jacket,4400,1600,2400,6600,8100,8100,5400,5400,4400,4400,3600,2400,1300
green bomber jacket,4400,2400,3600,6600,6600,5400,4400,4400,4400,5400,4400,2900,1900
women's winter coats on sale,4400,2400,3600,6600,6600,6600,6600,8100,3600,2900,1600,1300,1300
grey jeans women,4400,2400,4400,6600,6600,6600,5400,5400,4400,4400,3600,2400,1600
tailored suit,4400,4400,4400,6600,4400,3600,2900,4400,3600,4400,4400,4400,4400
winter outfits,4400,1600,3600,6600,8100,12100,8100,4400,1900,880,480,590,590
thermal vests ladies,4400,720,1300,6600,9900,14800,8100,9900,3600,1900,1300,880,590
black flared trousers,4400,3600,5400,6600,5400,6600,5400,5400,4400,4400,3600,2900,2400
mens smart trousers,4400,4400,5400,6600,5400,6600,5400,4400,3600,4400,4400,4400,3600
polo jacket men,4400,1600,2900,6600,8100,12100,8100,5400,2900,2400,1600,1300,1000
mens hybrid jacket,4400,1000,2400,6600,6600,8100,6600,4400,2900,3600,2400,1900,1000
equidry coat,4400,1000,1900,6600,8100,12100,8100,6600,4400,1900,1300,1300,1300
sportswear brand,4400,6600,5400,6600,5400,5400,4400,4400,3600,4400,4400,3600,3600
knee boots,3600,1600,2900,6600,8100,8100,6600,3600,2400,1900,1300,1000,1000
black leather knee high boots,3600,1300,2400,6600,8100,9900,8100,4400,2900,1600,1000,720,720
wide fit knee high boots,3600,1000,2400,6600,6600,8100,6600,3600,2400,1600,1000,720,480
black leather knee boots,3600,1300,2400,6600,8100,9900,8100,4400,2900,1600,1000,720,720
brown knee high boots flat,3600,1000,2400,6600,9900,9900,8100,3600,2400,1900,1000,880,720
black leather high boots,3600,1300,2400,6600,8100,9900,8100,4400,2900,1600,1000,720,720
wide fit knee boots,3600,1000,2400,6600,6600,8100,6600,3600,2400,1600,1000,720,480
leather black boots knee high,3600,1300,2400,6600,8100,9900,8100,4400,2900,1600,1000,720,720
knee high boots leather black,3600,1300,2400,6600,8100,9900,8100,4400,2900,1600,1000,720,720
black high boots leather,3600,1300,2400,6600,8100,9900,8100,4400,2900,1600,1000,720,720
oversized ladies jumper,3600,880,2400,6600,6600,6600,6600,4400,2400,1900,1300,880,590
leather loafers women,3600,2900,4400,6600,5400,3600,2900,4400,3600,4400,3600,2900,2400
long trench coat,3600,1000,2900,6600,6600,6600,5400,3600,3600,3600,2900,1900,1000
brown chelsea boots women,3600,1000,2400,6600,8100,8100,6600,4400,2400,1600,880,720,480
leather ankle boots for women,3600,1000,2400,6600,8100,8100,6600,4400,2400,1900,1000,880,590
brown suede ankle boots,3600,590,1600,6600,8100,8100,5400,3600,2400,1900,880,480,320
leopard print cardigan,3600,1300,2900,6600,8100,6600,4400,3600,3600,2900,2400,1600,880
animal print cardigan,3600,1300,2900,6600,8100,6600,4400,3600,3600,2900,2400,1600,880
ladies leather ankle boots,3600,1000,2400,6600,8100,8100,6600,4400,2400,1900,1000,880,590
ladies leather loafers,3600,2900,4400,6600,5400,3600,2900,4400,3600,4400,3600,2900,2400
leopard print cardigan sweater,3600,1300,2900,6600,8100,6600,4400,3600,3600,2900,2400,1600,880
brown suede boots ankle,3600,590,1600,6600,8100,8100,5400,3600,2400,1900,880,480,320
animal print cardigan sweater,3600,1300,2900,6600,8100,6600,4400,3600,3600,2900,2400,1600,880
ankle boots leather women's,3600,1000,2400,6600,8100,8100,6600,4400,2400,1900,1000,880,590
long trench jacket,3600,1000,2900,6600,6600,6600,5400,3600,3600,3600,2900,1900,1000
large trench coat,3600,1000,2900,6600,6600,6600,5400,3600,3600,3600,2900,1900,1000
long coat trench,3600,1000,2900,6600,6600,6600,5400,3600,3600,3600,2900,1900,1000
mens long waterproof coat,3600,1000,1600,6600,5400,8100,6600,4400,3600,1600,880,880,880
mens long coat waterproof,3600,1000,1600,6600,5400,8100,6600,4400,3600,1600,880,880,880
plus size coats,3600,880,1600,6600,8100,9900,5400,5400,2400,1600,1000,720,320
long gilet womens,3600,880,1900,6600,8100,8100,5400,3600,2400,2900,1900,1000,480
soft shell jacket,3600,2900,2900,6600,6600,6600,2400,1900,1900,3600,3600,2900,2400
designer coats,3600,1600,2900,6600,6600,8100,5400,4400,2400,1900,1300,1000,880
brown bomber jacket,3600,1300,4400,6600,6600,5400,3600,2900,3600,5400,4400,2900,1600
oversized cardigan sweater,2900,1600,3600,6600,5400,4400,3600,2900,2400,2900,2400,1900,1000
oversized cardigan,2900,1600,3600,6600,5400,4400,3600,2900,2400,2900,2400,1900,1000
suede ankle boots,2900,1300,2400,6600,6600,5400,4400,2900,2400,2400,1600,1000,720
ladies ankle boots,2900,880,1900,6600,6600,6600,5400,3600,2400,1300,880,590,480
faux suede jacket,2900,1000,2900,6600,4400,2400,1600,1600,2400,4400,2900,1900,880
brown suede jacket womens,2900,1000,3600,6600,5400,2400,1900,1900,2400,3600,2400,1600,880
h and m cardigans,2900,1900,3600,6600,5400,3600,3600,2400,2400,2400,2900,2400,1600
women's tan boots,2900,1300,2400,6600,6600,6600,4400,3600,2400,1900,1000,720,480
mng trench coat,2900,1600,3600,6600,4400,3600,2900,2400,2400,3600,3600,1900,1000
brown womens suede jacket,2900,1000,3600,6600,5400,2400,1900,1900,2400,3600,2400,1600,880
corduroy jacket womens,2900,1300,3600,6600,6600,4400,2900,2900,2400,2900,2900,1900,1000
wednesday outfit,2900,590,3600,6600,14800,1300,480,590,1000,1300,480,480,320
check blazer womens,2400,590,1900,6600,5400,2900,1900,2400,2400,2900,1600,1000,590
ladies checked blazer,2400,590,1900,6600,5400,2900,1900,2400,2400,2900,1600,1000,590
checkered blazer for women,2400,590,1900,6600,5400,2900,1900,2400,2400,2900,1600,1000,590
womens waterproof jacket longer length,2400,1600,2400,6600,3600,3600,1900,1900,1600,1000,880,1000,1600
brown suede trench coat,1900,260,1600,6600,5400,2900,1600,1300,1000,720,260,140,110
linen dress,14800,33100,14800,5400,3600,3600,3600,8100,8100,12100,14800,33100,40500
claires accessories,14800,5400,12100,5400,6600,8100,5400,12100,22200,27100,40500,18100,12100
ladies summer tops,12100,14800,9900,5400,2900,2900,2400,6600,8100,14800,22200,33100,22200
linen shorts,9900,22200,12100,5400,2900,2900,2900,5400,5400,8100,9900,22200,27100
work shorts,9900,22200,12100,5400,3600,1900,1600,1900,3600,9900,14800,22200,27100
linen shirts women,9900,14800,9900,5400,3600,2900,2900,5400,6600,9900,12100,18100,22200
mens short sets,9900,18100,9900,5400,3600,3600,3600,5400,6600,12100,18100,27100,22200
linen shirts men,8100,18100,9900,5400,3600,3600,3600,4400,4400,6600,8100,14800,22200
light blue dress,8100,12100,8100,5400,5400,4400,3600,6600,6600,9900,9900,12100,12100
boys shorts,8100,14800,9900,5400,4400,3600,4400,5400,5400,9900,12100,18100,12100
babydoll dress,8100,9900,8100,5400,6600,6600,6600,6600,6600,8100,9900,18100,12100
beach dresses for women,8100,12100,9900,5400,3600,2400,2900,6600,6600,6600,8100,12100,12100
petite maxi dresses,8100,12100,8100,5400,4400,3600,2900,4400,5400,8100,9900,12100,12100
baby blue dress,8100,12100,8100,5400,4400,3600,2900,6600,6600,9900,12100,14800,12100
holiday dresses for women,8100,8100,6600,5400,3600,2900,2900,8100,8100,9900,9900,12100,12100
mens vest tops,8100,14800,9900,5400,3600,3600,2900,2900,3600,4400,6600,14800,14800
beach dress for women,8100,12100,9900,5400,3600,2400,2900,6600,6600,6600,8100,12100,12100
lilac dresses,8100,12100,8100,5400,5400,3600,2900,6600,6600,9900,9900,9900,9900
hope and ivy dresses,8100,12100,9900,5400,4400,3600,3600,8100,8100,12100,12100,14800,9900
crochet dress,6600,14800,12100,5400,2900,1900,2400,4400,4400,5400,8100,9900,12100
mens tank tops,6600,12100,8100,5400,4400,4400,4400,4400,3600,4400,5400,9900,9900
white sequin dress,6600,6600,6600,5400,5400,8100,6600,6600,6600,8100,8100,8100,6600
girls christmas dress,6600,480,1300,5400,12100,33100,27100,390,260,390,140,140,170
white swimsuit,6600,9900,8100,5400,2900,2400,2400,8100,8100,9900,9900,9900,8100
maternity wedding guest dress,6600,9900,8100,5400,3600,2400,2400,5400,5400,8100,9900,9900,8100
fit and flare dress,6600,8100,6600,5400,5400,5400,4400,5400,5400,6600,8100,8100,8100
white corset top,6600,6600,5400,5400,12100,3600,3600,4400,5400,8100,8100,8100,6600
christmas dress women,6600,480,1000,5400,12100,33100,33100,260,260,170,140,170,210
white tank top,6600,9900,6600,5400,6600,4400,4400,5400,4400,6600,8100,9900,8100
cute tops,6600,6600,5400,5400,5400,8100,6600,6600,6600,8100,8100,8100,6600
petite dresses for women,6600,9900,6600,5400,4400,4400,3600,4400,5400,6600,8100,9900,9900
french connection dresses,6600,12100,8100,5400,4400,5400,3600,3600,3600,5400,6600,8100,8100
gym shorts women,6600,12100,9900,5400,4400,3600,3600,4400,4400,6600,8100,12100,12100
red maxi dress,6600,8100,6600,5400,6600,9900,6600,6600,6600,6600,8100,8100,8100
blue maxi dress,6600,9900,6600,5400,3600,2900,2400,4400,5400,8100,9900,12100,9900
fashion eyewear,6600,6600,6600,5400,5400,6600,5400,6600,5400,6600,6600,6600,6600
midi wedding guest dress,6600,9900,8100,5400,3600,2400,1600,4400,6600,8100,9900,12100,9900
embroidered jeans,6600,4400,5400,5400,5400,8100,8100,6600,6600,8100,6600,5400,4400
dress sale,6600,9900,9900,5400,4400,5400,8100,6600,5400,6600,5400,6600,8100
dorothy perkins dresses,6600,9900,6600,5400,4400,6600,4400,4400,5400,5400,6600,12100,9900
long fur coat,6600,1000,2400,5400,8100,22200,22200,14800,5400,2400,1000,720,590
skopes suits,6600,6600,6600,5400,5400,4400,3600,6600,6600,8100,8100,8100,8100
mens t shirt sale,6600,9900,8100,5400,4400,6600,8100,4400,4400,5400,6600,8100,8100
klass dresses,6600,12100,8100,5400,5400,5400,3600,4400,6600,6600,6600,9900,9900
hera clothing,6600,4400,4400,5400,6600,9900,8100,8100,5400,5400,5400,5400,4400
joe brown clothing,6600,5400,4400,5400,6600,8100,6600,5400,5400,6600,6600,6600,5400
sports shorts for women,6600,12100,9900,5400,4400,3600,3600,4400,4400,6600,8100,12100,12100
maxi dress with sleeves,5400,9900,6600,5400,5400,4400,3600,4400,4400,5400,6600,8100,6600
short sleeve cardigan,5400,6600,6600,5400,3600,2900,2900,2900,2900,5400,8100,9900,6600
white cardigan women,5400,8100,6600,5400,3600,3600,2900,2900,3600,6600,9900,9900,8100
ladies white cardigan,5400,8100,6600,5400,3600,3600,2900,2900,3600,6600,9900,9900,8100
short sleeve cardigan sweater,5400,6600,6600,5400,3600,2900,2900,2900,2900,5400,8100,9900,6600
womens white cardigan sweater,5400,8100,6600,5400,3600,3600,2900,2900,3600,6600,9900,9900,8100
ladies white cardigan sweater,5400,8100,6600,5400,3600,3600,2900,2900,3600,6600,9900,9900,8100
ben sherman dress shirts,5400,6600,6600,5400,5400,6600,6600,4400,4400,5400,5400,5400,5400
mens fur coat,5400,2400,2900,5400,8100,12100,12100,8100,4400,3600,2400,1900,1300
brown coat men,5400,1900,2900,5400,9900,9900,9900,6600,5400,5400,4400,2900,1900
mens fur overcoat,5400,2400,2900,5400,8100,12100,12100,8100,4400,3600,2400,1900,1300
mens fluffy coat,5400,2400,2900,5400,8100,12100,12100,8100,4400,3600,2400,1900,1300
male fur coats,5400,2400,2900,5400,8100,12100,12100,8100,4400,3600,2400,1900,1300
man in fur coat,5400,2400,2900,5400,8100,12100,12100,8100,4400,3600,2400,1900,1300
cargo pants for women,5400,5400,5400,5400,5400,4400,3600,4400,4400,6600,6600,6600,5400
mens pants,5400,5400,5400,5400,6600,9900,9900,4400,4400,4400,4400,4400,4400
white party dress,5400,6600,6600,5400,4400,4400,3600,5400,4400,5400,5400,5400,5400
kids suits,5400,8100,5400,5400,4400,3600,3600,4400,4400,5400,5400,5400,6600
black wool coat,5400,1000,2400,5400,8100,12100,9900,9900,4400,2400,1300,720,480
hiking pants men,5400,3600,4400,5400,6600,6600,5400,8100,6600,6600,5400,5400,3600
mens white pants,5400,8100,6600,5400,5400,4400,3600,3600,3600,4400,5400,6600,6600
cream jeans,5400,2900,4400,5400,5400,3600,3600,4400,4400,8100,8100,5400,3600
olive green dress,5400,6600,6600,5400,4400,4400,2900,5400,5400,6600,6600,8100,8100
boys clothes sale,5400,5400,5400,5400,5400,6600,9900,6600,5400,6600,5400,4400,3600
womens long puffer coat,5400,880,1900,5400,8100,14800,12100,9900,3600,1600,720,590,320
mens tuxedos,5400,4400,4400,5400,5400,8100,4400,5400,4400,4400,4400,4400,4400
boss tracksuit,5400,2900,3600,5400,6600,9900,9900,4400,3600,4400,3600,3600,2400
designer clothes,5400,6600,5400,5400,6600,8100,6600,5400,4400,5400,4400,5400,4400
satin maxi dress,5400,6600,5400,5400,4400,5400,3600,5400,4400,6600,6600,8100,6600
dress shops,5400,6600,4400,5400,4400,4400,4400,5400,5400,6600,6600,6600,6600
black sparkly dress,5400,2900,3600,5400,8100,14800,14800,4400,3600,3600,2900,2400,2400
chore jacket,5400,3600,5400,5400,5400,5400,5400,4400,4400,6600,6600,8100,4400
smoking jacket,5400,4400,4400,5400,6600,8100,9900,6600,5400,5400,4400,4400,4400
baby store,5400,6600,6600,5400,5400,4400,4400,5400,5400,5400,5400,5400,4400
baby dresses,5400,5400,4400,5400,4400,4400,5400,5400,5400,6600,4400,5400,3600
white fur coat,5400,1300,2400,5400,8100,14800,14800,8100,4400,2400,1600,1000,880
bdg jeans,5400,4400,5400,5400,6600,6600,6600,5400,4400,5400,5400,4400,3600
racer jacket,5400,5400,4400,5400,6600,6600,5400,5400,5400,6600,5400,4400,3600
gold dresses for women,5400,4400,4400,5400,6600,6600,6600,5400,4400,4400,4400,4400,4400
jumpsuits for weddings,5400,6600,6600,5400,4400,2900,1900,5400,6600,8100,6600,8100,5400
denim mini dress,5400,9900,8100,5400,4400,2900,2400,3600,4400,6600,6600,6600,6600
denim midi dress,5400,9900,8100,5400,2900,1600,1300,2400,3600,6600,8100,8100,6600
men's clothing brands,5400,4400,4400,5400,5400,8100,8100,4400,4400,4400,4400,4400,3600
levi's denim jacket,5400,4400,5400,5400,5400,5400,4400,4400,4400,5400,6600,5400,4400
pink tracksuit,5400,3600,4400,5400,6600,8100,6600,6600,6600,6600,5400,4400,2900
needle and thread dress,5400,6600,6600,5400,3600,3600,3600,5400,6600,6600,6600,6600,6600
dress with feathers,5400,3600,3600,5400,6600,9900,9900,5400,4400,4400,3600,3600,3600
ladies cargo pants,5400,5400,5400,5400,5400,4400,3600,4400,4400,6600,6600,6600,5400
mens pleated pants,5400,4400,4400,5400,5400,5400,5400,4400,4400,5400,4400,5400,5400
mens pleated trousers,5400,4400,4400,5400,5400,5400,5400,4400,4400,5400,4400,5400,5400
blue prom dresses,5400,6600,3600,5400,4400,4400,2900,8100,6600,6600,6600,6600,8100
chrome hearts jeans,5400,5400,4400,5400,5400,5400,6600,6600,4400,6600,5400,5400,4400
long sleeve going out tops,5400,1300,1900,5400,6600,9900,8100,8100,8100,6600,4400,2400,1600
haute couture,5400,5400,4400,5400,9900,5400,5400,6600,5400,4400,4400,5400,4400
white fur jacket,5400,1300,2400,5400,8100,14800,14800,8100,4400,2400,1600,1000,880
white trousers men,5400,8100,6600,5400,5400,4400,3600,3600,3600,4400,5400,6600,6600
pink shirts for men,5400,6600,6600,5400,5400,4400,3600,3600,3600,4400,5400,5400,5400
sergio tacchini track top,5400,4400,4400,5400,5400,6600,6600,4400,4400,5400,6600,5400,4400
christening dresses,5400,6600,6600,5400,4400,2900,1900,5400,5400,6600,6600,6600,6600
black going out top,5400,3600,4400,5400,6600,8100,8100,6600,6600,6600,5400,4400,3600
short skirts for women,5400,5400,4400,5400,6600,8100,8100,5400,4400,4400,4400,5400,4400
brown jacket men,5400,1900,2900,5400,9900,9900,9900,6600,5400,5400,4400,2900,1900
louis vuitton jacket,5400,3600,4400,5400,6600,8100,6600,6600,4400,4400,3600,2900,2400
fur jacket men,5400,2400,2900,5400,8100,12100,12100,8100,4400,3600,2400,1900,1300
bottomless brunch outfit,5400,6600,6600,5400,4400,3600,1600,5400,6600,9900,8100,6600,5400
old money outfits,5400,8100,6600,5400,5400,4400,4400,4400,3600,4400,4400,4400,4400
lv jacket,5400,3600,4400,5400,6600,8100,6600,6600,4400,4400,3600,2900,2400
80s fashion men,5400,6600,5400,5400,5400,5400,5400,5400,4400,4400,4400,4400,3600
hanfu,5400,6600,5400,5400,5400,4400,4400,5400,5400,5400,5400,5400,4400
1980s fashion men,5400,6600,5400,5400,5400,5400,5400,5400,4400,4400,4400,4400,3600
mens trousers pleated,5400,4400,4400,5400,5400,5400,5400,4400,4400,5400,4400,5400,5400
mens trousers with pleats,5400,4400,4400,5400,5400,5400,5400,4400,4400,5400,4400,5400,5400
mens pants with pleats,5400,4400,4400,5400,5400,5400,5400,4400,4400,5400,4400,5400,5400
cropped leather jacket,4400,2400,3600,5400,6600,5400,4400,4400,4400,6600,4400,3600,1900
all saints leather jacket,4400,2900,3600,5400,6600,6600,5400,4400,3600,4400,3600,2900,1900
biker jacket women,4400,2400,3600,5400,5400,4400,3600,3600,3600,5400,4400,2900,1900
ladies biker jacket,4400,2400,3600,5400,5400,4400,3600,3600,3600,5400,4400,2900,1900
all saints biker jacket,4400,2900,3600,5400,6600,6600,5400,4400,3600,4400,3600,2900,1900
all saints leather coat,4400,2900,3600,5400,6600,6600,5400,4400,3600,4400,3600,2900,1900
leather jacket allsaints,4400,2900,3600,5400,6600,6600,5400,4400,3600,4400,3600,2900,1900
all saints biker leather jacket,4400,2900,3600,5400,6600,6600,5400,4400,3600,4400,3600,2900,1900
cropped leather coat,4400,2400,3600,5400,6600,5400,4400,4400,4400,6600,4400,3600,1900
black shirt dress,4400,6600,5400,5400,4400,3600,2900,3600,3600,4400,4400,4400,4400
black satin skirt,4400,5400,4400,5400,5400,8100,8100,3600,2900,3600,3600,3600,3600
straight leg trousers,4400,3600,4400,5400,4400,4400,3600,3600,3600,4400,4400,3600,2900
black heeled ankle boots,4400,1600,2900,5400,8100,9900,8100,6600,5400,3600,2400,1600,880
black tshirt dress,4400,6600,5400,5400,4400,3600,2900,3600,3600,4400,4400,4400,4400
tshirt dress black,4400,6600,5400,5400,4400,3600,2900,3600,3600,4400,4400,4400,4400
black skirt satin,4400,5400,4400,5400,5400,8100,8100,3600,2900,3600,3600,3600,3600
wool jacket mens,4400,1000,1900,5400,8100,9900,8100,5400,3600,2400,1600,1000,720
mens quilted coat,4400,1300,1900,5400,8100,9900,8100,5400,4400,4400,2900,1900,1000
long wool coats,4400,880,1900,5400,8100,12100,9900,8100,3600,1900,880,590,390
mens quilted coats,4400,1300,1900,5400,8100,9900,8100,5400,4400,4400,2900,1900,1000
marks and spencers mens coats,4400,1000,1600,5400,8100,12100,9900,6600,3600,2400,1300,880,720
marks and spencer's men's coats,4400,1000,1600,5400,8100,12100,9900,6600,3600,2400,1300,880,720
craghopper coat,4400,2400,2400,5400,6600,6600,5400,5400,4400,3600,2900,2900,2400
denim overcoat mens,4400,4400,5400,5400,5400,5400,4400,4400,4400,5400,5400,4400,2900
jacket men wool,4400,1000,1900,5400,8100,9900,8100,5400,3600,2400,1600,1000,720
pants with cords,4400,2400,3600,5400,6600,6600,6600,4400,3600,3600,2900,2400,1900
corduroy pants,4400,2400,3600,5400,6600,6600,6600,4400,3600,3600,2900,2400,1900
good american jeans,4400,2900,4400,5400,4400,5400,5400,5400,4400,5400,5400,3600,2400
leggings with pockets,4400,4400,4400,5400,4400,4400,3600,4400,3600,4400,4400,3600,2900
nursing tops,4400,4400,5400,5400,5400,4400,4400,5400,4400,5400,4400,4400,3600
cheap clothes,4400,5400,5400,5400,5400,4400,4400,4400,3600,4400,4400,5400,4400
cargo jeans,4400,4400,5400,5400,5400,5400,5400,4400,4400,4400,4400,3600,2900
tank tops for women,4400,4400,4400,5400,4400,5400,3600,3600,2900,3600,3600,3600,3600
black sequin dress,4400,2900,3600,5400,6600,12100,12100,3600,2400,2400,2400,2400,1900
northface jacket men,4400,1600,2900,5400,8100,12100,8100,5400,3600,2900,1900,1300,1000
work shirts,4400,5400,5400,5400,3600,3600,2900,3600,2900,4400,4400,4400,4400
maternity pajamas,4400,4400,5400,5400,5400,6600,6600,4400,3600,3600,3600,3600,2900
boys jeans,4400,2900,2900,5400,6600,8100,9900,4400,4400,5400,3600,2900,1900
black satin dress,4400,4400,4400,5400,5400,5400,4400,3600,3600,3600,3600,3600,3600
mens quilted jacket,4400,1300,1900,5400,8100,9900,8100,5400,4400,4400,2900,1900,1000
slim fit jeans,4400,3600,4400,5400,5400,5400,5400,4400,3600,4400,3600,2900,1900
denim jeans,4400,3600,4400,5400,5400,4400,4400,4400,3600,4400,4400,4400,3600
tunic tops for women,4400,4400,4400,5400,5400,4400,3600,4400,3600,4400,4400,4400,3600
black bodycon dress,4400,4400,4400,5400,5400,5400,4400,3600,3600,3600,3600,3600,2900
black corset dress,4400,3600,3600,5400,9900,5400,4400,4400,4400,4400,3600,3600,3600
sheepskin coat,4400,1600,2400,5400,6600,9900,8100,8100,3600,2400,1600,1300,1300
low rise flare jeans,4400,3600,5400,5400,5400,6600,6600,4400,3600,4400,3600,2900,2400
black and gold dress,4400,4400,4400,5400,5400,6600,5400,5400,4400,4400,3600,3600,2900
duster coat,4400,3600,3600,5400,4400,4400,3600,4400,4400,4400,4400,3600,2900
hoodrich hoodie,4400,3600,4400,5400,6600,8100,8100,4400,3600,3600,2900,2900,2400
mens suede jacket,4400,1900,3600,5400,6600,6600,6600,5400,4400,5400,4400,3600,2400
long wool coat,4400,880,1900,5400,8100,12100,9900,8100,3600,1900,880,590,390
long wool coat women,4400,880,1900,5400,8100,9900,9900,9900,3600,2400,1000,590,390
mens designer jeans,4400,3600,3600,5400,6600,8100,8100,4400,4400,5400,3600,3600,2400
high waisted trousers,4400,4400,4400,5400,4400,4400,4400,4400,4400,4400,4400,3600,2900
suit jacket,4400,4400,4400,5400,5400,5400,4400,4400,3600,4400,4400,4400,4400
jack wolfskin jacket,4400,1900,2900,5400,6600,8100,6600,6600,4400,3600,2400,1900,1900
mens cable knit sweater,4400,1600,2400,5400,8100,12100,12100,5400,2900,2400,1600,1000,720
black wool coat womens,4400,1000,1900,5400,8100,9900,9900,9900,4400,2900,1600,720,390
polo sweatshirt,4400,2900,3600,5400,6600,8100,8100,4400,3600,3600,2900,2900,2400
green jacket,4400,2900,3600,5400,5400,5400,3600,3600,4400,6600,6600,4400,2400
elegant dresses for wedding guests,4400,6600,5400,5400,3600,1900,1600,3600,3600,4400,4400,4400,4400
alternative clothing,4400,4400,5400,5400,5400,5400,5400,4400,4400,4400,4400,4400,4400
womens fashion,4400,5400,4400,5400,5400,4400,5400,4400,4400,5400,4400,4400,2900
ladies blouses,4400,4400,4400,5400,4400,5400,4400,4400,4400,5400,5400,5400,4400
harris tweed jacket,4400,2400,2900,5400,6600,6600,5400,5400,4400,3600,2900,2400,1900
trouser suits for women,4400,2400,3600,5400,6600,3600,2900,5400,5400,4400,4400,4400,2900
gym outfits,4400,4400,4400,5400,4400,4400,4400,6600,5400,5400,4400,4400,3600
office wear women,4400,4400,5400,5400,3600,2900,2400,4400,3600,4400,3600,3600,3600
black baggy jeans,4400,3600,4400,5400,5400,8100,6600,4400,3600,4400,2900,2900,2400
boss jacket,4400,1900,2400,5400,8100,9900,9900,5400,3600,3600,2400,1900,1300
gothic dress,4400,4400,4400,5400,8100,4400,3600,3600,3600,3600,3600,3600,3600
1920s mens fashion,4400,3600,3600,5400,6600,8100,8100,6600,4400,4400,3600,2900,2900
grey trousers,4400,3600,4400,5400,5400,5400,4400,4400,3600,4400,3600,2900,2900
sports clothes,4400,5400,4400,5400,5400,6600,4400,4400,3600,4400,4400,4400,3600
navy wedding guest dress,4400,5400,5400,5400,3600,2400,1300,3600,3600,4400,4400,5400,4400
work shirt,4400,5400,5400,5400,3600,3600,2900,3600,2900,4400,4400,4400,4400
fluffy jacket,4400,1000,1900,5400,6600,9900,9900,5400,3600,2400,1600,1000,720
going out dresses for women,4400,3600,4400,5400,5400,5400,3600,5400,5400,5400,4400,4400,4400
mens loose fit jeans,4400,2400,3600,5400,5400,5400,6600,3600,3600,4400,3600,2900,2400
casual jackets for women,4400,2900,3600,5400,4400,2400,1900,2400,2900,6600,6600,5400,2900
victorian dress,4400,4400,3600,5400,6600,6600,4400,5400,4400,4400,3600,4400,3600
musto jacket,4400,2400,3600,5400,5400,6600,6600,5400,4400,2900,2900,2400,2400
fluffy coat,4400,1300,2400,5400,6600,12100,12100,6600,2900,1900,1000,880,720
mens white short sleeve shirt,4400,8100,8100,5400,2900,2400,1900,2400,2400,2900,3600,4400,6600
1930s fashion,4400,4400,4400,5400,5400,4400,4400,5400,4400,4400,3600,3600,2900
jean shirt men,4400,4400,4400,5400,4400,5400,4400,3600,3600,4400,4400,4400,2900
mens smart casual outfits,4400,4400,4400,5400,5400,6600,5400,3600,3600,4400,4400,3600,3600
1920s women fashion,4400,3600,3600,5400,6600,6600,5400,6600,4400,4400,3600,3600,2900
helmut newton,4400,3600,4400,5400,5400,5400,4400,6600,6600,5400,4400,4400,3600
relaxed fit jeans for men,4400,2400,3600,5400,5400,5400,6600,3600,3600,4400,3600,2900,2400
morrisons nutmeg clothing,4400,4400,4400,5400,5400,6600,6600,3600,4400,4400,4400,5400,4400
cable knit sweater men,4400,1600,2400,5400,8100,12100,12100,5400,2900,2400,1600,1000,720
mens cable knit jumper,4400,1600,2400,5400,8100,12100,12100,5400,2900,2400,1600,1000,720
men's cable knit sweaters,4400,1600,2400,5400,8100,12100,12100,5400,2900,2400,1600,1000,720
suede men's jacket,4400,1900,3600,5400,6600,6600,6600,5400,4400,5400,4400,3600,2400
men's sweaters cable knit,4400,1600,2400,5400,8100,12100,12100,5400,2900,2400,1600,1000,720
mens jacket suede,4400,1900,3600,5400,6600,6600,6600,5400,4400,5400,4400,3600,2400
cable knit cardigan for men,4400,1600,2400,5400,8100,12100,12100,5400,2900,2400,1600,1000,720
jacket suede mens,4400,1900,3600,5400,6600,6600,6600,5400,4400,5400,4400,3600,2400
cable knit sweater male,4400,1600,2400,5400,8100,12100,12100,5400,2900,2400,1600,1000,720
cable stitch sweater mens,4400,1600,2400,5400,8100,12100,12100,5400,2900,2400,1600,1000,720
mens cable knit pullover,4400,1600,2400,5400,8100,12100,12100,5400,2900,2400,1600,1000,720
suede overcoat men,4400,1900,3600,5400,6600,6600,6600,5400,4400,5400,4400,3600,2400
chunky boots women,3600,1300,2400,5400,8100,8100,6600,4400,2900,1600,1000,880,880
chunky knit sweater,3600,1300,2900,5400,6600,6600,5400,5400,2400,1300,1000,590,480
faux leather jacket womens,3600,1300,2900,5400,6600,6600,5400,3600,3600,4400,3600,2400,1600
womens black knee high boots,3600,1000,1900,5400,8100,9900,8100,4400,2900,1600,1000,590,590
faux leather blazer womens,3600,1300,2900,5400,6600,6600,5400,3600,3600,4400,3600,2400,1600
ladies faux leather jacket,3600,1300,2900,5400,6600,6600,5400,3600,3600,4400,3600,2400,1600
black boots women knee high,3600,1000,1900,5400,8100,9900,8100,4400,2900,1600,1000,590,590
ladies black knee high boots,3600,1000,1900,5400,8100,9900,8100,4400,2900,1600,1000,590,590
black knee boots womens,3600,1000,1900,5400,8100,9900,8100,4400,2900,1600,1000,590,590
pleather jacket womens,3600,1300,2900,5400,6600,6600,5400,3600,3600,4400,3600,2400,1600
ladies chunky boots,3600,1300,2400,5400,8100,8100,6600,4400,2900,1600,1000,880,880
faux leather biker jacket womens,3600,1300,2900,5400,6600,6600,5400,3600,3600,4400,3600,2400,1600
faux leather coat womens,3600,1300,2900,5400,6600,6600,5400,3600,3600,4400,3600,2400,1600
womens black knee boots,3600,1000,1900,5400,8100,9900,8100,4400,2900,1600,1000,590,590
fake leather jacket womens,3600,1300,2900,5400,6600,6600,5400,3600,3600,4400,3600,2400,1600
womens black high boots,3600,1000,1900,5400,8100,9900,8100,4400,2900,1600,1000,590,590
black high boots women,3600,1000,1900,5400,8100,9900,8100,4400,2900,1600,1000,590,590
ladies black knee boots,3600,1000,1900,5400,8100,9900,8100,4400,2900,1600,1000,590,590
ladies black boots knee high,3600,1000,1900,5400,8100,9900,8100,4400,2900,1600,1000,590,590
faux biker jacket womens,3600,1300,2900,5400,6600,6600,5400,3600,3600,4400,3600,2400,1600
chunky boots ladies,3600,1300,2400,5400,8100,8100,6600,4400,2900,1600,1000,880,880
boots for women chunky,3600,1300,2400,5400,8100,8100,6600,4400,2900,1600,1000,880,880
boots women chunky,3600,1300,2400,5400,8100,8100,6600,4400,2900,1600,1000,880,880
chunky boots for ladies,3600,1300,2400,5400,8100,8100,6600,4400,2900,1600,1000,880,880
ladies boots chunky,3600,1300,2400,5400,8100,8100,6600,4400,2900,1600,1000,880,880
black wide leg pants,3600,2900,3600,5400,4400,4400,3600,4400,3600,3600,2900,2400,2400
long sleeve dresses for women,3600,2400,2900,5400,5400,5400,4400,4400,4400,4400,3600,2900,2400
high waisted wide leg pants,3600,2900,3600,5400,3600,3600,2900,3600,3600,3600,3600,2900,2400
heeled loafers,3600,2400,3600,5400,4400,3600,2900,3600,3600,4400,2900,2400,1900
high waisted wide leg trousers,3600,2900,3600,5400,3600,3600,2900,3600,3600,3600,3600,2900,2400
loafer shoes women,3600,2900,3600,5400,4400,3600,2900,2900,3600,4400,3600,3600,2400
black knitted jumper,3600,1600,3600,5400,6600,8100,6600,4400,3600,2400,1600,1300,880
ladies loafer shoes,3600,2900,3600,5400,4400,3600,2900,2900,3600,4400,3600,3600,2400
cream ladies jumper,3600,590,1600,5400,8100,9900,9900,5400,2900,2400,1600,1000,480
wedge shoe boots,3600,1600,2400,5400,5400,6600,5400,4400,2900,2400,1600,1300,880
pants wide leg high waist,3600,2900,3600,5400,3600,3600,2900,3600,3600,3600,3600,2900,2400
cream jumper women,3600,590,1600,5400,8100,9900,9900,5400,2900,2400,1600,1000,480
high waisted wide leg slacks,3600,2900,3600,5400,3600,3600,2900,3600,3600,3600,3600,2900,2400
knitted black sweater,3600,1600,3600,5400,6600,8100,6600,4400,3600,2400,1600,1300,880
female loafers shoes,3600,2900,3600,5400,4400,3600,2900,2900,3600,4400,3600,3600,2400
black wide leg trouser pants,3600,2900,3600,5400,4400,4400,3600,4400,3600,3600,2900,2400,2400
womens slip on loafer shoes,3600,2900,3600,5400,4400,3600,2900,2900,3600,4400,3600,3600,2400
checked jacket womens,3600,590,1900,5400,6600,4400,3600,2900,2900,5400,3600,1900,1300
work pants for men,3600,2900,3600,5400,4400,4400,2900,3600,3600,3600,2900,2900,2400
turtleneck sweater,3600,1600,2400,5400,6600,8100,6600,4400,2900,2400,1600,1300,880
mid rise jeans,3600,2900,4400,5400,4400,3600,3600,3600,3600,4400,4400,2900,1900
mens chino pants,3600,3600,3600,5400,3600,3600,3600,2900,2900,2900,3600,3600,3600
brown leather pants,3600,590,1300,5400,8100,9900,8100,4400,3600,2400,1000,720,390
pink coat,3600,1300,2400,5400,5400,6600,5400,6600,3600,3600,1900,1000,880
black sweatshirt,3600,2400,3600,5400,4400,5400,4400,4400,3600,2900,2400,1900,1300
girls jeans,3600,1900,2900,5400,5400,5400,6600,3600,3600,3600,2900,1900,1600
black straight leg jeans,3600,1900,2900,5400,5400,6600,5400,4400,3600,3600,2900,1900,1300
sports leggings,3600,3600,3600,5400,4400,4400,4400,4400,3600,3600,2900,2900,1900
mens coats and jackets,3600,1300,1900,5400,6600,8100,8100,4400,2900,2900,1900,1300,880
ladies jeans,3600,2400,2900,5400,5400,4400,4400,4400,4400,4400,3600,2900,1900
stretch jeans for women,3600,2400,3600,5400,5400,4400,4400,4400,4400,4400,3600,2900,1900
brown leather skirt,3600,720,1300,5400,8100,9900,8100,3600,2900,1600,880,590,390
mens black bomber jacket,3600,1900,2900,5400,5400,6600,5400,3600,3600,4400,2900,2400,1600
grey coat,3600,1300,2400,5400,6600,8100,6600,5400,3600,2400,1900,1300,1000
mens chino trousers,3600,3600,3600,5400,3600,3600,3600,2900,2900,2900,3600,3600,3600
mens softshell jacket,3600,1900,2400,5400,4400,4400,3600,2900,2900,3600,2900,2400,1600
black cropped jacket,3600,2900,3600,5400,5400,4400,3600,2900,3600,5400,4400,4400,2400
brown leather trousers,3600,590,1300,5400,8100,9900,8100,4400,3600,2400,1000,720,390
1970s fashion,3600,4400,3600,5400,4400,3600,2900,4400,3600,4400,3600,3600,3600
fashion street,3600,4400,5400,5400,4400,3600,2900,3600,3600,3600,3600,3600,2900
fleece gilet mens,3600,1300,2400,5400,6600,8100,8100,4400,2900,2900,2400,1900,1300
men's slim fit chinos,3600,4400,4400,5400,3600,3600,3600,2900,2400,3600,3600,3600,2900
mens slim chinos,3600,4400,4400,5400,3600,3600,3600,2900,2400,3600,3600,3600,2900
men's chino pants slim fit,3600,4400,4400,5400,3600,3600,3600,2900,2400,3600,3600,3600,2900
men's slim chino pants,3600,4400,4400,5400,3600,3600,3600,2900,2400,3600,3600,3600,2900
half zip sweatshirts,3600,1600,2900,5400,5400,5400,4400,3600,2900,2900,2400,1900,1000
mens chino dress pants,3600,3600,3600,5400,3600,3600,3600,2900,2900,2900,3600,3600,3600
mens chino slacks,3600,3600,3600,5400,3600,3600,3600,2900,2900,2900,3600,3600,3600
men's slim fit chino trousers,3600,4400,4400,5400,3600,3600,3600,2900,2400,3600,3600,3600,2900
tan knee high boots,2900,1300,2400,5400,5400,5400,3600,2400,1900,1600,880,720,480
chunky knee high boots,2900,1000,1900,5400,6600,8100,6600,3600,1900,1300,880,720,590
suede tote bag,2900,2400,4400,5400,3600,3600,3600,3600,2400,2400,1900,1900,1300
tan knee boots,2900,1300,2400,5400,5400,5400,3600,2400,1900,1600,880,720,480
chunky knee boots,2900,1000,1900,5400,6600,8100,6600,3600,1900,1300,880,720,590
tan high boots,2900,1300,2400,5400,5400,5400,3600,2400,1900,1600,880,720,480
oversize sweatshirts,2900,1600,2900,5400,4400,4400,3600,3600,2900,2900,2400,1900,1300
chunky high boots,2900,1000,1900,5400,6600,8100,6600,3600,1900,1300,880,720,590
chunky boots knee high,2900,1000,1900,5400,6600,8100,6600,3600,1900,1300,880,720,590
suede tote handbag,2900,2400,4400,5400,3600,3600,3600,3600,2400,2400,1900,1900,1300
chunky high knee boots,2900,1000,1900,5400,6600,8100,6600,3600,1900,1300,880,720,590
high knee chunky boots,2900,1000,1900,5400,6600,8100,6600,3600,1900,1300,880,720,590
knee boots chunky,2900,1000,1900,5400,6600,8100,6600,3600,1900,1300,880,720,590
suede tote purse,2900,2400,4400,5400,3600,3600,3600,3600,2400,2400,1900,1900,1300
high boots chunky,2900,1000,1900,5400,6600,8100,6600,3600,1900,1300,880,720,590
tote suede bag,2900,2400,4400,5400,3600,3600,3600,3600,2400,2400,1900,1900,1300
tote suede,2900,2400,4400,5400,3600,3600,3600,3600,2400,2400,1900,1900,1300
long black cardigan,2900,1600,2900,5400,5400,4400,3600,3600,2400,2900,2900,2400,1300
petite trench coat women,2900,880,2400,5400,4400,2900,2400,2400,2400,4400,2900,1600,1000
wide fit ankle boots,2900,880,1600,5400,5400,6600,4400,3600,1900,1300,880,590,390
short wellies womens,2900,1600,1600,5400,5400,6600,5400,4400,2900,1900,1000,1000,1300
long black cardigan sweater,2900,1600,2900,5400,5400,4400,3600,3600,2400,2900,2900,2400,1300
grey cardigan women,2900,1600,2900,5400,4400,3600,2900,2900,2400,2900,2400,1900,1600
brown cardigan womens,2900,880,1900,5400,5400,3600,2400,2400,1900,2400,2400,2400,1600
wool cardigans,2900,1000,2400,5400,5400,5400,4400,3600,1900,1900,1600,1300,880
sezane cardigan,2900,1900,2900,5400,4400,5400,4400,3600,2400,2400,1900,1600,1600
gray cardigan womens,2900,1600,2900,5400,4400,3600,2900,2900,2400,2900,2400,1900,1600
ladies grey cardigan,2900,1600,2900,5400,4400,3600,2900,2900,2400,2900,2400,1900,1600
brown knitted jumper,2900,720,2400,5400,5400,6600,5400,2400,1600,1000,720,590,320
tan color boots,2900,1600,2900,5400,5400,5400,4400,2900,2400,2400,1900,1600,1300
ladies petite trench coat,2900,880,2400,5400,4400,2900,2400,2400,2400,4400,2900,1600,1000
best winter coats for men,2900,1000,1900,5400,6600,8100,4400,4400,1600,880,480,480,320
mens waterproof winter coat,2900,720,1300,5400,5400,8100,4400,2900,1900,1000,590,590,320
best winter coats for guys,2900,1000,1900,5400,6600,8100,4400,4400,1600,880,480,480,320
cropped puffer jacket,2900,880,2400,5400,5400,6600,4400,3600,2900,1900,1000,590,390
cable knit sweater,2900,1600,3600,5400,5400,6600,5400,2900,1900,1900,1300,1000,880
ribbed leggings,2900,1900,2900,5400,4400,4400,3600,2900,1900,2400,1900,1600,1000
corduroy pants women,2900,720,1900,5400,6600,6600,5400,5400,2400,1600,1300,720,590
oversized sweatshirt,2900,1600,2900,5400,4400,4400,3600,3600,2900,2900,2400,1900,1300
boys puffer jacket,2900,1000,2400,5400,5400,8100,5400,3600,1900,1600,880,720,480
girls puffer jacket,2900,1000,2900,5400,5400,8100,4400,3600,1900,1600,1000,880,720
best winter jackets for men,2900,1000,1900,5400,6600,8100,4400,4400,1600,880,480,480,320
baby jacket,2900,1600,2400,5400,4400,3600,2400,2400,2400,3600,2900,2400,1600
wool jacket women,2900,720,1600,5400,6600,5400,4400,3600,2900,2400,1300,880,480
summer clothes sale,2900,2900,4400,5400,3600,2400,1900,2900,1300,1000,1300,1600,2900
black windbreaker,2900,2400,3600,5400,3600,2900,2400,2400,2900,3600,3600,2900,2400
hybrid jacket,2900,880,2400,5400,5400,6600,5400,3600,2400,2900,1900,1300,880
black fleeces,2900,1000,1900,5400,5400,5400,3600,4400,2900,2900,1900,1900,1000
suede boots women,2400,880,1900,5400,5400,4400,3600,2400,1600,1300,880,720,590
navy trench coat,2400,880,2400,5400,4400,3600,2400,2400,2900,3600,2400,1300,880
ladies wide fit ankle boots,2400,1000,1900,5400,5400,5400,4400,2900,1900,1000,880,480,320
wide fit ankle boots womens,2400,1000,1900,5400,5400,5400,4400,2900,1900,1000,880,480,320
ladies wedge boots,2400,880,1600,5400,6600,5400,4400,2900,1900,1300,720,590,390
burgundy cardigan womens,2400,480,1900,5400,5400,4400,4400,1900,1300,1000,720,590,320
h and m trench coat,2400,880,2400,5400,4400,2900,1900,1600,1600,2400,1900,1000,720
ladies brown suede boots,2400,590,1600,5400,6600,4400,3600,2400,1300,1000,590,390,260
rain coat men,2400,2400,1900,5400,2900,2900,1900,1600,1900,1000,880,1300,1900
long winter coat,2400,880,1900,5400,5400,6600,2900,2900,1000,720,480,390,320
baby winter clothes,2400,2900,3600,5400,4400,3600,1600,1300,720,880,1300,1900,1900
black winter coat,2400,1000,2400,5400,4400,5400,2400,2400,1000,590,480,320,320
fashion week,2400,2400,2400,5400,3600,1300,1300,3600,3600,2400,1300,1600,1600
waterproof jacket with fleece lining,2400,720,1300,5400,4400,5400,2900,3600,2400,1300,880,880,720
fleece lined waterproof coat,2400,720,1300,5400,4400,5400,2900,3600,2400,1300,880,880,720
burgundy wide leg trousers,1600,390,1600,5400,4400,2900,2400,1300,880,720,480,390,320
stylish raincoats for women,1600,1600,1900,5400,1900,1300,720,880,1300,1000,720,1000,1600
leather vests,1000,880,720,5400,1000,720,590,720,720,720,720,880,720
sequin shorts,14800,6600,5400,4400,8100,33100,74000,5400,3600,4400,3600,6600,12100
summer maxi dress,9900,14800,8100,4400,2400,2400,2400,5400,6600,9900,14800,22200,18100
summer shirts for men,9900,18100,9900,4400,2900,2900,2400,4400,5400,8100,12100,18100,18100
linen pants,8100,12100,8100,4400,2900,2900,2400,3600,4400,8100,9900,14800,14800
sun dresses,8100,14800,8100,4400,2900,2400,2400,4400,5400,6600,8100,14800,12100
camo shorts,8100,12100,9900,4400,4400,1900,1900,2900,3600,8100,12100,22200,22200
womens cargo shorts,8100,14800,9900,4400,3600,1900,1900,2900,3600,5400,9900,18100,18100
christmas outfits women,8100,480,1300,4400,12100,40500,49500,320,260,260,260,170,210
christmas outfits for ladies,8100,480,1300,4400,12100,40500,49500,320,260,260,260,170,210
christmas outfits female,8100,480,1300,4400,12100,40500,49500,320,260,260,260,170,210
mens linen pants,6600,12100,8100,4400,2900,2400,2400,3600,4400,5400,8100,12100,12100
jean shorts,6600,14800,8100,4400,3600,2900,2400,3600,3600,6600,8100,14800,12100
mens linen shorts,6600,14800,8100,4400,1900,1900,1600,2900,3600,4400,6600,14800,18100
ladies shorts,6600,14800,9900,4400,2400,1900,1900,4400,4400,5400,6600,14800,14800
hunza g swimsuit,6600,6600,5400,4400,2900,3600,5400,8100,5400,5400,6600,9900,12100
cropped trousers,6600,12100,8100,4400,2900,2400,1900,3600,4400,6600,9900,14800,12100
yellow dresses for women,6600,12100,8100,4400,3600,1900,1900,3600,5400,8100,9900,12100,12100
black shorts women,6600,9900,8100,4400,5400,4400,5400,2900,2900,3600,4400,8100,12100
ever pretty dresses,6600,3600,4400,4400,4400,4400,2900,14800,12100,9900,9900,8100,8100
pastel dresses,6600,9900,6600,4400,3600,2400,1900,5400,6600,12100,12100,9900,9900
yellow cardigan,5400,4400,5400,4400,5400,2900,2400,3600,5400,12100,12100,6600,3600
palazzo trousers,5400,6600,5400,4400,3600,2900,5400,3600,4400,5400,8100,9900,8100
yellow cardigan sweater,5400,4400,5400,4400,5400,2900,2400,3600,5400,12100,12100,6600,3600
red ladies jumper,5400,1000,1900,4400,8100,12100,18100,5400,5400,3600,1600,1000,720
palazzo trouser pants,5400,6600,5400,4400,3600,2900,5400,3600,4400,5400,8100,9900,8100
cotton underwear,5400,4400,4400,4400,4400,5400,5400,6600,5400,6600,6600,5400,5400
white linen shirt,5400,12100,8100,4400,2400,1900,1600,2400,2900,4400,5400,12100,12100
cotton underwear for women,5400,5400,4400,4400,4400,5400,5400,6600,5400,6600,6600,5400,5400
mens jeans sale,5400,2900,3600,4400,5400,8100,12100,6600,4400,4400,3600,2900,2400
mens shorts sale,5400,9900,8100,4400,2900,2400,2400,2900,2900,3600,4400,8100,8100
empire waist dress,5400,6600,6600,4400,3600,4400,3600,5400,5400,6600,6600,8100,6600
green maxi dress,5400,6600,5400,4400,3600,4400,2900,4400,4400,6600,8100,8100,8100
petite midi dress,5400,9900,6600,4400,3600,3600,2400,3600,4400,5400,8100,9900,9900
party tops for women,5400,1900,2400,4400,8100,18100,14800,3600,3600,2900,2900,2400,1900
sport shorts,5400,9900,6600,4400,3600,3600,2900,2900,3600,4400,5400,8100,9900
velvet dress women,5400,1000,1600,4400,9900,18100,18100,4400,2400,1300,880,720,480
abaya dress,5400,5400,4400,4400,4400,5400,4400,5400,6600,8100,4400,4400,4400
mens black shorts,5400,9900,8100,4400,2900,2900,2400,2400,2400,4400,5400,8100,9900
ski suits,5400,1900,2900,4400,6600,9900,12100,14800,8100,4400,1600,1300,1000
m65 field jacket,5400,2400,2900,4400,4400,4400,12100,6600,5400,5400,4400,4400,2400
cute outfits,5400,4400,4400,4400,4400,4400,5400,5400,5400,5400,5400,5400,5400
phase 8 dresses,5400,8100,6600,4400,4400,3600,2900,5400,5400,6600,6600,8100,8100
black fur jacket,5400,880,1600,4400,8100,14800,14800,8100,5400,2900,1600,880,480
white vest top,5400,8100,6600,4400,3600,2400,2400,2900,2900,4400,5400,8100,8100
y2k outfits,5400,4400,4400,4400,5400,5400,5400,6600,6600,8100,8100,6600,6600
sequin dress for women,5400,3600,3600,4400,6600,12100,12100,3600,2900,2900,3600,3600,3600
mens designer polo shirts,5400,5400,5400,4400,3600,5400,6600,2900,3600,5400,5400,6600,6600
mens designer sale,5400,4400,4400,4400,5400,8100,9900,5400,4400,4400,3600,4400,4400
nice tops,5400,3600,3600,4400,4400,5400,6600,5400,5400,6600,5400,4400,3600
castore clothing,5400,4400,4400,4400,4400,8100,8100,4400,4400,4400,4400,6600,5400
midi dress with sleeves,4400,6600,4400,4400,3600,2900,2400,2900,2900,4400,4400,5400,5400
wide legged pants men,4400,3600,3600,4400,4400,5400,4400,4400,3600,4400,3600,3600,3600
sleeve dress midi,4400,6600,4400,4400,3600,2900,2400,2900,2900,4400,4400,5400,5400
wide legged trousers men,4400,3600,3600,4400,4400,5400,4400,4400,3600,4400,3600,3600,3600
mens black chelsea boots,4400,2400,2900,4400,5400,8100,8100,5400,4400,3600,2900,2400,1900
black trench coat mens,4400,1900,2400,4400,6600,8100,6600,5400,4400,3600,2900,1900,1600
mens smart coat,4400,880,1300,4400,6600,12100,9900,5400,3600,2400,1300,880,480
warm coats for men,4400,880,1600,4400,8100,12100,8100,8100,2900,1600,880,720,320
mens smart overcoat,4400,880,1300,4400,6600,12100,9900,5400,3600,2400,1300,880,480
chelsea mens boots black,4400,2400,2900,4400,5400,8100,8100,5400,4400,3600,2900,2400,1900
mens black boots chelsea,4400,2400,2900,4400,5400,8100,8100,5400,4400,3600,2900,2400,1900
mens leather dress coat,4400,1900,2400,4400,6600,6600,6600,5400,4400,4400,3600,2900,1900
black trench coat male,4400,1900,2400,4400,6600,8100,6600,5400,4400,3600,2900,1900,1600
chelsea boots black for men,4400,2400,2900,4400,5400,8100,8100,5400,4400,3600,2900,2400,1900
maternity pants,4400,5400,5400,4400,4400,4400,4400,5400,4400,4400,4400,4400,3600
bell bottom jeans,4400,3600,4400,4400,5400,4400,4400,4400,3600,4400,3600,3600,2900
compression shorts,4400,4400,4400,4400,4400,4400,3600,3600,3600,4400,4400,5400,4400
maternity jumpsuit,4400,5400,5400,4400,4400,4400,4400,4400,4400,5400,4400,4400,2900
yoga pants for women,4400,3600,4400,4400,4400,4400,3600,4400,3600,4400,3600,3600,2900
maternity dresses for baby shower,4400,4400,4400,4400,4400,3600,2400,6600,5400,5400,5400,4400,4400
oversized denim jacket,4400,4400,4400,4400,2400,1900,1600,2400,2900,6600,8100,6600,3600
casual dresses for women,4400,5400,4400,4400,4400,4400,4400,3600,4400,4400,4400,5400,4400
gold sequin dress,4400,3600,3600,4400,6600,8100,6600,3600,2900,2900,2900,2900,3600
plus size party dresses,4400,3600,3600,4400,6600,12100,8100,4400,3600,3600,2900,2900,2400
cropped denim jacket,4400,6600,6600,4400,2900,1900,1900,1900,2900,6600,9900,9900,5400
vintage dresses,4400,5400,5400,4400,3600,3600,2900,4400,4400,4400,4400,4400,4400
sparkle dress,4400,2900,2900,4400,5400,12100,12100,3600,2900,2900,2900,2900,2900
oversized t shirt men,4400,6600,6600,4400,2900,2900,2900,2400,2400,3600,4400,5400,5400
rave outfits women,4400,5400,4400,4400,4400,3600,2900,4400,4400,4400,4400,4400,4400
midi skirts for women,4400,5400,3600,4400,4400,4400,3600,3600,3600,4400,5400,6600,6600
white jacket,4400,3600,3600,4400,4400,4400,3600,3600,3600,6600,6600,6600,3600
tunic dress,4400,5400,4400,4400,4400,4400,3600,3600,2900,3600,3600,4400,4400
mens bootcut jeans,4400,2900,3600,4400,5400,5400,6600,5400,4400,5400,4400,4400,3600
underwire swimsuits,4400,8100,5400,4400,2400,1900,1900,4400,4400,5400,6600,6600,5400
casablanca shirt,4400,9900,8100,4400,2900,2400,2400,2900,2400,2900,3600,4400,5400
thermal leggings women,4400,880,1300,4400,8100,14800,8100,12100,2900,1600,720,720,390
y2k clothing,4400,4400,4400,4400,4400,5400,5400,4400,4400,4400,4400,5400,4400
princess dresses for girls,4400,3600,3600,4400,5400,6600,5400,3600,4400,4400,2900,2900,3600
light blue jeans,4400,2900,3600,4400,4400,5400,5400,4400,3600,5400,4400,4400,2900
cropped jean jacket,4400,6600,6600,4400,2900,1900,1900,1900,2900,6600,9900,9900,5400
rab microlight alpine jacket,4400,1300,2400,4400,6600,8100,6600,8100,5400,4400,2900,2400,2400
cut out swimsuit,4400,8100,6600,4400,2400,1600,1600,4400,4400,4400,5400,6600,5400
women polo shirts,4400,5400,5400,4400,2900,2400,2400,2400,2900,4400,5400,5400,4400
white short sleeve shirt,4400,8100,6600,4400,3600,1900,1600,1900,1900,2900,3600,5400,6600
track jacket,4400,2900,3600,4400,4400,4400,3600,3600,3600,5400,5400,5400,3600
mens high waisted pants,4400,4400,4400,4400,4400,4400,4400,5400,4400,5400,4400,4400,4400
boss sweatshirt,4400,1600,2400,4400,5400,9900,12100,4400,3600,3600,1900,1600,1000
bike shorts men,4400,8100,6600,4400,3600,3600,3600,2900,3600,4400,5400,6600,6600
white jacket womens,4400,4400,4400,4400,4400,4400,4400,3600,3600,6600,6600,6600,4400
coat sale,4400,1900,2900,4400,5400,8100,12100,9900,4400,2900,1900,1300,1000
party wear dresses for women,4400,4400,3600,4400,6600,9900,8100,3600,3600,3600,3600,3600,3600
warm jackets for men,4400,880,1600,4400,8100,12100,8100,8100,2900,1600,880,720,320
red wedding guest dress,4400,8100,6600,4400,3600,2400,1600,3600,3600,4400,5400,6600,5400
long sleeve black top,4400,1900,2900,4400,6600,6600,6600,4400,4400,4400,2900,2900,1900
knee length skirts,4400,4400,3600,4400,4400,4400,3600,3600,3600,4400,4400,5400,5400
80s outfits women,4400,4400,4400,4400,4400,4400,2900,5400,4400,4400,3600,3600,3600
mens duffle coat,4400,1300,1900,4400,8100,12100,9900,5400,2900,1600,1000,880,720
wide leg pants men,4400,3600,3600,4400,4400,5400,4400,4400,3600,4400,3600,3600,3600
black halter neck dress,4400,6600,5400,4400,4400,5400,3600,3600,3600,3600,4400,5400,5400
ootd,4400,5400,4400,4400,3600,3600,3600,4400,3600,3600,4400,4400,4400
mantaray clothing,4400,6600,5400,4400,4400,4400,3600,3600,3600,4400,4400,6600,6600
mens ski wear,4400,1300,1900,4400,5400,8100,9900,12100,8100,3600,1300,880,880
marni clothing,4400,5400,4400,4400,4400,5400,6600,5400,4400,4400,4400,4400,3600
ladies t shirt,4400,6600,5400,4400,2900,2400,2400,2400,2900,5400,6600,8100,6600
checked shirts for men,4400,3600,3600,4400,5400,5400,5400,2900,2900,3600,3600,3600,3600
louis vuitton windbreaker,4400,4400,4400,4400,4400,5400,5400,4400,4400,5400,4400,3600,2900
knitted polo men,4400,5400,4400,4400,3600,4400,4400,2900,2400,3600,4400,5400,6600
knitted polo shirt mens,4400,5400,4400,4400,3600,4400,4400,2900,2400,3600,4400,5400,6600
checkered shirt mens,4400,3600,3600,4400,5400,5400,5400,2900,2900,3600,3600,3600,3600
knit polo for men,4400,5400,4400,4400,3600,4400,4400,2900,2400,3600,4400,5400,6600
knit polo men's,4400,5400,4400,4400,3600,4400,4400,2900,2400,3600,4400,5400,6600
knit polos for men,4400,5400,4400,4400,3600,4400,4400,2900,2400,3600,4400,5400,6600
mens polo knit,4400,5400,4400,4400,3600,4400,4400,2900,2400,3600,4400,5400,6600
knitted polo shirts for men,4400,5400,4400,4400,3600,4400,4400,2900,2400,3600,4400,5400,6600
white knee high boots,3600,2900,2900,4400,9900,3600,3600,2400,2400,2900,2400,2400,1900
leather motorcycle jacket,3600,3600,3600,4400,3600,2900,2900,2900,2900,4400,4400,3600,2900
leather moto jacket,3600,3600,3600,4400,3600,2900,2900,2900,2900,4400,4400,3600,2900
black knee high boots with heel,3600,1300,1900,4400,6600,8100,6600,3600,2900,1900,1000,880,590
white knee boots,3600,2900,2900,4400,9900,3600,3600,2400,2400,2900,2400,2400,1900
high boots heels,3600,2400,2900,4400,6600,6600,5400,4400,3600,2900,2400,1900,1600
black heeled knee boots,3600,1300,1900,4400,6600,8100,6600,3600,2900,1900,1000,880,590
black high heel boots knee high,3600,1300,1900,4400,6600,8100,6600,3600,2900,1900,1000,880,590
high boots white,3600,2900,2900,4400,9900,3600,3600,2400,2400,2900,2400,2400,1900
knee boots white,3600,2900,2900,4400,9900,3600,3600,2400,2400,2900,2400,2400,1900
denim shirt dress,3600,5400,4400,4400,2900,1900,1600,2400,2900,3600,4400,4400,2900
straight leg pants women,3600,2400,3600,4400,4400,3600,2900,3600,3600,3600,4400,3600,2900
red cardigan womens,3600,1900,2400,4400,4400,6600,8100,2900,3600,3600,2900,2900,1600
straight leg trousers women,3600,2400,3600,4400,4400,3600,2900,3600,3600,3600,4400,3600,2900
fairisle cardigan,3600,720,1600,4400,6600,12100,9900,3600,1600,1000,720,590,390
blue cardigan sweater,3600,2400,3600,4400,3600,3600,2900,3600,3600,5400,5400,4400,2400
ladies straight leg trousers,3600,2400,3600,4400,4400,3600,2900,3600,3600,3600,4400,3600,2900
blue cardigans,3600,2400,3600,4400,3600,3600,2900,3600,3600,5400,5400,4400,2400
denim t shirt dress,3600,5400,4400,4400,2900,1900,1600,2400,2900,3600,4400,4400,2900
straight leg pants for ladies,3600,2400,3600,4400,4400,3600,2900,3600,3600,3600,4400,3600,2900
mens leather bomber,3600,1600,2400,4400,5400,6600,5400,4400,3600,2900,2400,1900,1300
leather jacket biker,3600,3600,3600,4400,3600,2900,2900,2900,2900,4400,4400,3600,2900
leather aviator jacket mens,3600,1600,2400,4400,5400,6600,5400,4400,3600,2900,2400,1900,1300
northface puffer jacket men,3600,1300,1900,4400,5400,9900,6600,4400,2400,1600,880,720,480
bike leather jackets,3600,3600,3600,4400,3600,2900,2900,2900,2900,4400,4400,3600,2900
bomber men leather jacket,3600,1600,2400,4400,5400,6600,5400,4400,3600,2900,2400,1900,1300
montbell jackets,3600,1000,1900,4400,6600,8100,5400,5400,3600,2400,1900,1600,1900
paige jeans,3600,2900,3600,4400,3600,4400,3600,3600,2900,3600,3600,2900,1900
toddler clothes,3600,2900,3600,4400,3600,3600,4400,2900,2900,5400,3600,2400,1900
velour tracksuit,3600,1900,2900,4400,5400,5400,6600,5400,3600,3600,2900,2900,1900
shearling coat,3600,880,1900,4400,6600,8100,6600,6600,2400,1600,880,720,590
plus size,3600,4400,4400,4400,3600,3600,3600,3600,2900,4400,3600,3600,3600
big mens clothing,3600,4400,3600,4400,4400,4400,4400,2900,2400,2900,2900,3600,2900
mercier tracksuit,3600,2900,3600,4400,5400,6600,6600,3600,2900,3600,2400,1900,1300
street wear,3600,4400,4400,4400,4400,4400,4400,3600,2900,3600,3600,3600,2900
plain t shirts,3600,4400,3600,4400,3600,3600,2900,2900,2900,3600,3600,3600,3600
dark green dress,3600,4400,3600,4400,5400,5400,3600,3600,2900,3600,3600,3600,2900
running leggings,3600,1900,2400,4400,4400,5400,5400,6600,3600,3600,2900,2400,1300
womens blazer jacket,3600,1900,2900,4400,4400,4400,3600,3600,3600,5400,4400,3600,1900
tapered jeans,3600,2400,2900,4400,4400,4400,4400,3600,3600,4400,3600,2900,1900
plus size gym wear,3600,4400,5400,4400,3600,2900,2900,5400,3600,4400,3600,3600,2900
sergio tacchini tracksuit,3600,2900,3600,4400,4400,4400,5400,4400,3600,3600,3600,2900,2400
utility jacket,3600,2400,2900,4400,3600,2900,2400,2900,2900,4400,4400,3600,2400
black flare leggings,3600,2400,3600,4400,4400,5400,4400,4400,3600,4400,2900,2900,2400
utility jacket women,3600,2400,3600,4400,2900,1900,1600,1900,3600,8100,8100,5400,2400
cream coat,3600,880,1900,4400,6600,8100,6600,5400,2900,2400,1600,720,480
teddy coat womens,3600,480,1000,4400,6600,9900,8100,6600,1900,1300,590,320,170
neutral baby clothes,3600,3600,3600,4400,3600,2900,2900,4400,3600,3600,3600,3600,3600
pleather pants,3600,720,1300,4400,6600,9900,8100,3600,2900,1900,1300,720,480
wedding dress styles,3600,4400,4400,4400,3600,2400,2400,4400,3600,2900,2900,3600,2900
mens polo shirts sale,3600,6600,5400,4400,2900,3600,4400,2400,2400,2900,3600,4400,4400
black skater dress,3600,4400,3600,4400,5400,5400,4400,3600,2900,2900,2900,2900,2400
maternity occasion dresses,3600,5400,5400,4400,3600,2900,1600,3600,3600,4400,4400,4400,3600
engagement dress,3600,4400,4400,4400,4400,3600,2900,4400,3600,3600,3600,3600,3600
short black dress,3600,3600,2900,4400,5400,5400,4400,3600,3600,3600,2400,2900,2900
mens suit jacket,3600,3600,3600,4400,4400,4400,3600,2900,2900,3600,3600,3600,2900
baby outfits,3600,3600,3600,4400,4400,4400,4400,3600,3600,3600,3600,3600,2900
dinner dress,3600,3600,3600,4400,4400,4400,3600,4400,4400,4400,3600,3600,3600
moleskin trousers,3600,1600,2400,4400,5400,6600,6600,5400,2900,2400,2400,1600,4400
camo jacket,3600,2400,2900,4400,4400,5400,5400,5400,4400,4400,3600,2900,2400
mens blue jeans,3600,2400,2900,4400,4400,5400,5400,3600,3600,4400,3600,2900,2400
large mens clothing,3600,4400,3600,4400,4400,4400,4400,2900,2400,2900,2900,3600,2900
evening tops for women,3600,1900,2400,4400,5400,5400,3600,2900,3600,3600,2900,2400,1900
girls pants,3600,4400,4400,4400,3600,4400,4400,4400,2900,3600,3600,3600,2900
brown satin dress,3600,2900,3600,4400,4400,4400,2900,2900,2400,2900,2900,2900,2900
camouflage jacket,3600,2400,2900,4400,4400,5400,5400,5400,4400,4400,3600,2900,2400
plus size gym clothes,3600,4400,5400,4400,3600,2900,2900,5400,3600,4400,3600,3600,2900
beige jacket,3600,1600,2400,4400,4400,3600,2900,2900,2900,6600,6600,4400,2400
shell jacket,3600,1900,2400,4400,4400,4400,3600,4400,3600,3600,2900,2900,1900
petite evening dresses,3600,2900,2900,4400,4400,4400,1900,2900,2900,2900,2900,2900,2900
vintage store,3600,4400,4400,4400,3600,2900,2900,2900,2900,3600,2900,2900,2900
trouser suits,3600,2900,2900,4400,3600,2900,1600,3600,3600,4400,4400,3600,2900
smart trousers,3600,3600,3600,4400,3600,4400,3600,3600,2900,3600,3600,2900,2900
designer tracksuits,3600,2900,2900,4400,5400,5400,5400,3600,3600,4400,2900,2900,1600
beige trousers women,3600,3600,4400,4400,3600,2900,2400,2900,2900,3600,4400,4400,3600
beige pants women,3600,3600,4400,4400,3600,2900,2400,2900,2900,3600,4400,4400,3600
black chino pants,3600,3600,3600,4400,3600,3600,3600,2900,2900,2900,2900,2900,2900
evening maxi dresses,3600,3600,3600,4400,4400,5400,2900,3600,2900,3600,3600,3600,2900
mens office wear,3600,3600,3600,4400,3600,3600,2900,3600,3600,3600,2900,2900,2400
smart dresses,3600,4400,3600,4400,3600,3600,2400,2900,3600,4400,3600,3600,4400
pakistani wedding dresses,3600,4400,4400,4400,3600,3600,3600,4400,2900,2900,4400,2900,3600
kpop outfits,3600,1600,2400,4400,6600,3600,2900,3600,3600,3600,2900,2900,1900
asim jofa pk,3600,4400,4400,4400,4400,4400,4400,4400,3600,2900,2900,2900,2400
office dress for men,3600,3600,3600,4400,3600,3600,2900,3600,3600,3600,2900,2900,2400
black chinos,3600,3600,3600,4400,3600,3600,3600,2900,2900,2900,2900,2900,2900
black chinos men,3600,3600,3600,4400,4400,5400,4400,3600,3600,3600,2900,2900,2900
mens 1 4 zip sweater,3600,1000,1900,4400,5400,8100,8100,3600,2900,2400,1600,1300,880
mens 1 4 zip jumper,3600,1000,1900,4400,5400,8100,8100,3600,2900,2400,1600,1300,880
mens black chino pants,3600,3600,3600,4400,4400,5400,4400,3600,3600,3600,2900,2900,2900
northface fleece jacket,3600,1000,1600,4400,5400,8100,6600,4400,2400,2400,1600,1000,720
mens hooded fleece,3600,880,1600,4400,6600,9900,8100,4400,2400,1900,1300,1000,590
mens flannelette shirts,3600,2400,2900,4400,5400,6600,6600,2900,2400,2900,2900,2400,1900
black chino trousers,3600,3600,3600,4400,3600,3600,3600,2900,2900,2900,2900,2900,2900
mens dress flannel shirts,3600,2400,2900,4400,5400,6600,6600,2900,2400,2900,2900,2400,1900
mens black chino trousers,3600,3600,3600,4400,4400,5400,4400,3600,3600,3600,2900,2900,2900
mens 1 4 zip pullover sweater,3600,1000,1900,4400,5400,8100,8100,3600,2900,2400,1600,1300,880
quarter zip fleeces,3600,1000,1900,4400,5400,6600,6600,4400,2900,2400,1600,1300,880
black mens chinos trousers,3600,3600,3600,4400,4400,5400,4400,3600,3600,3600,2900,2900,2900
chino pants for men black,3600,3600,3600,4400,4400,5400,4400,3600,3600,3600,2900,2900,2900
1 4 zip mens pullovers,3600,1000,1900,4400,5400,8100,8100,3600,2900,2400,1600,1300,880
mens flannel tops,3600,2400,2900,4400,5400,6600,6600,2900,2400,2900,2900,2400,1900
chunky chelsea boots,2900,720,1600,4400,5400,6600,5400,3600,1900,1300,720,480,390
black chunky boots,2900,1600,1900,4400,5400,6600,4400,2900,1900,1600,1000,1000,880
ladies leather jacket,2900,1300,1900,4400,4400,4400,3600,2400,2400,2900,2400,1900,1000
leather coat,2900,1900,2900,4400,5400,5400,4400,3600,2900,2900,1900,1600,1000
high boots,2900,1600,1900,4400,5400,5400,4400,2900,1900,1600,1600,1300,1000
knit midi dress,2900,1300,1900,4400,5400,6600,5400,3600,1900,1300,1000,880,720
long black boots,2900,1000,1900,4400,6600,8100,6600,3600,2400,1300,880,720,590
knit maxi dress,2900,1900,1900,4400,5400,5400,5400,3600,1900,1600,1600,1600,1300
leopard jeans,2900,1300,2400,4400,4400,3600,2900,2900,2900,3600,2400,1300,880
over the thigh boots,2900,1000,1600,4400,5400,6600,5400,2900,1900,1300,880,590,590
leather jacket coat,2900,1900,2900,4400,5400,5400,4400,3600,2900,2900,1900,1600,1000
coat leather jacket,2900,1900,2900,4400,5400,5400,4400,3600,2900,2900,1900,1600,1000
knitwear midi dress,2900,1300,1900,4400,5400,6600,5400,3600,1900,1300,1000,880,720
chunky boots chelsea,2900,720,1600,4400,5400,6600,5400,3600,1900,1300,720,480,390
knitwear maxi dress,2900,1900,1900,4400,5400,5400,5400,3600,1900,1600,1600,1600,1300
boots chunky chelsea,2900,720,1600,4400,5400,6600,5400,3600,1900,1300,720,480,390
boots chelsea chunky,2900,720,1600,4400,5400,6600,5400,3600,1900,1300,720,480,390
boots chunky black,2900,1600,1900,4400,5400,6600,4400,2900,1900,1600,1000,1000,880
jeans with leopard,2900,1300,2400,4400,4400,3600,2900,2900,2900,3600,2400,1300,880
beige cardigan,2900,1900,2900,4400,3600,2400,2400,2400,1900,2900,2900,2900,1900
ladies loafers,2900,1900,2900,4400,3600,1900,1900,2400,2400,3600,2900,2400,1600
evening gowns with sleeves,2900,2400,2900,4400,4400,3600,1900,2900,2900,2900,2400,2400,1900
evening dresses with sleeves,2900,2400,2900,4400,4400,3600,1900,2900,2900,2900,2400,2400,1900
striped cardigan,2900,1300,2400,4400,3600,2900,2900,2900,2900,3600,2900,1900,1300
brown long sleeve dress,2900,880,1600,4400,6600,6600,4400,3600,2900,2400,1600,1300,880
mens oxford dress shirts,2900,2900,2900,4400,2900,2900,2900,2400,2400,2900,2900,2900,2900
knit jumper womens,2900,880,1900,4400,5400,6600,6600,2900,1600,1300,1000,720,480
womens longline cardigan,2900,1300,2400,4400,3600,3600,3600,2900,2400,2900,2900,2400,1600
formal gown with sleeves,2900,2400,2900,4400,4400,3600,1900,2900,2900,2900,2400,2400,1900
striped cardigan sweater,2900,1300,2400,4400,3600,2900,2900,2900,2900,3600,2900,1900,1300
beige boot,2900,1900,2900,4400,5400,5400,4400,2900,2400,2900,2400,2400,1900
ladies longline cardigan,2900,1300,2400,4400,3600,3600,3600,2900,2400,2900,2900,2400,1600
black boots ladies,2900,1000,1600,4400,5400,6600,5400,3600,2400,1600,1000,880,590
long brown dress with sleeves,2900,880,1600,4400,6600,6600,4400,3600,2900,2400,1600,1300,880
long sleeve dress brown,2900,880,1600,4400,6600,6600,4400,3600,2900,2400,1600,1300,880
coach slip on loafers,2900,1900,2900,4400,3600,4400,3600,3600,3600,3600,2900,1900,1600
long jacket puffer,2900,590,1600,4400,5400,8100,4400,5400,1900,1000,590,390,260
coat double breasted,2900,1300,1900,4400,5400,6600,5400,4400,2400,1900,1300,880,590
m & s corduroy trousers,2900,590,1300,4400,6600,6600,4400,3600,1900,1600,880,590,390
sweater dress,2900,1000,1900,4400,5400,6600,5400,3600,2400,1600,1300,1000,880
sweaters for women,2900,1300,2400,4400,4400,5400,5400,4400,2400,2400,1900,1300,1000
best jeans for women,2900,1900,2900,4400,4400,3600,3600,3600,3600,3600,2900,1900,1300
fair isle sweater,2900,1000,2400,4400,4400,8100,6600,2900,1300,1000,880,720,720
long puffer jacket,2900,590,1600,4400,5400,8100,4400,5400,1900,1000,590,390,260
black skinny jeans,2900,1900,2400,4400,4400,4400,4400,3600,2900,2900,2400,1900,1300
long sleeve dresses,2900,2400,2400,4400,3600,4400,2900,2900,2900,2900,2900,2400,1900
jogger pants,2900,1900,2400,4400,4400,3600,2900,2900,2400,2400,2400,1900,1600
teddy bear coat,2900,590,1300,4400,5400,8100,5400,4400,1900,1300,590,480,260